[2025-11-19T03:57:34.843+0000] {manager.py:469} INFO - Processing files using up to 2 processes at a time 
[2025-11-19T03:57:34.845+0000] {manager.py:470} INFO - Process each file at most once every 30 seconds
[2025-11-19T03:57:34.846+0000] {manager.py:471} INFO - Checking for new files in /opt/airflow/dags every 300 seconds
[2025-11-19T03:57:34.847+0000] {manager.py:738} INFO - Searching for files in /opt/airflow/dags
[2025-11-19T03:57:34.879+0000] {manager.py:741} INFO - There are 1 files in /opt/airflow/dags
[2025-11-19T03:57:35.031+0000] {manager.py:879} INFO - 
================================================================================
DAG File Processing Stats

File Path                            PID  Runtime      # DAGs    # Errors  Last Runtime    Last Run
---------------------------------  -----  ---------  --------  ----------  --------------  ----------
/opt/airflow/dags/pipeline_dag.py     36  0.07s             0           0
================================================================================
[2025-11-19T03:58:05.236+0000] {manager.py:879} INFO - 
================================================================================
DAG File Processing Stats

File Path                          PID    Runtime      # DAGs    # Errors  Last Runtime    Last Run
---------------------------------  -----  ---------  --------  ----------  --------------  -------------------
/opt/airflow/dags/pipeline_dag.py                           1           0  0.62s           2025-11-19T03:57:35
================================================================================
[2025-11-19T03:58:35.269+0000] {manager.py:879} INFO - 
================================================================================
DAG File Processing Stats

File Path                          PID    Runtime      # DAGs    # Errors  Last Runtime    Last Run
---------------------------------  -----  ---------  --------  ----------  --------------  -------------------
/opt/airflow/dags/pipeline_dag.py                           1           0  0.24s           2025-11-19T03:58:06
================================================================================
[2025-11-19T03:59:05.526+0000] {manager.py:879} INFO - 
================================================================================
DAG File Processing Stats

File Path                          PID    Runtime      # DAGs    # Errors  Last Runtime    Last Run
---------------------------------  -----  ---------  --------  ----------  --------------  -------------------
/opt/airflow/dags/pipeline_dag.py                           1           0  0.26s           2025-11-19T03:58:36
================================================================================
[2025-11-19T03:59:35.825+0000] {manager.py:879} INFO - 
================================================================================
DAG File Processing Stats

File Path                          PID    Runtime      # DAGs    # Errors  Last Runtime    Last Run
---------------------------------  -----  ---------  --------  ----------  --------------  -------------------
/opt/airflow/dags/pipeline_dag.py                           1           0  0.25s           2025-11-19T03:59:06
================================================================================
[2025-11-19T04:00:06.269+0000] {manager.py:879} INFO - 
================================================================================
DAG File Processing Stats

File Path                          PID    Runtime      # DAGs    # Errors  Last Runtime    Last Run
---------------------------------  -----  ---------  --------  ----------  --------------  -------------------
/opt/airflow/dags/pipeline_dag.py                           1           0  0.26s           2025-11-19T03:59:37
================================================================================
[2025-11-19T04:00:36.557+0000] {manager.py:879} INFO - 
================================================================================
DAG File Processing Stats

File Path                          PID    Runtime      # DAGs    # Errors  Last Runtime    Last Run
---------------------------------  -----  ---------  --------  ----------  --------------  -------------------
/opt/airflow/dags/pipeline_dag.py                           1           0  0.23s           2025-11-19T04:00:07
================================================================================
[2025-11-19T04:01:06.992+0000] {manager.py:879} INFO - 
================================================================================
DAG File Processing Stats

File Path                          PID    Runtime      # DAGs    # Errors  Last Runtime    Last Run
---------------------------------  -----  ---------  --------  ----------  --------------  -------------------
/opt/airflow/dags/pipeline_dag.py                           1           0  0.26s           2025-11-19T04:00:37
================================================================================
[2025-11-19T04:01:37.300+0000] {manager.py:879} INFO - 
================================================================================
DAG File Processing Stats

File Path                          PID    Runtime      # DAGs    # Errors  Last Runtime    Last Run
---------------------------------  -----  ---------  --------  ----------  --------------  -------------------
/opt/airflow/dags/pipeline_dag.py                           1           0  0.22s           2025-11-19T04:01:08
================================================================================
[2025-11-19T04:02:07.704+0000] {manager.py:879} INFO - 
================================================================================
DAG File Processing Stats

File Path                          PID    Runtime      # DAGs    # Errors  Last Runtime    Last Run
---------------------------------  -----  ---------  --------  ----------  --------------  -------------------
/opt/airflow/dags/pipeline_dag.py                           1           0  0.24s           2025-11-19T04:01:38
================================================================================
[2025-11-19T04:02:34.997+0000] {manager.py:738} INFO - Searching for files in /opt/airflow/dags
[2025-11-19T04:02:35.047+0000] {manager.py:741} INFO - There are 1 files in /opt/airflow/dags
[2025-11-19T04:02:38.098+0000] {manager.py:879} INFO - 
================================================================================
DAG File Processing Stats

File Path                          PID    Runtime      # DAGs    # Errors  Last Runtime    Last Run
---------------------------------  -----  ---------  --------  ----------  --------------  -------------------
/opt/airflow/dags/pipeline_dag.py                           1           0  0.23s           2025-11-19T04:02:08
================================================================================
[2025-11-19T04:03:08.430+0000] {manager.py:879} INFO - 
================================================================================
DAG File Processing Stats

File Path                          PID    Runtime      # DAGs    # Errors  Last Runtime    Last Run
---------------------------------  -----  ---------  --------  ----------  --------------  -------------------
/opt/airflow/dags/pipeline_dag.py                           1           0  0.25s           2025-11-19T04:02:39
================================================================================
[2025-11-19T04:03:38.831+0000] {manager.py:879} INFO - 
================================================================================
DAG File Processing Stats

File Path                          PID    Runtime      # DAGs    # Errors  Last Runtime    Last Run
---------------------------------  -----  ---------  --------  ----------  --------------  -------------------
/opt/airflow/dags/pipeline_dag.py                           1           0  0.25s           2025-11-19T04:03:09
================================================================================
[2025-11-19T04:04:09.164+0000] {manager.py:879} INFO - 
================================================================================
DAG File Processing Stats

File Path                          PID    Runtime      # DAGs    # Errors  Last Runtime    Last Run
---------------------------------  -----  ---------  --------  ----------  --------------  -------------------
/opt/airflow/dags/pipeline_dag.py                           1           0  0.23s           2025-11-19T04:03:40
================================================================================
[2025-11-19T04:04:39.564+0000] {manager.py:879} INFO - 
================================================================================
DAG File Processing Stats

File Path                          PID    Runtime      # DAGs    # Errors  Last Runtime    Last Run
---------------------------------  -----  ---------  --------  ----------  --------------  -------------------
/opt/airflow/dags/pipeline_dag.py                           1           0  0.24s           2025-11-19T04:04:10
================================================================================
[2025-11-19T04:05:09.904+0000] {manager.py:879} INFO - 
================================================================================
DAG File Processing Stats

File Path                          PID    Runtime      # DAGs    # Errors  Last Runtime    Last Run
---------------------------------  -----  ---------  --------  ----------  --------------  -------------------
/opt/airflow/dags/pipeline_dag.py                           1           0  0.24s           2025-11-19T04:04:40
================================================================================
[2025-11-19T04:05:40.294+0000] {manager.py:879} INFO - 
================================================================================
DAG File Processing Stats

File Path                          PID    Runtime      # DAGs    # Errors  Last Runtime    Last Run
---------------------------------  -----  ---------  --------  ----------  --------------  -------------------
/opt/airflow/dags/pipeline_dag.py                           1           0  0.23s           2025-11-19T04:05:11
================================================================================
[2025-11-19T04:06:10.631+0000] {manager.py:879} INFO - 
================================================================================
DAG File Processing Stats

File Path                          PID    Runtime      # DAGs    # Errors  Last Runtime    Last Run
---------------------------------  -----  ---------  --------  ----------  --------------  -------------------
/opt/airflow/dags/pipeline_dag.py                           1           0  0.23s           2025-11-19T04:05:41
================================================================================
[2025-11-19T04:06:41.002+0000] {manager.py:879} INFO - 
================================================================================
DAG File Processing Stats

File Path                          PID    Runtime      # DAGs    # Errors  Last Runtime    Last Run
---------------------------------  -----  ---------  --------  ----------  --------------  -------------------
/opt/airflow/dags/pipeline_dag.py                           1           0  0.22s           2025-11-19T04:06:11
================================================================================
[2025-11-19T04:07:11.334+0000] {manager.py:879} INFO - 
================================================================================
DAG File Processing Stats

File Path                          PID    Runtime      # DAGs    # Errors  Last Runtime    Last Run
---------------------------------  -----  ---------  --------  ----------  --------------  -------------------
/opt/airflow/dags/pipeline_dag.py                           1           0  0.25s           2025-11-19T04:06:42
================================================================================
[2025-11-19T04:07:35.708+0000] {manager.py:738} INFO - Searching for files in /opt/airflow/dags
[2025-11-19T04:07:35.750+0000] {manager.py:741} INFO - There are 1 files in /opt/airflow/dags
[2025-11-19T04:07:41.818+0000] {manager.py:879} INFO - 
================================================================================
DAG File Processing Stats

File Path                          PID    Runtime      # DAGs    # Errors  Last Runtime    Last Run
---------------------------------  -----  ---------  --------  ----------  --------------  -------------------
/opt/airflow/dags/pipeline_dag.py                           1           0  0.22s           2025-11-19T04:07:12
================================================================================
[2025-11-19T04:08:12.090+0000] {manager.py:879} INFO - 
================================================================================
DAG File Processing Stats

File Path                          PID    Runtime      # DAGs    # Errors  Last Runtime    Last Run
---------------------------------  -----  ---------  --------  ----------  --------------  -------------------
/opt/airflow/dags/pipeline_dag.py                           1           0  0.21s           2025-11-19T04:07:43
================================================================================
[2025-11-19T04:08:42.523+0000] {manager.py:879} INFO - 
================================================================================
DAG File Processing Stats

File Path                          PID    Runtime      # DAGs    # Errors  Last Runtime    Last Run
---------------------------------  -----  ---------  --------  ----------  --------------  -------------------
/opt/airflow/dags/pipeline_dag.py                           1           0  0.23s           2025-11-19T04:08:13
================================================================================
[2025-11-19T04:08:50.419+0000] {manager.py:451} INFO - Exiting gracefully upon receiving signal 15
[2025-11-19T04:09:20.621+0000] {manager.py:469} INFO - Processing files using up to 2 processes at a time 
[2025-11-19T04:09:20.623+0000] {manager.py:470} INFO - Process each file at most once every 30 seconds
[2025-11-19T04:09:20.624+0000] {manager.py:471} INFO - Checking for new files in /opt/airflow/dags every 300 seconds
[2025-11-19T04:09:20.624+0000] {manager.py:738} INFO - Searching for files in /opt/airflow/dags
[2025-11-19T04:09:20.671+0000] {manager.py:741} INFO - There are 1 files in /opt/airflow/dags
[2025-11-19T04:09:20.860+0000] {manager.py:879} INFO - 
================================================================================
DAG File Processing Stats

File Path                            PID  Runtime      # DAGs    # Errors  Last Runtime    Last Run
---------------------------------  -----  ---------  --------  ----------  --------------  ----------
/opt/airflow/dags/pipeline_dag.py     36  0.09s             0           0
================================================================================
[2025-11-19T04:09:51.089+0000] {manager.py:879} INFO - 
================================================================================
DAG File Processing Stats

File Path                          PID    Runtime      # DAGs    # Errors  Last Runtime    Last Run
---------------------------------  -----  ---------  --------  ----------  --------------  -------------------
/opt/airflow/dags/pipeline_dag.py                           1           0  0.54s           2025-11-19T04:09:21
================================================================================
[2025-11-19T04:10:21.801+0000] {manager.py:879} INFO - 
================================================================================
DAG File Processing Stats

File Path                          PID    Runtime      # DAGs    # Errors  Last Runtime    Last Run
---------------------------------  -----  ---------  --------  ----------  --------------  -------------------
/opt/airflow/dags/pipeline_dag.py                           1           0  0.28s           2025-11-19T04:09:51
================================================================================
[2025-11-19T04:10:52.335+0000] {manager.py:879} INFO - 
================================================================================
DAG File Processing Stats

File Path                          PID    Runtime      # DAGs    # Errors  Last Runtime    Last Run
---------------------------------  -----  ---------  --------  ----------  --------------  -------------------
/opt/airflow/dags/pipeline_dag.py                           1           0  0.26s           2025-11-19T04:10:22
================================================================================
[2025-11-19T04:11:22.868+0000] {manager.py:879} INFO - 
================================================================================
DAG File Processing Stats

File Path                            PID  Runtime      # DAGs    # Errors  Last Runtime    Last Run
---------------------------------  -----  ---------  --------  ----------  --------------  -------------------
/opt/airflow/dags/pipeline_dag.py     40  0.01s             1           0  0.24s           2025-11-19T04:10:52
================================================================================
[2025-11-19T04:11:29.844+0000] {manager.py:451} INFO - Exiting gracefully upon receiving signal 15
[2025-11-19T04:12:08.661+0000] {manager.py:469} INFO - Processing files using up to 2 processes at a time 
[2025-11-19T04:12:08.662+0000] {manager.py:470} INFO - Process each file at most once every 30 seconds
[2025-11-19T04:12:08.663+0000] {manager.py:471} INFO - Checking for new files in /opt/airflow/dags every 300 seconds
[2025-11-19T04:12:08.664+0000] {manager.py:738} INFO - Searching for files in /opt/airflow/dags
[2025-11-19T04:12:08.721+0000] {manager.py:741} INFO - There are 1 files in /opt/airflow/dags
[2025-11-19T04:12:08.917+0000] {manager.py:879} INFO - 
================================================================================
DAG File Processing Stats

File Path                            PID  Runtime      # DAGs    # Errors  Last Runtime    Last Run
---------------------------------  -----  ---------  --------  ----------  --------------  ----------
/opt/airflow/dags/pipeline_dag.py     36  0.07s             0           0
================================================================================
[2025-11-19T04:12:39.148+0000] {manager.py:879} INFO - 
================================================================================
DAG File Processing Stats

File Path                          PID    Runtime      # DAGs    # Errors  Last Runtime    Last Run
---------------------------------  -----  ---------  --------  ----------  --------------  -------------------
/opt/airflow/dags/pipeline_dag.py                           1           0  0.50s           2025-11-19T04:12:09
================================================================================
[2025-11-19T04:13:09.853+0000] {manager.py:879} INFO - 
================================================================================
DAG File Processing Stats

File Path                            PID  Runtime      # DAGs    # Errors  Last Runtime    Last Run
---------------------------------  -----  ---------  --------  ----------  --------------  -------------------
/opt/airflow/dags/pipeline_dag.py     38  0.01s             1           0  0.23s           2025-11-19T04:12:39
================================================================================
[2025-11-19T04:13:40.311+0000] {manager.py:879} INFO - 
================================================================================
DAG File Processing Stats

File Path                            PID  Runtime      # DAGs    # Errors  Last Runtime    Last Run
---------------------------------  -----  ---------  --------  ----------  --------------  -------------------
/opt/airflow/dags/pipeline_dag.py     39  0.01s             1           0  0.29s           2025-11-19T04:13:10
================================================================================
[2025-11-19T04:14:10.584+0000] {manager.py:879} INFO - 
================================================================================
DAG File Processing Stats

File Path                          PID    Runtime      # DAGs    # Errors  Last Runtime    Last Run
---------------------------------  -----  ---------  --------  ----------  --------------  -------------------
/opt/airflow/dags/pipeline_dag.py                           1           0  0.32s           2025-11-19T04:13:40
================================================================================
[2025-11-19T04:14:41.113+0000] {manager.py:879} INFO - 
================================================================================
DAG File Processing Stats

File Path                            PID  Runtime      # DAGs    # Errors  Last Runtime    Last Run
---------------------------------  -----  ---------  --------  ----------  --------------  -------------------
/opt/airflow/dags/pipeline_dag.py     59  0.01s             1           0  0.24s           2025-11-19T04:14:11
================================================================================
[2025-11-19T04:15:11.585+0000] {manager.py:879} INFO - 
================================================================================
DAG File Processing Stats

File Path                          PID    Runtime      # DAGs    # Errors  Last Runtime    Last Run
---------------------------------  -----  ---------  --------  ----------  --------------  -------------------
/opt/airflow/dags/pipeline_dag.py                           1           0  0.25s           2025-11-19T04:14:53
================================================================================
[2025-11-19T04:15:36.364+0000] {manager.py:451} INFO - Exiting gracefully upon receiving signal 15
[2025-11-19T20:36:35.842+0000] {manager.py:469} INFO - Processing files using up to 2 processes at a time 
[2025-11-19T20:36:35.893+0000] {manager.py:470} INFO - Process each file at most once every 30 seconds
[2025-11-19T20:36:35.894+0000] {manager.py:471} INFO - Checking for new files in /opt/airflow/dags every 300 seconds
[2025-11-19T20:36:35.894+0000] {manager.py:738} INFO - Searching for files in /opt/airflow/dags
[2025-11-19T20:36:36.282+0000] {manager.py:741} INFO - There are 1 files in /opt/airflow/dags
[2025-11-19T20:36:36.770+0000] {manager.py:879} INFO - 
================================================================================
DAG File Processing Stats

File Path                            PID  Runtime      # DAGs    # Errors  Last Runtime    Last Run
---------------------------------  -----  ---------  --------  ----------  --------------  ----------
/opt/airflow/dags/pipeline_dag.py     42  0.06s             0           0
================================================================================
[2025-11-19T20:37:07.056+0000] {manager.py:879} INFO - 
================================================================================
DAG File Processing Stats

File Path                          PID    Runtime      # DAGs    # Errors  Last Runtime    Last Run
---------------------------------  -----  ---------  --------  ----------  --------------  -------------------
/opt/airflow/dags/pipeline_dag.py                           1           0  2.16s           2025-11-19T20:36:38
================================================================================
[2025-11-19T20:37:37.512+0000] {manager.py:879} INFO - 
================================================================================
DAG File Processing Stats

File Path                          PID    Runtime      # DAGs    # Errors  Last Runtime    Last Run
---------------------------------  -----  ---------  --------  ----------  --------------  -------------------
/opt/airflow/dags/pipeline_dag.py                           1           0  0.48s           2025-11-19T20:37:09
================================================================================
[2025-11-19T20:38:08.167+0000] {manager.py:879} INFO - 
================================================================================
DAG File Processing Stats

File Path                          PID    Runtime      # DAGs    # Errors  Last Runtime    Last Run
---------------------------------  -----  ---------  --------  ----------  --------------  -------------------
/opt/airflow/dags/pipeline_dag.py                           1           0  0.15s           2025-11-19T20:37:40
================================================================================
[2025-11-19T20:38:38.590+0000] {manager.py:879} INFO - 
================================================================================
DAG File Processing Stats

File Path                          PID    Runtime      # DAGs    # Errors  Last Runtime    Last Run
---------------------------------  -----  ---------  --------  ----------  --------------  -------------------
/opt/airflow/dags/pipeline_dag.py                           1           0  1.51s           2025-11-19T20:38:11
================================================================================
[2025-11-19T20:39:09.344+0000] {manager.py:879} INFO - 
================================================================================
DAG File Processing Stats

File Path                          PID    Runtime      # DAGs    # Errors  Last Runtime    Last Run
---------------------------------  -----  ---------  --------  ----------  --------------  -------------------
/opt/airflow/dags/pipeline_dag.py                           1           0  0.32s           2025-11-19T20:38:42
================================================================================
[2025-11-19T20:39:39.596+0000] {manager.py:879} INFO - 
================================================================================
DAG File Processing Stats

File Path                          PID    Runtime      # DAGs    # Errors  Last Runtime    Last Run
---------------------------------  -----  ---------  --------  ----------  --------------  -------------------
/opt/airflow/dags/pipeline_dag.py                           1           0  0.99s           2025-11-19T20:39:13
================================================================================
[2025-11-19T20:40:10.171+0000] {manager.py:879} INFO - 
================================================================================
DAG File Processing Stats

File Path                          PID    Runtime      # DAGs    # Errors  Last Runtime    Last Run
---------------------------------  -----  ---------  --------  ----------  --------------  -------------------
/opt/airflow/dags/pipeline_dag.py                           1           0  0.30s           2025-11-19T20:39:43
================================================================================
[2025-11-19T20:40:40.482+0000] {manager.py:879} INFO - 
================================================================================
DAG File Processing Stats

File Path                          PID    Runtime      # DAGs    # Errors  Last Runtime    Last Run
---------------------------------  -----  ---------  --------  ----------  --------------  -------------------
/opt/airflow/dags/pipeline_dag.py                           1           0  0.17s           2025-11-19T20:40:14
================================================================================
[2025-11-19T20:41:10.853+0000] {manager.py:879} INFO - 
================================================================================
DAG File Processing Stats

File Path                          PID    Runtime      # DAGs    # Errors  Last Runtime    Last Run
---------------------------------  -----  ---------  --------  ----------  --------------  -------------------
/opt/airflow/dags/pipeline_dag.py                           1           0  0.14s           2025-11-19T20:40:44
================================================================================
[2025-11-19T20:41:36.280+0000] {manager.py:738} INFO - Searching for files in /opt/airflow/dags
[2025-11-19T20:41:36.313+0000] {manager.py:741} INFO - There are 1 files in /opt/airflow/dags
[2025-11-19T20:41:41.396+0000] {manager.py:879} INFO - 
================================================================================
DAG File Processing Stats

File Path                          PID    Runtime      # DAGs    # Errors  Last Runtime    Last Run
---------------------------------  -----  ---------  --------  ----------  --------------  -------------------
/opt/airflow/dags/pipeline_dag.py                           1           0  0.15s           2025-11-19T20:41:15
================================================================================
[2025-11-19T20:42:11.784+0000] {manager.py:879} INFO - 
================================================================================
DAG File Processing Stats

File Path                          PID    Runtime      # DAGs    # Errors  Last Runtime    Last Run
---------------------------------  -----  ---------  --------  ----------  --------------  -------------------
/opt/airflow/dags/pipeline_dag.py                           1           0  0.13s           2025-11-19T20:41:45
================================================================================
[2025-11-19T20:42:42.269+0000] {manager.py:879} INFO - 
================================================================================
DAG File Processing Stats

File Path                          PID    Runtime      # DAGs    # Errors  Last Runtime    Last Run
---------------------------------  -----  ---------  --------  ----------  --------------  -------------------
/opt/airflow/dags/pipeline_dag.py                           1           0  0.16s           2025-11-19T20:42:16
================================================================================
[2025-11-19T20:43:12.717+0000] {manager.py:879} INFO - 
================================================================================
DAG File Processing Stats

File Path                          PID    Runtime      # DAGs    # Errors  Last Runtime    Last Run
---------------------------------  -----  ---------  --------  ----------  --------------  -------------------
/opt/airflow/dags/pipeline_dag.py                           1           0  0.24s           2025-11-19T20:42:46
================================================================================
[2025-11-19T20:43:43.170+0000] {manager.py:879} INFO - 
================================================================================
DAG File Processing Stats

File Path                          PID    Runtime      # DAGs    # Errors  Last Runtime    Last Run
---------------------------------  -----  ---------  --------  ----------  --------------  -------------------
/opt/airflow/dags/pipeline_dag.py                           1           0  0.15s           2025-11-19T20:43:16
================================================================================
[2025-11-19T20:44:13.649+0000] {manager.py:879} INFO - 
================================================================================
DAG File Processing Stats

File Path                          PID    Runtime      # DAGs    # Errors  Last Runtime    Last Run
---------------------------------  -----  ---------  --------  ----------  --------------  -------------------
/opt/airflow/dags/pipeline_dag.py                           1           0  0.15s           2025-11-19T20:43:47
================================================================================
[2025-11-19T20:44:44.057+0000] {manager.py:879} INFO - 
================================================================================
DAG File Processing Stats

File Path                          PID    Runtime      # DAGs    # Errors  Last Runtime    Last Run
---------------------------------  -----  ---------  --------  ----------  --------------  -------------------
/opt/airflow/dags/pipeline_dag.py                           1           0  0.14s           2025-11-19T20:44:17
================================================================================
[2025-11-19T20:45:14.572+0000] {manager.py:879} INFO - 
================================================================================
DAG File Processing Stats

File Path                          PID    Runtime      # DAGs    # Errors  Last Runtime    Last Run
---------------------------------  -----  ---------  --------  ----------  --------------  -------------------
/opt/airflow/dags/pipeline_dag.py                           1           0  0.18s           2025-11-19T20:44:48
================================================================================
[2025-11-19T20:45:44.941+0000] {manager.py:879} INFO - 
================================================================================
DAG File Processing Stats

File Path                          PID    Runtime      # DAGs    # Errors  Last Runtime    Last Run
---------------------------------  -----  ---------  --------  ----------  --------------  -------------------
/opt/airflow/dags/pipeline_dag.py                           1           0  0.14s           2025-11-19T20:45:18
================================================================================
[2025-11-19T20:46:15.371+0000] {manager.py:879} INFO - 
================================================================================
DAG File Processing Stats

File Path                          PID    Runtime      # DAGs    # Errors  Last Runtime    Last Run
---------------------------------  -----  ---------  --------  ----------  --------------  -------------------
/opt/airflow/dags/pipeline_dag.py                           1           0  0.16s           2025-11-19T20:45:49
================================================================================
[2025-11-19T20:46:36.684+0000] {manager.py:738} INFO - Searching for files in /opt/airflow/dags
[2025-11-19T20:46:36.722+0000] {manager.py:741} INFO - There are 1 files in /opt/airflow/dags
[2025-11-19T20:46:45.816+0000] {manager.py:879} INFO - 
================================================================================
DAG File Processing Stats

File Path                          PID    Runtime      # DAGs    # Errors  Last Runtime    Last Run
---------------------------------  -----  ---------  --------  ----------  --------------  -------------------
/opt/airflow/dags/pipeline_dag.py                           1           0  0.14s           2025-11-19T20:46:19
================================================================================
[2025-11-19T20:47:16.233+0000] {manager.py:879} INFO - 
================================================================================
DAG File Processing Stats

File Path                          PID    Runtime      # DAGs    # Errors  Last Runtime    Last Run
---------------------------------  -----  ---------  --------  ----------  --------------  -------------------
/opt/airflow/dags/pipeline_dag.py                           1           0  0.14s           2025-11-19T20:46:50
================================================================================
[2025-11-19T20:47:46.675+0000] {manager.py:879} INFO - 
================================================================================
DAG File Processing Stats

File Path                          PID    Runtime      # DAGs    # Errors  Last Runtime    Last Run
---------------------------------  -----  ---------  --------  ----------  --------------  -------------------
/opt/airflow/dags/pipeline_dag.py                           1           0  0.14s           2025-11-19T20:47:20
================================================================================
[2025-11-19T20:48:17.068+0000] {manager.py:879} INFO - 
================================================================================
DAG File Processing Stats

File Path                          PID    Runtime      # DAGs    # Errors  Last Runtime    Last Run
---------------------------------  -----  ---------  --------  ----------  --------------  -------------------
/opt/airflow/dags/pipeline_dag.py                           1           0  0.35s           2025-11-19T20:47:51
================================================================================
[2025-11-19T20:48:47.492+0000] {manager.py:879} INFO - 
================================================================================
DAG File Processing Stats

File Path                          PID    Runtime      # DAGs    # Errors  Last Runtime    Last Run
---------------------------------  -----  ---------  --------  ----------  --------------  -------------------
/opt/airflow/dags/pipeline_dag.py                           1           0  0.17s           2025-11-19T20:48:21
================================================================================
[2025-11-19T20:49:17.989+0000] {manager.py:879} INFO - 
================================================================================
DAG File Processing Stats

File Path                          PID    Runtime      # DAGs    # Errors  Last Runtime    Last Run
---------------------------------  -----  ---------  --------  ----------  --------------  -------------------
/opt/airflow/dags/pipeline_dag.py                           1           0  0.14s           2025-11-19T20:48:51
================================================================================
[2025-11-19T20:49:48.397+0000] {manager.py:879} INFO - 
================================================================================
DAG File Processing Stats

File Path                          PID    Runtime      # DAGs    # Errors  Last Runtime    Last Run
---------------------------------  -----  ---------  --------  ----------  --------------  -------------------
/opt/airflow/dags/pipeline_dag.py                           1           0  0.14s           2025-11-19T20:49:22
================================================================================
[2025-11-19T20:50:18.814+0000] {manager.py:879} INFO - 
================================================================================
DAG File Processing Stats

File Path                          PID    Runtime      # DAGs    # Errors  Last Runtime    Last Run
---------------------------------  -----  ---------  --------  ----------  --------------  -------------------
/opt/airflow/dags/pipeline_dag.py                           1           0  0.15s           2025-11-19T20:49:52
================================================================================
[2025-11-19T20:50:49.247+0000] {manager.py:879} INFO - 
================================================================================
DAG File Processing Stats

File Path                          PID    Runtime      # DAGs    # Errors  Last Runtime    Last Run
---------------------------------  -----  ---------  --------  ----------  --------------  -------------------
/opt/airflow/dags/pipeline_dag.py                           1           0  0.14s           2025-11-19T20:50:23
================================================================================
[2025-11-19T20:51:19.644+0000] {manager.py:879} INFO - 
================================================================================
DAG File Processing Stats

File Path                          PID    Runtime      # DAGs    # Errors  Last Runtime    Last Run
---------------------------------  -----  ---------  --------  ----------  --------------  -------------------
/opt/airflow/dags/pipeline_dag.py                           1           0  0.14s           2025-11-19T20:50:53
================================================================================
[2025-11-19T20:51:36.914+0000] {manager.py:738} INFO - Searching for files in /opt/airflow/dags
[2025-11-19T20:51:36.951+0000] {manager.py:741} INFO - There are 1 files in /opt/airflow/dags
[2025-11-19T20:51:50.104+0000] {manager.py:879} INFO - 
================================================================================
DAG File Processing Stats

File Path                          PID    Runtime      # DAGs    # Errors  Last Runtime    Last Run
---------------------------------  -----  ---------  --------  ----------  --------------  -------------------
/opt/airflow/dags/pipeline_dag.py                           1           0  0.16s           2025-11-19T20:51:23
================================================================================
[2025-11-19T20:52:20.357+0000] {manager.py:879} INFO - 
================================================================================
DAG File Processing Stats

File Path                          PID    Runtime      # DAGs    # Errors  Last Runtime    Last Run
---------------------------------  -----  ---------  --------  ----------  --------------  -------------------
/opt/airflow/dags/pipeline_dag.py                           1           0  0.14s           2025-11-19T20:51:54
================================================================================
[2025-11-19T20:52:50.713+0000] {manager.py:879} INFO - 
================================================================================
DAG File Processing Stats

File Path                          PID    Runtime      # DAGs    # Errors  Last Runtime    Last Run
---------------------------------  -----  ---------  --------  ----------  --------------  -------------------
/opt/airflow/dags/pipeline_dag.py                           1           0  0.15s           2025-11-19T20:52:24
================================================================================
[2025-11-19T20:53:21.057+0000] {manager.py:879} INFO - 
================================================================================
DAG File Processing Stats

File Path                          PID    Runtime      # DAGs    # Errors  Last Runtime    Last Run
---------------------------------  -----  ---------  --------  ----------  --------------  -------------------
/opt/airflow/dags/pipeline_dag.py                           1           0  0.13s           2025-11-19T20:52:54
================================================================================
[2025-11-19T20:53:51.409+0000] {manager.py:879} INFO - 
================================================================================
DAG File Processing Stats

File Path                          PID    Runtime      # DAGs    # Errors  Last Runtime    Last Run
---------------------------------  -----  ---------  --------  ----------  --------------  -------------------
/opt/airflow/dags/pipeline_dag.py                           1           0  0.17s           2025-11-19T20:53:25
================================================================================
[2025-11-19T20:54:04.657+0000] {manager.py:451} INFO - Exiting gracefully upon receiving signal 15
[2025-11-19T20:58:44.313+0000] {manager.py:469} INFO - Processing files using up to 2 processes at a time 
[2025-11-19T20:58:44.314+0000] {manager.py:470} INFO - Process each file at most once every 30 seconds
[2025-11-19T20:58:44.315+0000] {manager.py:471} INFO - Checking for new files in /opt/airflow/dags every 300 seconds
[2025-11-19T20:58:44.315+0000] {manager.py:738} INFO - Searching for files in /opt/airflow/dags
[2025-11-19T20:58:44.339+0000] {manager.py:741} INFO - There are 1 files in /opt/airflow/dags
[2025-11-19T20:58:44.477+0000] {manager.py:879} INFO - 
================================================================================
DAG File Processing Stats

File Path                            PID  Runtime      # DAGs    # Errors  Last Runtime    Last Run
---------------------------------  -----  ---------  --------  ----------  --------------  ----------
/opt/airflow/dags/pipeline_dag.py     42  0.06s             0           0
================================================================================
[2025-11-19T20:59:14.688+0000] {manager.py:879} INFO - 
================================================================================
DAG File Processing Stats

File Path                          PID    Runtime      # DAGs    # Errors  Last Runtime    Last Run
---------------------------------  -----  ---------  --------  ----------  --------------  -------------------
/opt/airflow/dags/pipeline_dag.py                           1           0  0.49s           2025-11-19T20:58:44
================================================================================
[2025-11-19T20:59:45.505+0000] {manager.py:879} INFO - 
================================================================================
DAG File Processing Stats

File Path                            PID  Runtime      # DAGs    # Errors  Last Runtime    Last Run
---------------------------------  -----  ---------  --------  ----------  --------------  -------------------
/opt/airflow/dags/pipeline_dag.py     44  0.00s             1           0  0.16s           2025-11-19T20:59:15
================================================================================
[2025-11-19T21:00:15.859+0000] {manager.py:879} INFO - 
================================================================================
DAG File Processing Stats

File Path                            PID  Runtime      # DAGs    # Errors  Last Runtime    Last Run
---------------------------------  -----  ---------  --------  ----------  --------------  -------------------
/opt/airflow/dags/pipeline_dag.py     45  0.00s             1           0  0.13s           2025-11-19T20:59:45
================================================================================
[2025-11-19T21:00:46.079+0000] {manager.py:879} INFO - 
================================================================================
DAG File Processing Stats

File Path                            PID  Runtime      # DAGs    # Errors  Last Runtime    Last Run
---------------------------------  -----  ---------  --------  ----------  --------------  -------------------
/opt/airflow/dags/pipeline_dag.py     46  0.00s             1           0  0.13s           2025-11-19T21:00:15
================================================================================
[2025-11-19T21:01:16.464+0000] {manager.py:879} INFO - 
================================================================================
DAG File Processing Stats

File Path                            PID  Runtime      # DAGs    # Errors  Last Runtime    Last Run
---------------------------------  -----  ---------  --------  ----------  --------------  -------------------
/opt/airflow/dags/pipeline_dag.py     47  0.00s             1           0  0.24s           2025-11-19T21:00:46
================================================================================
[2025-11-19T21:01:46.759+0000] {manager.py:879} INFO - 
================================================================================
DAG File Processing Stats

File Path                          PID    Runtime      # DAGs    # Errors  Last Runtime    Last Run
---------------------------------  -----  ---------  --------  ----------  --------------  -------------------
/opt/airflow/dags/pipeline_dag.py                           1           0  0.33s           2025-11-19T21:01:16
================================================================================
[2025-11-19T21:02:17.403+0000] {manager.py:879} INFO - 
================================================================================
DAG File Processing Stats

File Path                            PID  Runtime      # DAGs    # Errors  Last Runtime    Last Run
---------------------------------  -----  ---------  --------  ----------  --------------  -------------------
/opt/airflow/dags/pipeline_dag.py     49  0.01s             1           0  0.18s           2025-11-19T21:01:47
================================================================================
[2025-11-19T21:02:47.743+0000] {manager.py:879} INFO - 
================================================================================
DAG File Processing Stats

File Path                            PID  Runtime      # DAGs    # Errors  Last Runtime    Last Run
---------------------------------  -----  ---------  --------  ----------  --------------  -------------------
/opt/airflow/dags/pipeline_dag.py     50  0.01s             1           0  0.15s           2025-11-19T21:02:17
================================================================================
[2025-11-19T21:03:17.943+0000] {manager.py:879} INFO - 
================================================================================
DAG File Processing Stats

File Path                          PID    Runtime      # DAGs    # Errors  Last Runtime    Last Run
---------------------------------  -----  ---------  --------  ----------  --------------  -------------------
/opt/airflow/dags/pipeline_dag.py                           1           0  0.39s           2025-11-19T21:02:48
================================================================================
[2025-11-19T21:03:44.621+0000] {manager.py:738} INFO - Searching for files in /opt/airflow/dags
[2025-11-19T21:03:44.641+0000] {manager.py:741} INFO - There are 1 files in /opt/airflow/dags
[2025-11-19T21:03:48.693+0000] {manager.py:879} INFO - 
================================================================================
DAG File Processing Stats

File Path                            PID  Runtime      # DAGs    # Errors  Last Runtime    Last Run
---------------------------------  -----  ---------  --------  ----------  --------------  -------------------
/opt/airflow/dags/pipeline_dag.py     52  0.01s             1           0  0.16s           2025-11-19T21:03:18
================================================================================
[2025-11-19T21:04:19.079+0000] {manager.py:879} INFO - 
================================================================================
DAG File Processing Stats

File Path                            PID  Runtime      # DAGs    # Errors  Last Runtime    Last Run
---------------------------------  -----  ---------  --------  ----------  --------------  -------------------
/opt/airflow/dags/pipeline_dag.py     53  0.01s             1           0  0.17s           2025-11-19T21:03:48
================================================================================
[2025-11-19T21:04:49.334+0000] {manager.py:879} INFO - 
================================================================================
DAG File Processing Stats

File Path                            PID  Runtime      # DAGs    # Errors  Last Runtime    Last Run
---------------------------------  -----  ---------  --------  ----------  --------------  -------------------
/opt/airflow/dags/pipeline_dag.py     54  0.01s             1           0  0.14s           2025-11-19T21:04:19
================================================================================
[2025-11-19T21:05:19.703+0000] {manager.py:879} INFO - 
================================================================================
DAG File Processing Stats

File Path                            PID  Runtime      # DAGs    # Errors  Last Runtime    Last Run
---------------------------------  -----  ---------  --------  ----------  --------------  -------------------
/opt/airflow/dags/pipeline_dag.py     55  0.01s             1           0  0.14s           2025-11-19T21:04:49
================================================================================
[2025-11-19T21:05:49.952+0000] {manager.py:879} INFO - 
================================================================================
DAG File Processing Stats

File Path                            PID  Runtime      # DAGs    # Errors  Last Runtime    Last Run
---------------------------------  -----  ---------  --------  ----------  --------------  -------------------
/opt/airflow/dags/pipeline_dag.py     56  0.00s             1           0  0.13s           2025-11-19T21:05:19
================================================================================
[2025-11-19T21:06:20.288+0000] {manager.py:879} INFO - 
================================================================================
DAG File Processing Stats

File Path                            PID  Runtime      # DAGs    # Errors  Last Runtime    Last Run
---------------------------------  -----  ---------  --------  ----------  --------------  -------------------
/opt/airflow/dags/pipeline_dag.py     57  0.00s             1           0  0.14s           2025-11-19T21:05:50
================================================================================
[2025-11-19T21:06:50.595+0000] {manager.py:879} INFO - 
================================================================================
DAG File Processing Stats

File Path                            PID  Runtime      # DAGs    # Errors  Last Runtime    Last Run
---------------------------------  -----  ---------  --------  ----------  --------------  -------------------
/opt/airflow/dags/pipeline_dag.py     58  0.00s             1           0  0.13s           2025-11-19T21:06:20
================================================================================
[2025-11-19T21:07:20.897+0000] {manager.py:879} INFO - 
================================================================================
DAG File Processing Stats

File Path                            PID  Runtime      # DAGs    # Errors  Last Runtime    Last Run
---------------------------------  -----  ---------  --------  ----------  --------------  -------------------
/opt/airflow/dags/pipeline_dag.py     59  0.00s             1           0  0.15s           2025-11-19T21:06:50
================================================================================
[2025-11-19T21:07:51.176+0000] {manager.py:879} INFO - 
================================================================================
DAG File Processing Stats

File Path                            PID  Runtime      # DAGs    # Errors  Last Runtime    Last Run
---------------------------------  -----  ---------  --------  ----------  --------------  -------------------
/opt/airflow/dags/pipeline_dag.py     60  0.01s             1           0  0.15s           2025-11-19T21:07:21
================================================================================
[2025-11-19T21:08:21.516+0000] {manager.py:879} INFO - 
================================================================================
DAG File Processing Stats

File Path                            PID  Runtime      # DAGs    # Errors  Last Runtime    Last Run
---------------------------------  -----  ---------  --------  ----------  --------------  -------------------
/opt/airflow/dags/pipeline_dag.py     61  0.01s             1           0  0.17s           2025-11-19T21:07:51
================================================================================
[2025-11-19T21:08:44.800+0000] {manager.py:738} INFO - Searching for files in /opt/airflow/dags
[2025-11-19T21:08:44.850+0000] {manager.py:741} INFO - There are 1 files in /opt/airflow/dags
[2025-11-19T21:08:51.947+0000] {manager.py:879} INFO - 
================================================================================
DAG File Processing Stats

File Path                            PID  Runtime      # DAGs    # Errors  Last Runtime    Last Run
---------------------------------  -----  ---------  --------  ----------  --------------  -------------------
/opt/airflow/dags/pipeline_dag.py     62  0.00s             1           0  0.14s           2025-11-19T21:08:21
================================================================================
[2025-11-19T21:09:22.247+0000] {manager.py:879} INFO - 
================================================================================
DAG File Processing Stats

File Path                            PID  Runtime      # DAGs    # Errors  Last Runtime    Last Run
---------------------------------  -----  ---------  --------  ----------  --------------  -------------------
/opt/airflow/dags/pipeline_dag.py     63  0.01s             1           0  0.15s           2025-11-19T21:08:52
================================================================================
[2025-11-19T21:09:52.530+0000] {manager.py:879} INFO - 
================================================================================
DAG File Processing Stats

File Path                            PID  Runtime      # DAGs    # Errors  Last Runtime    Last Run
---------------------------------  -----  ---------  --------  ----------  --------------  -------------------
/opt/airflow/dags/pipeline_dag.py     64  0.01s             1           0  0.22s           2025-11-19T21:09:22
================================================================================
[2025-11-19T21:10:22.930+0000] {manager.py:879} INFO - 
================================================================================
DAG File Processing Stats

File Path                            PID  Runtime      # DAGs    # Errors  Last Runtime    Last Run
---------------------------------  -----  ---------  --------  ----------  --------------  -------------------
/opt/airflow/dags/pipeline_dag.py     65  0.01s             1           0  0.15s           2025-11-19T21:09:52
================================================================================
[2025-11-19T21:10:53.184+0000] {manager.py:879} INFO - 
================================================================================
DAG File Processing Stats

File Path                            PID  Runtime      # DAGs    # Errors  Last Runtime    Last Run
---------------------------------  -----  ---------  --------  ----------  --------------  -------------------
/opt/airflow/dags/pipeline_dag.py     66  0.00s             1           0  0.15s           2025-11-19T21:10:23
================================================================================
[2025-11-19T21:11:23.525+0000] {manager.py:879} INFO - 
================================================================================
DAG File Processing Stats

File Path                            PID  Runtime      # DAGs    # Errors  Last Runtime    Last Run
---------------------------------  -----  ---------  --------  ----------  --------------  -------------------
/opt/airflow/dags/pipeline_dag.py     67  0.01s             1           0  0.14s           2025-11-19T21:10:53
================================================================================
[2025-11-19T21:11:53.840+0000] {manager.py:879} INFO - 
================================================================================
DAG File Processing Stats

File Path                            PID  Runtime      # DAGs    # Errors  Last Runtime    Last Run
---------------------------------  -----  ---------  --------  ----------  --------------  -------------------
/opt/airflow/dags/pipeline_dag.py     68  0.00s             1           0  0.16s           2025-11-19T21:11:23
================================================================================
[2025-11-19T21:12:24.160+0000] {manager.py:879} INFO - 
================================================================================
DAG File Processing Stats

File Path                            PID  Runtime      # DAGs    # Errors  Last Runtime    Last Run
---------------------------------  -----  ---------  --------  ----------  --------------  -------------------
/opt/airflow/dags/pipeline_dag.py     69  0.00s             1           0  0.13s           2025-11-19T21:11:53
================================================================================
[2025-11-19T21:12:54.378+0000] {manager.py:879} INFO - 
================================================================================
DAG File Processing Stats

File Path                          PID    Runtime      # DAGs    # Errors  Last Runtime    Last Run
---------------------------------  -----  ---------  --------  ----------  --------------  -------------------
/opt/airflow/dags/pipeline_dag.py                           1           0  0.38s           2025-11-19T21:12:24
================================================================================
[2025-11-19T21:13:24.405+0000] {manager.py:879} INFO - 
================================================================================
DAG File Processing Stats

File Path                          PID    Runtime      # DAGs    # Errors  Last Runtime    Last Run
---------------------------------  -----  ---------  --------  ----------  --------------  -------------------
/opt/airflow/dags/pipeline_dag.py                           1           0  0.46s           2025-11-19T21:12:55
================================================================================
[2025-11-19T21:13:45.737+0000] {manager.py:738} INFO - Searching for files in /opt/airflow/dags
[2025-11-19T21:13:45.758+0000] {manager.py:741} INFO - There are 1 files in /opt/airflow/dags
[2025-11-19T21:13:54.821+0000] {manager.py:879} INFO - 
================================================================================
DAG File Processing Stats

File Path                          PID    Runtime      # DAGs    # Errors  Last Runtime    Last Run
---------------------------------  -----  ---------  --------  ----------  --------------  -------------------
/opt/airflow/dags/pipeline_dag.py                           1           0  0.22s           2025-11-19T21:13:25
================================================================================
[2025-11-19T21:14:25.012+0000] {manager.py:879} INFO - 
================================================================================
DAG File Processing Stats

File Path                          PID    Runtime      # DAGs    # Errors  Last Runtime    Last Run
---------------------------------  -----  ---------  --------  ----------  --------------  -------------------
/opt/airflow/dags/pipeline_dag.py                           1           0  0.17s           2025-11-19T21:13:56
================================================================================
[2025-11-19T21:14:55.349+0000] {manager.py:879} INFO - 
================================================================================
DAG File Processing Stats

File Path                          PID    Runtime      # DAGs    # Errors  Last Runtime    Last Run
---------------------------------  -----  ---------  --------  ----------  --------------  -------------------
/opt/airflow/dags/pipeline_dag.py                           1           0  0.16s           2025-11-19T21:14:26
================================================================================
[2025-11-19T21:15:25.646+0000] {manager.py:879} INFO - 
================================================================================
DAG File Processing Stats

File Path                          PID    Runtime      # DAGs    # Errors  Last Runtime    Last Run
---------------------------------  -----  ---------  --------  ----------  --------------  -------------------
/opt/airflow/dags/pipeline_dag.py                           1           0  0.14s           2025-11-19T21:14:56
================================================================================
[2025-11-19T21:15:55.989+0000] {manager.py:879} INFO - 
================================================================================
DAG File Processing Stats

File Path                          PID    Runtime      # DAGs    # Errors  Last Runtime    Last Run
---------------------------------  -----  ---------  --------  ----------  --------------  -------------------
/opt/airflow/dags/pipeline_dag.py                           1           0  0.13s           2025-11-19T21:15:26
================================================================================
[2025-11-19T21:16:07.550+0000] {manager.py:451} INFO - Exiting gracefully upon receiving signal 15
[2025-11-19T21:17:49.636+0000] {manager.py:469} INFO - Processing files using up to 2 processes at a time 
[2025-11-19T21:17:49.637+0000] {manager.py:470} INFO - Process each file at most once every 30 seconds
[2025-11-19T21:17:49.637+0000] {manager.py:471} INFO - Checking for new files in /opt/airflow/dags every 300 seconds
[2025-11-19T21:17:49.637+0000] {manager.py:738} INFO - Searching for files in /opt/airflow/dags
[2025-11-19T21:17:49.661+0000] {manager.py:741} INFO - There are 1 files in /opt/airflow/dags
[2025-11-19T21:17:49.749+0000] {manager.py:879} INFO - 
================================================================================
DAG File Processing Stats

File Path                            PID  Runtime      # DAGs    # Errors  Last Runtime    Last Run
---------------------------------  -----  ---------  --------  ----------  --------------  ----------
/opt/airflow/dags/pipeline_dag.py     42  0.04s             0           0
================================================================================
[2025-11-19T21:18:20.001+0000] {manager.py:879} INFO - 
================================================================================
DAG File Processing Stats

File Path                            PID  Runtime      # DAGs    # Errors  Last Runtime    Last Run
---------------------------------  -----  ---------  --------  ----------  --------------  -------------------
/opt/airflow/dags/pipeline_dag.py     43  0.01s             1           0  0.23s           2025-11-19T21:17:49
================================================================================
[2025-11-19T21:18:42.906+0000] {manager.py:451} INFO - Exiting gracefully upon receiving signal 15
[2025-11-19T21:27:37.345+0000] {manager.py:469} INFO - Processing files using up to 2 processes at a time 
[2025-11-19T21:27:37.346+0000] {manager.py:470} INFO - Process each file at most once every 30 seconds
[2025-11-19T21:27:37.347+0000] {manager.py:471} INFO - Checking for new files in /opt/airflow/dags every 300 seconds
[2025-11-19T21:27:37.347+0000] {manager.py:738} INFO - Searching for files in /opt/airflow/dags
[2025-11-19T21:27:37.364+0000] {manager.py:741} INFO - There are 1 files in /opt/airflow/dags
[2025-11-19T21:27:37.464+0000] {manager.py:879} INFO - 
================================================================================
DAG File Processing Stats

File Path                            PID  Runtime      # DAGs    # Errors  Last Runtime    Last Run
---------------------------------  -----  ---------  --------  ----------  --------------  ----------
/opt/airflow/dags/pipeline_dag.py     42  0.04s             0           0
================================================================================
[2025-11-19T21:28:07.655+0000] {manager.py:879} INFO - 
================================================================================
DAG File Processing Stats

File Path                          PID    Runtime      # DAGs    # Errors  Last Runtime    Last Run
---------------------------------  -----  ---------  --------  ----------  --------------  -------------------
/opt/airflow/dags/pipeline_dag.py                           1           0  0.39s           2025-11-19T21:27:37
================================================================================
[2025-11-19T21:28:38.391+0000] {manager.py:879} INFO - 
================================================================================
DAG File Processing Stats

File Path                            PID  Runtime      # DAGs    # Errors  Last Runtime    Last Run
---------------------------------  -----  ---------  --------  ----------  --------------  -------------------
/opt/airflow/dags/pipeline_dag.py     44  0.00s             1           0  0.28s           2025-11-19T21:28:08
================================================================================
[2025-11-19T21:29:08.617+0000] {manager.py:879} INFO - 
================================================================================
DAG File Processing Stats

File Path                            PID  Runtime      # DAGs    # Errors  Last Runtime    Last Run
---------------------------------  -----  ---------  --------  ----------  --------------  -------------------
/opt/airflow/dags/pipeline_dag.py     45  0.00s             1           0  0.15s           2025-11-19T21:28:38
================================================================================
[2025-11-19T21:29:38.822+0000] {manager.py:879} INFO - 
================================================================================
DAG File Processing Stats

File Path                            PID  Runtime      # DAGs    # Errors  Last Runtime    Last Run
---------------------------------  -----  ---------  --------  ----------  --------------  -------------------
/opt/airflow/dags/pipeline_dag.py     46  0.00s             1           0  0.15s           2025-11-19T21:29:08
================================================================================
[2025-11-19T21:30:09.222+0000] {manager.py:879} INFO - 
================================================================================
DAG File Processing Stats

File Path                            PID  Runtime      # DAGs    # Errors  Last Runtime    Last Run
---------------------------------  -----  ---------  --------  ----------  --------------  -------------------
/opt/airflow/dags/pipeline_dag.py     47  0.01s             1           0  0.24s           2025-11-19T21:29:39
================================================================================
[2025-11-19T21:30:39.607+0000] {manager.py:879} INFO - 
================================================================================
DAG File Processing Stats

File Path                            PID  Runtime      # DAGs    # Errors  Last Runtime    Last Run
---------------------------------  -----  ---------  --------  ----------  --------------  -------------------
/opt/airflow/dags/pipeline_dag.py     48  0.01s             1           0  0.21s           2025-11-19T21:30:09
================================================================================
[2025-11-19T21:31:09.873+0000] {manager.py:879} INFO - 
================================================================================
DAG File Processing Stats

File Path                            PID  Runtime      # DAGs    # Errors  Last Runtime    Last Run
---------------------------------  -----  ---------  --------  ----------  --------------  -------------------
/opt/airflow/dags/pipeline_dag.py    181  0.01s             1           0  0.14s           2025-11-19T21:30:39
================================================================================
[2025-11-19T21:31:40.136+0000] {manager.py:879} INFO - 
================================================================================
DAG File Processing Stats

File Path                          PID    Runtime      # DAGs    # Errors  Last Runtime    Last Run
---------------------------------  -----  ---------  --------  ----------  --------------  -------------------
/opt/airflow/dags/pipeline_dag.py                           1           0  0.31s           2025-11-19T21:31:10
================================================================================
[2025-11-19T21:32:10.572+0000] {manager.py:879} INFO - 
================================================================================
DAG File Processing Stats

File Path                            PID  Runtime      # DAGs    # Errors  Last Runtime    Last Run
---------------------------------  -----  ---------  --------  ----------  --------------  -------------------
/opt/airflow/dags/pipeline_dag.py    395  0.00s             1           0  0.19s           2025-11-19T21:31:40
================================================================================
[2025-11-19T21:32:37.782+0000] {manager.py:738} INFO - Searching for files in /opt/airflow/dags
[2025-11-19T21:32:37.816+0000] {manager.py:741} INFO - There are 1 files in /opt/airflow/dags
[2025-11-19T21:32:40.863+0000] {manager.py:879} INFO - 
================================================================================
DAG File Processing Stats

File Path                            PID  Runtime      # DAGs    # Errors  Last Runtime    Last Run
---------------------------------  -----  ---------  --------  ----------  --------------  -------------------
/opt/airflow/dags/pipeline_dag.py    396  0.01s             1           0  0.15s           2025-11-19T21:32:10
================================================================================
[2025-11-19T21:33:11.256+0000] {manager.py:879} INFO - 
================================================================================
DAG File Processing Stats

File Path                            PID  Runtime      # DAGs    # Errors  Last Runtime    Last Run
---------------------------------  -----  ---------  --------  ----------  --------------  -------------------
/opt/airflow/dags/pipeline_dag.py    397  0.01s             1           0  0.18s           2025-11-19T21:32:41
================================================================================
[2025-11-19T21:33:41.551+0000] {manager.py:879} INFO - 
================================================================================
DAG File Processing Stats

File Path                            PID  Runtime      # DAGs    # Errors  Last Runtime    Last Run
---------------------------------  -----  ---------  --------  ----------  --------------  -------------------
/opt/airflow/dags/pipeline_dag.py    398  0.01s             1           0  0.15s           2025-11-19T21:33:11
================================================================================
[2025-11-19T21:34:11.872+0000] {manager.py:879} INFO - 
================================================================================
DAG File Processing Stats

File Path                            PID  Runtime      # DAGs    # Errors  Last Runtime    Last Run
---------------------------------  -----  ---------  --------  ----------  --------------  -------------------
/opt/airflow/dags/pipeline_dag.py    399  0.01s             1           0  0.26s           2025-11-19T21:33:41
================================================================================
[2025-11-19T21:34:42.262+0000] {manager.py:879} INFO - 
================================================================================
DAG File Processing Stats

File Path                            PID  Runtime      # DAGs    # Errors  Last Runtime    Last Run
---------------------------------  -----  ---------  --------  ----------  --------------  -------------------
/opt/airflow/dags/pipeline_dag.py    400  0.01s             1           0  0.15s           2025-11-19T21:34:12
================================================================================
[2025-11-19T21:35:12.576+0000] {manager.py:879} INFO - 
================================================================================
DAG File Processing Stats

File Path                            PID  Runtime      # DAGs    # Errors  Last Runtime    Last Run
---------------------------------  -----  ---------  --------  ----------  --------------  -------------------
/opt/airflow/dags/pipeline_dag.py    401  0.01s             1           0  0.13s           2025-11-19T21:34:42
================================================================================
[2025-11-19T21:35:42.883+0000] {manager.py:879} INFO - 
================================================================================
DAG File Processing Stats

File Path                            PID  Runtime      # DAGs    # Errors  Last Runtime    Last Run
---------------------------------  -----  ---------  --------  ----------  --------------  -------------------
/opt/airflow/dags/pipeline_dag.py    402  0.00s             1           0  0.16s           2025-11-19T21:35:12
================================================================================
[2025-11-19T21:36:13.242+0000] {manager.py:879} INFO - 
================================================================================
DAG File Processing Stats

File Path                            PID  Runtime      # DAGs    # Errors  Last Runtime    Last Run
---------------------------------  -----  ---------  --------  ----------  --------------  -------------------
/opt/airflow/dags/pipeline_dag.py    403  0.01s             1           0  0.30s           2025-11-19T21:35:43
================================================================================
[2025-11-19T21:36:43.506+0000] {manager.py:879} INFO - 
================================================================================
DAG File Processing Stats

File Path                            PID  Runtime      # DAGs    # Errors  Last Runtime    Last Run
---------------------------------  -----  ---------  --------  ----------  --------------  -------------------
/opt/airflow/dags/pipeline_dag.py    443  0.01s             1           0  0.14s           2025-11-19T21:36:13
================================================================================
[2025-11-19T21:37:13.785+0000] {manager.py:879} INFO - 
================================================================================
DAG File Processing Stats

File Path                            PID  Runtime      # DAGs    # Errors  Last Runtime    Last Run
---------------------------------  -----  ---------  --------  ----------  --------------  -------------------
/opt/airflow/dags/pipeline_dag.py    483  0.00s             1           0  0.16s           2025-11-19T21:36:43
================================================================================
[2025-11-19T21:37:38.078+0000] {manager.py:738} INFO - Searching for files in /opt/airflow/dags
[2025-11-19T21:37:38.129+0000] {manager.py:741} INFO - There are 1 files in /opt/airflow/dags
[2025-11-19T21:37:44.192+0000] {manager.py:879} INFO - 
================================================================================
DAG File Processing Stats

File Path                            PID  Runtime      # DAGs    # Errors  Last Runtime    Last Run
---------------------------------  -----  ---------  --------  ----------  --------------  -------------------
/opt/airflow/dags/pipeline_dag.py    484  0.01s             1           0  0.15s           2025-11-19T21:37:13
================================================================================
[2025-11-19T21:38:14.470+0000] {manager.py:879} INFO - 
================================================================================
DAG File Processing Stats

File Path                            PID  Runtime      # DAGs    # Errors  Last Runtime    Last Run
---------------------------------  -----  ---------  --------  ----------  --------------  -------------------
/opt/airflow/dags/pipeline_dag.py    485  0.01s             1           0  0.16s           2025-11-19T21:37:44
================================================================================
[2025-11-19T21:38:44.809+0000] {manager.py:879} INFO - 
================================================================================
DAG File Processing Stats

File Path                            PID  Runtime      # DAGs    # Errors  Last Runtime    Last Run
---------------------------------  -----  ---------  --------  ----------  --------------  -------------------
/opt/airflow/dags/pipeline_dag.py    486  0.00s             1           0  0.15s           2025-11-19T21:38:14
================================================================================
[2025-11-19T21:39:15.050+0000] {manager.py:879} INFO - 
================================================================================
DAG File Processing Stats

File Path                            PID  Runtime      # DAGs    # Errors  Last Runtime    Last Run
---------------------------------  -----  ---------  --------  ----------  --------------  -------------------
/opt/airflow/dags/pipeline_dag.py    487  0.00s             1           0  0.15s           2025-11-19T21:38:44
================================================================================
[2025-11-19T21:39:45.351+0000] {manager.py:879} INFO - 
================================================================================
DAG File Processing Stats

File Path                            PID  Runtime      # DAGs    # Errors  Last Runtime    Last Run
---------------------------------  -----  ---------  --------  ----------  --------------  -------------------
/opt/airflow/dags/pipeline_dag.py    666  0.01s             1           0  0.15s           2025-11-19T21:39:15
================================================================================
[2025-11-19T21:40:15.733+0000] {manager.py:879} INFO - 
================================================================================
DAG File Processing Stats

File Path                            PID  Runtime      # DAGs    # Errors  Last Runtime    Last Run
---------------------------------  -----  ---------  --------  ----------  --------------  -------------------
/opt/airflow/dags/pipeline_dag.py    667  0.01s             1           0  0.22s           2025-11-19T21:39:45
================================================================================
[2025-11-19T21:40:46.138+0000] {manager.py:879} INFO - 
================================================================================
DAG File Processing Stats

File Path                            PID  Runtime      # DAGs    # Errors  Last Runtime    Last Run
---------------------------------  -----  ---------  --------  ----------  --------------  -------------------
/opt/airflow/dags/pipeline_dag.py    668  0.01s             1           0  0.16s           2025-11-19T21:40:15
================================================================================
[2025-11-19T21:41:16.797+0000] {manager.py:879} INFO - 
================================================================================
DAG File Processing Stats

File Path                            PID  Runtime      # DAGs    # Errors  Last Runtime    Last Run
---------------------------------  -----  ---------  --------  ----------  --------------  -------------------
/opt/airflow/dags/pipeline_dag.py    669  0.01s             1           0  0.28s           2025-11-19T21:40:46
================================================================================
[2025-11-19T21:41:46.853+0000] {manager.py:879} INFO - 
================================================================================
DAG File Processing Stats

File Path                          PID    Runtime      # DAGs    # Errors  Last Runtime    Last Run
---------------------------------  -----  ---------  --------  ----------  --------------  -------------------
/opt/airflow/dags/pipeline_dag.py                           1           0  0.22s           2025-11-19T21:41:17
================================================================================
[2025-11-19T21:42:17.255+0000] {manager.py:879} INFO - 
================================================================================
DAG File Processing Stats

File Path                          PID    Runtime      # DAGs    # Errors  Last Runtime    Last Run
---------------------------------  -----  ---------  --------  ----------  --------------  -------------------
/opt/airflow/dags/pipeline_dag.py                           1           0  0.47s           2025-11-19T21:41:48
================================================================================
[2025-11-19T21:42:38.483+0000] {manager.py:738} INFO - Searching for files in /opt/airflow/dags
[2025-11-19T21:42:38.539+0000] {manager.py:741} INFO - There are 1 files in /opt/airflow/dags
[2025-11-19T21:42:47.633+0000] {manager.py:879} INFO - 
================================================================================
DAG File Processing Stats

File Path                          PID    Runtime      # DAGs    # Errors  Last Runtime    Last Run
---------------------------------  -----  ---------  --------  ----------  --------------  -------------------
/opt/airflow/dags/pipeline_dag.py                           1           0  0.20s           2025-11-19T21:42:18
================================================================================
[2025-11-19T21:43:18.094+0000] {manager.py:879} INFO - 
================================================================================
DAG File Processing Stats

File Path                          PID    Runtime      # DAGs    # Errors  Last Runtime    Last Run
---------------------------------  -----  ---------  --------  ----------  --------------  -------------------
/opt/airflow/dags/pipeline_dag.py                           1           0  0.20s           2025-11-19T21:42:48
================================================================================
[2025-11-19T21:43:48.370+0000] {manager.py:879} INFO - 
================================================================================
DAG File Processing Stats

File Path                          PID    Runtime      # DAGs    # Errors  Last Runtime    Last Run
---------------------------------  -----  ---------  --------  ----------  --------------  -------------------
/opt/airflow/dags/pipeline_dag.py                           1           0  0.16s           2025-11-19T21:43:19
================================================================================
[2025-11-19T21:44:18.789+0000] {manager.py:879} INFO - 
================================================================================
DAG File Processing Stats

File Path                          PID    Runtime      # DAGs    # Errors  Last Runtime    Last Run
---------------------------------  -----  ---------  --------  ----------  --------------  -------------------
/opt/airflow/dags/pipeline_dag.py                           1           0  0.14s           2025-11-19T21:43:49
================================================================================
[2025-11-19T21:44:49.058+0000] {manager.py:879} INFO - 
================================================================================
DAG File Processing Stats

File Path                          PID    Runtime      # DAGs    # Errors  Last Runtime    Last Run
---------------------------------  -----  ---------  --------  ----------  --------------  -------------------
/opt/airflow/dags/pipeline_dag.py                           1           0  0.17s           2025-11-19T21:44:20
================================================================================
[2025-11-19T21:45:19.442+0000] {manager.py:879} INFO - 
================================================================================
DAG File Processing Stats

File Path                          PID    Runtime      # DAGs    # Errors  Last Runtime    Last Run
---------------------------------  -----  ---------  --------  ----------  --------------  -------------------
/opt/airflow/dags/pipeline_dag.py                           1           0  0.15s           2025-11-19T21:44:50
================================================================================
[2025-11-19T21:45:49.720+0000] {manager.py:879} INFO - 
================================================================================
DAG File Processing Stats

File Path                          PID    Runtime      # DAGs    # Errors  Last Runtime    Last Run
---------------------------------  -----  ---------  --------  ----------  --------------  -------------------
/opt/airflow/dags/pipeline_dag.py                           1           0  0.13s           2025-11-19T21:45:20
================================================================================
[2025-11-19T21:46:20.027+0000] {manager.py:879} INFO - 
================================================================================
DAG File Processing Stats

File Path                          PID    Runtime      # DAGs    # Errors  Last Runtime    Last Run
---------------------------------  -----  ---------  --------  ----------  --------------  -------------------
/opt/airflow/dags/pipeline_dag.py                           1           0  0.14s           2025-11-19T21:45:50
================================================================================
[2025-11-19T21:46:50.302+0000] {manager.py:879} INFO - 
================================================================================
DAG File Processing Stats

File Path                          PID    Runtime      # DAGs    # Errors  Last Runtime    Last Run
---------------------------------  -----  ---------  --------  ----------  --------------  -------------------
/opt/airflow/dags/pipeline_dag.py                           1           0  0.13s           2025-11-19T21:46:21
================================================================================
[2025-11-19T21:47:20.593+0000] {manager.py:879} INFO - 
================================================================================
DAG File Processing Stats

File Path                          PID    Runtime      # DAGs    # Errors  Last Runtime    Last Run
---------------------------------  -----  ---------  --------  ----------  --------------  -------------------
/opt/airflow/dags/pipeline_dag.py                           1           0  0.16s           2025-11-19T21:46:51
================================================================================
[2025-11-19T21:47:38.834+0000] {manager.py:738} INFO - Searching for files in /opt/airflow/dags
[2025-11-19T21:47:38.855+0000] {manager.py:741} INFO - There are 1 files in /opt/airflow/dags
[2025-11-19T21:47:50.973+0000] {manager.py:879} INFO - 
================================================================================
DAG File Processing Stats

File Path                          PID    Runtime      # DAGs    # Errors  Last Runtime    Last Run
---------------------------------  -----  ---------  --------  ----------  --------------  -------------------
/opt/airflow/dags/pipeline_dag.py                           1           0  0.17s           2025-11-19T21:47:21
================================================================================
[2025-11-19T21:48:21.266+0000] {manager.py:879} INFO - 
================================================================================
DAG File Processing Stats

File Path                          PID    Runtime      # DAGs    # Errors  Last Runtime    Last Run
---------------------------------  -----  ---------  --------  ----------  --------------  -------------------
/opt/airflow/dags/pipeline_dag.py                           1           0  0.14s           2025-11-19T21:47:52
================================================================================
[2025-11-19T21:48:51.720+0000] {manager.py:879} INFO - 
================================================================================
DAG File Processing Stats

File Path                          PID    Runtime      # DAGs    # Errors  Last Runtime    Last Run
---------------------------------  -----  ---------  --------  ----------  --------------  -------------------
/opt/airflow/dags/pipeline_dag.py                           1           0  0.26s           2025-11-19T21:48:22
================================================================================
[2025-11-19T21:49:22.241+0000] {manager.py:879} INFO - 
================================================================================
DAG File Processing Stats

File Path                          PID    Runtime      # DAGs    # Errors  Last Runtime    Last Run
---------------------------------  -----  ---------  --------  ----------  --------------  -------------------
/opt/airflow/dags/pipeline_dag.py                           1           0  0.37s           2025-11-19T21:48:53
================================================================================
[2025-11-19T21:49:52.603+0000] {manager.py:879} INFO - 
================================================================================
DAG File Processing Stats

File Path                          PID    Runtime      # DAGs    # Errors  Last Runtime    Last Run
---------------------------------  -----  ---------  --------  ----------  --------------  -------------------
/opt/airflow/dags/pipeline_dag.py                           1           0  0.26s           2025-11-19T21:49:23
================================================================================
[2025-11-19T21:50:23.213+0000] {manager.py:879} INFO - 
================================================================================
DAG File Processing Stats

File Path                          PID    Runtime      # DAGs    # Errors  Last Runtime    Last Run
---------------------------------  -----  ---------  --------  ----------  --------------  -------------------
/opt/airflow/dags/pipeline_dag.py                           1           0  0.36s           2025-11-19T21:49:54
================================================================================
[2025-11-19T21:50:53.671+0000] {manager.py:879} INFO - 
================================================================================
DAG File Processing Stats

File Path                          PID    Runtime      # DAGs    # Errors  Last Runtime    Last Run
---------------------------------  -----  ---------  --------  ----------  --------------  -------------------
/opt/airflow/dags/pipeline_dag.py                           1           0  0.27s           2025-11-19T21:50:24
================================================================================
[2025-11-19T21:51:24.011+0000] {manager.py:879} INFO - 
================================================================================
DAG File Processing Stats

File Path                          PID    Runtime      # DAGs    # Errors  Last Runtime    Last Run
---------------------------------  -----  ---------  --------  ----------  --------------  -------------------
/opt/airflow/dags/pipeline_dag.py                           1           0  0.19s           2025-11-19T21:50:54
================================================================================
[2025-11-19T21:51:54.361+0000] {manager.py:879} INFO - 
================================================================================
DAG File Processing Stats

File Path                          PID    Runtime      # DAGs    # Errors  Last Runtime    Last Run
---------------------------------  -----  ---------  --------  ----------  --------------  -------------------
/opt/airflow/dags/pipeline_dag.py                           1           0  0.20s           2025-11-19T21:51:25
================================================================================
[2025-11-19T21:52:24.653+0000] {manager.py:879} INFO - 
================================================================================
DAG File Processing Stats

File Path                          PID    Runtime      # DAGs    # Errors  Last Runtime    Last Run
---------------------------------  -----  ---------  --------  ----------  --------------  -------------------
/opt/airflow/dags/pipeline_dag.py                           1           0  0.31s           2025-11-19T21:51:55
================================================================================
[2025-11-19T21:52:38.960+0000] {manager.py:738} INFO - Searching for files in /opt/airflow/dags
[2025-11-19T21:52:38.992+0000] {manager.py:741} INFO - There are 1 files in /opt/airflow/dags
[2025-11-19T21:52:55.141+0000] {manager.py:879} INFO - 
================================================================================
DAG File Processing Stats

File Path                          PID    Runtime      # DAGs    # Errors  Last Runtime    Last Run
---------------------------------  -----  ---------  --------  ----------  --------------  -------------------
/opt/airflow/dags/pipeline_dag.py                           1           0  0.21s           2025-11-19T21:52:26
================================================================================
[2025-11-19T21:53:25.529+0000] {manager.py:879} INFO - 
================================================================================
DAG File Processing Stats

File Path                          PID    Runtime      # DAGs    # Errors  Last Runtime    Last Run
---------------------------------  -----  ---------  --------  ----------  --------------  -------------------
/opt/airflow/dags/pipeline_dag.py                           1           0  0.15s           2025-11-19T21:52:56
================================================================================
[2025-11-19T21:53:55.825+0000] {manager.py:879} INFO - 
================================================================================
DAG File Processing Stats

File Path                          PID    Runtime      # DAGs    # Errors  Last Runtime    Last Run
---------------------------------  -----  ---------  --------  ----------  --------------  -------------------
/opt/airflow/dags/pipeline_dag.py                           1           0  0.14s           2025-11-19T21:53:26
================================================================================
[2025-11-19T21:54:26.114+0000] {manager.py:879} INFO - 
================================================================================
DAG File Processing Stats

File Path                          PID    Runtime      # DAGs    # Errors  Last Runtime    Last Run
---------------------------------  -----  ---------  --------  ----------  --------------  -------------------
/opt/airflow/dags/pipeline_dag.py                           1           0  0.14s           2025-11-19T21:53:56
================================================================================
[2025-11-19T21:54:56.418+0000] {manager.py:879} INFO - 
================================================================================
DAG File Processing Stats

File Path                          PID    Runtime      # DAGs    # Errors  Last Runtime    Last Run
---------------------------------  -----  ---------  --------  ----------  --------------  -------------------
/opt/airflow/dags/pipeline_dag.py                           1           0  0.14s           2025-11-19T21:54:27
================================================================================
[2025-11-19T21:55:26.770+0000] {manager.py:879} INFO - 
================================================================================
DAG File Processing Stats

File Path                          PID    Runtime      # DAGs    # Errors  Last Runtime    Last Run
---------------------------------  -----  ---------  --------  ----------  --------------  -------------------
/opt/airflow/dags/pipeline_dag.py                           1           0  0.18s           2025-11-19T21:54:57
================================================================================
[2025-11-19T21:55:57.056+0000] {manager.py:879} INFO - 
================================================================================
DAG File Processing Stats

File Path                          PID    Runtime      # DAGs    # Errors  Last Runtime    Last Run
---------------------------------  -----  ---------  --------  ----------  --------------  -------------------
/opt/airflow/dags/pipeline_dag.py                           1           0  0.23s           2025-11-19T21:55:28
================================================================================
[2025-11-19T21:56:27.289+0000] {manager.py:879} INFO - 
================================================================================
DAG File Processing Stats

File Path                          PID    Runtime      # DAGs    # Errors  Last Runtime    Last Run
---------------------------------  -----  ---------  --------  ----------  --------------  -------------------
/opt/airflow/dags/pipeline_dag.py                           1           0  0.14s           2025-11-19T21:55:58
================================================================================
[2025-11-19T21:56:57.597+0000] {manager.py:879} INFO - 
================================================================================
DAG File Processing Stats

File Path                          PID    Runtime      # DAGs    # Errors  Last Runtime    Last Run
---------------------------------  -----  ---------  --------  ----------  --------------  -------------------
/opt/airflow/dags/pipeline_dag.py                           1           0  0.18s           2025-11-19T21:56:28
================================================================================
[2025-11-19T21:57:27.985+0000] {manager.py:879} INFO - 
================================================================================
DAG File Processing Stats

File Path                          PID    Runtime      # DAGs    # Errors  Last Runtime    Last Run
---------------------------------  -----  ---------  --------  ----------  --------------  -------------------
/opt/airflow/dags/pipeline_dag.py                           1           0  0.16s           2025-11-19T21:56:58
================================================================================
[2025-11-19T21:57:39.187+0000] {manager.py:738} INFO - Searching for files in /opt/airflow/dags
[2025-11-19T21:57:39.230+0000] {manager.py:741} INFO - There are 1 files in /opt/airflow/dags
[2025-11-19T21:57:58.461+0000] {manager.py:879} INFO - 
================================================================================
DAG File Processing Stats

File Path                          PID    Runtime      # DAGs    # Errors  Last Runtime    Last Run
---------------------------------  -----  ---------  --------  ----------  --------------  -------------------
/opt/airflow/dags/pipeline_dag.py                           1           0  0.17s           2025-11-19T21:57:29
================================================================================
[2025-11-19T21:58:28.770+0000] {manager.py:879} INFO - 
================================================================================
DAG File Processing Stats

File Path                          PID    Runtime      # DAGs    # Errors  Last Runtime    Last Run
---------------------------------  -----  ---------  --------  ----------  --------------  -------------------
/opt/airflow/dags/pipeline_dag.py                           1           0  0.14s           2025-11-19T21:57:59
================================================================================
[2025-11-19T21:58:59.047+0000] {manager.py:879} INFO - 
================================================================================
DAG File Processing Stats

File Path                          PID    Runtime      # DAGs    # Errors  Last Runtime    Last Run
---------------------------------  -----  ---------  --------  ----------  --------------  -------------------
/opt/airflow/dags/pipeline_dag.py                           1           0  0.17s           2025-11-19T21:58:29
================================================================================
[2025-11-19T21:59:29.401+0000] {manager.py:879} INFO - 
================================================================================
DAG File Processing Stats

File Path                          PID    Runtime      # DAGs    # Errors  Last Runtime    Last Run
---------------------------------  -----  ---------  --------  ----------  --------------  -------------------
/opt/airflow/dags/pipeline_dag.py                           1           0  0.14s           2025-11-19T21:59:00
================================================================================
[2025-11-19T21:59:59.664+0000] {manager.py:879} INFO - 
================================================================================
DAG File Processing Stats

File Path                          PID    Runtime      # DAGs    # Errors  Last Runtime    Last Run
---------------------------------  -----  ---------  --------  ----------  --------------  -------------------
/opt/airflow/dags/pipeline_dag.py                           1           0  0.14s           2025-11-19T21:59:30
================================================================================
[2025-11-19T22:00:30.193+0000] {manager.py:879} INFO - 
================================================================================
DAG File Processing Stats

File Path                          PID    Runtime      # DAGs    # Errors  Last Runtime    Last Run
---------------------------------  -----  ---------  --------  ----------  --------------  -------------------
/opt/airflow/dags/pipeline_dag.py                           1           0  0.22s           2025-11-19T22:00:00
================================================================================
[2025-11-19T22:19:01.579+0000] {manager.py:469} INFO - Processing files using up to 2 processes at a time 
[2025-11-19T22:19:01.580+0000] {manager.py:470} INFO - Process each file at most once every 30 seconds
[2025-11-19T22:19:01.581+0000] {manager.py:471} INFO - Checking for new files in /opt/airflow/dags every 300 seconds
[2025-11-19T22:19:01.581+0000] {manager.py:738} INFO - Searching for files in /opt/airflow/dags
[2025-11-19T22:19:01.604+0000] {manager.py:741} INFO - There are 1 files in /opt/airflow/dags
[2025-11-19T22:19:01.935+0000] {manager.py:879} INFO - 
================================================================================
DAG File Processing Stats

File Path                            PID  Runtime      # DAGs    # Errors  Last Runtime    Last Run
---------------------------------  -----  ---------  --------  ----------  --------------  ----------
/opt/airflow/dags/pipeline_dag.py     42  0.06s             0           0
================================================================================
[2025-11-19T22:19:32.094+0000] {manager.py:879} INFO - 
================================================================================
DAG File Processing Stats

File Path                          PID    Runtime      # DAGs    # Errors  Last Runtime    Last Run
---------------------------------  -----  ---------  --------  ----------  --------------  -------------------
/opt/airflow/dags/pipeline_dag.py                           1           0  0.66s           2025-11-19T22:19:02
================================================================================
[2025-11-19T22:20:02.375+0000] {manager.py:879} INFO - 
================================================================================
DAG File Processing Stats

File Path                          PID    Runtime      # DAGs    # Errors  Last Runtime    Last Run
---------------------------------  -----  ---------  --------  ----------  --------------  -------------------
/opt/airflow/dags/pipeline_dag.py                           1           0  0.32s           2025-11-19T22:19:33
================================================================================
[2025-11-19T22:20:32.598+0000] {manager.py:879} INFO - 
================================================================================
DAG File Processing Stats

File Path                          PID    Runtime      # DAGs    # Errors  Last Runtime    Last Run
---------------------------------  -----  ---------  --------  ----------  --------------  -------------------
/opt/airflow/dags/pipeline_dag.py                           1           0  0.15s           2025-11-19T22:20:03
================================================================================
[2025-11-19T22:21:03.218+0000] {manager.py:879} INFO - 
================================================================================
DAG File Processing Stats

File Path                          PID    Runtime      # DAGs    # Errors  Last Runtime    Last Run
---------------------------------  -----  ---------  --------  ----------  --------------  -------------------
/opt/airflow/dags/pipeline_dag.py                           1           0  0.32s           2025-11-19T22:20:33
================================================================================
[2025-11-19T22:21:33.676+0000] {manager.py:879} INFO - 
================================================================================
DAG File Processing Stats

File Path                          PID    Runtime      # DAGs    # Errors  Last Runtime    Last Run
---------------------------------  -----  ---------  --------  ----------  --------------  -------------------
/opt/airflow/dags/pipeline_dag.py                           1           0  0.19s           2025-11-19T22:21:04
================================================================================
[2025-11-19T22:22:04.095+0000] {manager.py:879} INFO - 
================================================================================
DAG File Processing Stats

File Path                          PID    Runtime      # DAGs    # Errors  Last Runtime    Last Run
---------------------------------  -----  ---------  --------  ----------  --------------  -------------------
/opt/airflow/dags/pipeline_dag.py                           1           0  0.32s           2025-11-19T22:21:35
================================================================================
[2025-11-19T22:22:34.565+0000] {manager.py:879} INFO - 
================================================================================
DAG File Processing Stats

File Path                          PID    Runtime      # DAGs    # Errors  Last Runtime    Last Run
---------------------------------  -----  ---------  --------  ----------  --------------  -------------------
/opt/airflow/dags/pipeline_dag.py                           1           0  0.25s           2025-11-19T22:22:05
================================================================================
[2025-11-19T22:23:05.007+0000] {manager.py:879} INFO - 
================================================================================
DAG File Processing Stats

File Path                          PID    Runtime      # DAGs    # Errors  Last Runtime    Last Run
---------------------------------  -----  ---------  --------  ----------  --------------  -------------------
/opt/airflow/dags/pipeline_dag.py                           1           0  0.42s           2025-11-19T22:22:36
================================================================================
[2025-11-19T22:23:35.546+0000] {manager.py:879} INFO - 
================================================================================
DAG File Processing Stats

File Path                          PID    Runtime      # DAGs    # Errors  Last Runtime    Last Run
---------------------------------  -----  ---------  --------  ----------  --------------  -------------------
/opt/airflow/dags/pipeline_dag.py                           1           0  0.14s           2025-11-19T22:23:06
================================================================================
[2025-11-19T22:24:01.900+0000] {manager.py:738} INFO - Searching for files in /opt/airflow/dags
[2025-11-19T22:24:01.974+0000] {manager.py:741} INFO - There are 1 files in /opt/airflow/dags
[2025-11-19T22:24:06.034+0000] {manager.py:879} INFO - 
================================================================================
DAG File Processing Stats

File Path                          PID    Runtime      # DAGs    # Errors  Last Runtime    Last Run
---------------------------------  -----  ---------  --------  ----------  --------------  -------------------
/opt/airflow/dags/pipeline_dag.py                           1           0  0.14s           2025-11-19T22:23:36
================================================================================
[2025-11-19T22:24:36.322+0000] {manager.py:879} INFO - 
================================================================================
DAG File Processing Stats

File Path                          PID    Runtime      # DAGs    # Errors  Last Runtime    Last Run
---------------------------------  -----  ---------  --------  ----------  --------------  -------------------
/opt/airflow/dags/pipeline_dag.py                           1           0  0.14s           2025-11-19T22:24:07
================================================================================
[2025-11-19T22:25:06.625+0000] {manager.py:879} INFO - 
================================================================================
DAG File Processing Stats

File Path                          PID    Runtime      # DAGs    # Errors  Last Runtime    Last Run
---------------------------------  -----  ---------  --------  ----------  --------------  -------------------
/opt/airflow/dags/pipeline_dag.py                           1           0  0.14s           2025-11-19T22:24:37
================================================================================
[2025-11-19T22:25:36.923+0000] {manager.py:879} INFO - 
================================================================================
DAG File Processing Stats

File Path                          PID    Runtime      # DAGs    # Errors  Last Runtime    Last Run
---------------------------------  -----  ---------  --------  ----------  --------------  -------------------
/opt/airflow/dags/pipeline_dag.py                           1           0  0.15s           2025-11-19T22:25:07
================================================================================
[2025-11-19T22:26:07.174+0000] {manager.py:879} INFO - 
================================================================================
DAG File Processing Stats

File Path                          PID    Runtime      # DAGs    # Errors  Last Runtime    Last Run
---------------------------------  -----  ---------  --------  ----------  --------------  -------------------
/opt/airflow/dags/pipeline_dag.py                           1           0  0.15s           2025-11-19T22:25:38
================================================================================
[2025-11-19T22:26:37.495+0000] {manager.py:879} INFO - 
================================================================================
DAG File Processing Stats

File Path                          PID    Runtime      # DAGs    # Errors  Last Runtime    Last Run
---------------------------------  -----  ---------  --------  ----------  --------------  -------------------
/opt/airflow/dags/pipeline_dag.py                           1           0  0.43s           2025-11-19T22:26:08
================================================================================
[2025-11-19T22:27:08.037+0000] {manager.py:879} INFO - 
================================================================================
DAG File Processing Stats

File Path                          PID    Runtime      # DAGs    # Errors  Last Runtime    Last Run
---------------------------------  -----  ---------  --------  ----------  --------------  -------------------
/opt/airflow/dags/pipeline_dag.py                           1           0  0.17s           2025-11-19T22:26:38
================================================================================
[2025-11-19T22:27:38.443+0000] {manager.py:879} INFO - 
================================================================================
DAG File Processing Stats

File Path                          PID    Runtime      # DAGs    # Errors  Last Runtime    Last Run
---------------------------------  -----  ---------  --------  ----------  --------------  -------------------
/opt/airflow/dags/pipeline_dag.py                           1           0  0.25s           2025-11-19T22:27:09
================================================================================
[2025-11-19T22:28:09.111+0000] {manager.py:879} INFO - 
================================================================================
DAG File Processing Stats

File Path                          PID    Runtime      # DAGs    # Errors  Last Runtime    Last Run
---------------------------------  -----  ---------  --------  ----------  --------------  -------------------
/opt/airflow/dags/pipeline_dag.py                           1           0  0.20s           2025-11-19T22:27:39
================================================================================
[2025-11-19T22:28:39.489+0000] {manager.py:879} INFO - 
================================================================================
DAG File Processing Stats

File Path                          PID    Runtime      # DAGs    # Errors  Last Runtime    Last Run
---------------------------------  -----  ---------  --------  ----------  --------------  -------------------
/opt/airflow/dags/pipeline_dag.py                           1           0  1.38s           2025-11-19T22:28:12
================================================================================
[2025-11-19T22:29:01.952+0000] {manager.py:738} INFO - Searching for files in /opt/airflow/dags
[2025-11-19T22:29:02.011+0000] {manager.py:741} INFO - There are 1 files in /opt/airflow/dags
[2025-11-19T22:29:09.604+0000] {manager.py:879} INFO - 
================================================================================
DAG File Processing Stats

File Path                          PID    Runtime      # DAGs    # Errors  Last Runtime    Last Run
---------------------------------  -----  ---------  --------  ----------  --------------  -------------------
/opt/airflow/dags/pipeline_dag.py                           1           0  1.29s           2025-11-19T22:28:43
================================================================================
[2025-11-19T22:29:40.047+0000] {manager.py:879} INFO - 
================================================================================
DAG File Processing Stats

File Path                          PID    Runtime      # DAGs    # Errors  Last Runtime    Last Run
---------------------------------  -----  ---------  --------  ----------  --------------  -------------------
/opt/airflow/dags/pipeline_dag.py                           1           0  0.29s           2025-11-19T22:29:13
================================================================================
[2025-11-19T22:30:10.502+0000] {manager.py:879} INFO - 
================================================================================
DAG File Processing Stats

File Path                          PID    Runtime      # DAGs    # Errors  Last Runtime    Last Run
---------------------------------  -----  ---------  --------  ----------  --------------  -------------------
/opt/airflow/dags/pipeline_dag.py                           1           0  0.55s           2025-11-19T22:29:44
================================================================================
[2025-11-19T22:30:41.246+0000] {manager.py:879} INFO - 
================================================================================
DAG File Processing Stats

File Path                          PID    Runtime      # DAGs    # Errors  Last Runtime    Last Run
---------------------------------  -----  ---------  --------  ----------  --------------  -------------------
/opt/airflow/dags/pipeline_dag.py                           1           0  0.22s           2025-11-19T22:30:15
================================================================================
[2025-11-19T22:31:11.277+0000] {manager.py:879} INFO - 
================================================================================
DAG File Processing Stats

File Path                          PID    Runtime      # DAGs    # Errors  Last Runtime    Last Run
---------------------------------  -----  ---------  --------  ----------  --------------  -------------------
/opt/airflow/dags/pipeline_dag.py                           1           0  0.58s           2025-11-19T22:30:46
================================================================================
[2025-11-19T22:31:41.740+0000] {manager.py:879} INFO - 
================================================================================
DAG File Processing Stats

File Path                          PID    Runtime      # DAGs    # Errors  Last Runtime    Last Run
---------------------------------  -----  ---------  --------  ----------  --------------  -------------------
/opt/airflow/dags/pipeline_dag.py                           1           0  0.30s           2025-11-19T22:31:17
================================================================================
[2025-11-19T22:32:11.886+0000] {manager.py:879} INFO - 
================================================================================
DAG File Processing Stats

File Path                          PID    Runtime      # DAGs    # Errors  Last Runtime    Last Run
---------------------------------  -----  ---------  --------  ----------  --------------  -------------------
/opt/airflow/dags/pipeline_dag.py                           1           0  0.88s           2025-11-19T22:31:49
================================================================================
[2025-11-19T22:32:42.418+0000] {manager.py:879} INFO - 
================================================================================
DAG File Processing Stats

File Path                          PID    Runtime      # DAGs    # Errors  Last Runtime    Last Run
---------------------------------  -----  ---------  --------  ----------  --------------  -------------------
/opt/airflow/dags/pipeline_dag.py                           1           0  0.46s           2025-11-19T22:32:20
================================================================================
[2025-11-19T22:33:12.894+0000] {manager.py:879} INFO - 
================================================================================
DAG File Processing Stats

File Path                          PID    Runtime      # DAGs    # Errors  Last Runtime    Last Run
---------------------------------  -----  ---------  --------  ----------  --------------  -------------------
/opt/airflow/dags/pipeline_dag.py                           1           0  0.97s           2025-11-19T22:32:51
================================================================================
[2025-11-19T22:33:43.346+0000] {manager.py:879} INFO - 
================================================================================
DAG File Processing Stats

File Path                          PID    Runtime      # DAGs    # Errors  Last Runtime    Last Run
---------------------------------  -----  ---------  --------  ----------  --------------  -------------------
/opt/airflow/dags/pipeline_dag.py                           1           0  0.54s           2025-11-19T22:33:22
================================================================================
[2025-11-19T22:34:02.036+0000] {manager.py:738} INFO - Searching for files in /opt/airflow/dags
[2025-11-19T22:34:02.063+0000] {manager.py:741} INFO - There are 1 files in /opt/airflow/dags
[2025-11-19T22:34:14.260+0000] {manager.py:879} INFO - 
================================================================================
DAG File Processing Stats

File Path                          PID    Runtime      # DAGs    # Errors  Last Runtime    Last Run
---------------------------------  -----  ---------  --------  ----------  --------------  -------------------
/opt/airflow/dags/pipeline_dag.py                           1           0  0.22s           2025-11-19T22:33:53
================================================================================
[2025-11-19T22:34:44.615+0000] {manager.py:879} INFO - 
================================================================================
DAG File Processing Stats

File Path                          PID    Runtime      # DAGs    # Errors  Last Runtime    Last Run
---------------------------------  -----  ---------  --------  ----------  --------------  -------------------
/opt/airflow/dags/pipeline_dag.py                           1           0  0.24s           2025-11-19T22:34:23
================================================================================
[2025-11-19T22:35:14.905+0000] {manager.py:879} INFO - 
================================================================================
DAG File Processing Stats

File Path                          PID    Runtime      # DAGs    # Errors  Last Runtime    Last Run
---------------------------------  -----  ---------  --------  ----------  --------------  -------------------
/opt/airflow/dags/pipeline_dag.py                           1           0  0.20s           2025-11-19T22:34:53
================================================================================
[2025-11-19T22:35:45.259+0000] {manager.py:879} INFO - 
================================================================================
DAG File Processing Stats

File Path                          PID    Runtime      # DAGs    # Errors  Last Runtime    Last Run
---------------------------------  -----  ---------  --------  ----------  --------------  -------------------
/opt/airflow/dags/pipeline_dag.py                           1           0  0.28s           2025-11-19T22:35:24
================================================================================
[2025-11-19T22:36:15.766+0000] {manager.py:879} INFO - 
================================================================================
DAG File Processing Stats

File Path                          PID    Runtime      # DAGs    # Errors  Last Runtime    Last Run
---------------------------------  -----  ---------  --------  ----------  --------------  -------------------
/opt/airflow/dags/pipeline_dag.py                           1           0  0.48s           2025-11-19T22:35:54
================================================================================
[2025-11-19T22:36:46.695+0000] {manager.py:879} INFO - 
================================================================================
DAG File Processing Stats

File Path                          PID    Runtime      # DAGs    # Errors  Last Runtime    Last Run
---------------------------------  -----  ---------  --------  ----------  --------------  -------------------
/opt/airflow/dags/pipeline_dag.py                           1           0  0.74s           2025-11-19T22:36:26
================================================================================
[2025-11-19T22:37:16.950+0000] {manager.py:879} INFO - 
================================================================================
DAG File Processing Stats

File Path                          PID    Runtime      # DAGs    # Errors  Last Runtime    Last Run
---------------------------------  -----  ---------  --------  ----------  --------------  -------------------
/opt/airflow/dags/pipeline_dag.py                           1           0  0.21s           2025-11-19T22:36:56
================================================================================
[2025-11-19T22:37:47.287+0000] {manager.py:879} INFO - 
================================================================================
DAG File Processing Stats

File Path                          PID    Runtime      # DAGs    # Errors  Last Runtime    Last Run
---------------------------------  -----  ---------  --------  ----------  --------------  -------------------
/opt/airflow/dags/pipeline_dag.py                           1           0  0.19s           2025-11-19T22:37:27
================================================================================
[2025-11-19T22:38:17.512+0000] {manager.py:879} INFO - 
================================================================================
DAG File Processing Stats

File Path                          PID    Runtime      # DAGs    # Errors  Last Runtime    Last Run
---------------------------------  -----  ---------  --------  ----------  --------------  -------------------
/opt/airflow/dags/pipeline_dag.py                           1           0  0.18s           2025-11-19T22:37:57
================================================================================
[2025-11-19T22:38:47.889+0000] {manager.py:879} INFO - 
================================================================================
DAG File Processing Stats

File Path                          PID    Runtime      # DAGs    # Errors  Last Runtime    Last Run
---------------------------------  -----  ---------  --------  ----------  --------------  -------------------
/opt/airflow/dags/pipeline_dag.py                           1           0  0.35s           2025-11-19T22:38:28
================================================================================
[2025-11-19T22:39:02.437+0000] {manager.py:738} INFO - Searching for files in /opt/airflow/dags
[2025-11-19T22:39:02.508+0000] {manager.py:741} INFO - There are 1 files in /opt/airflow/dags
[2025-11-19T22:39:18.626+0000] {manager.py:879} INFO - 
================================================================================
DAG File Processing Stats

File Path                          PID    Runtime      # DAGs    # Errors  Last Runtime    Last Run
---------------------------------  -----  ---------  --------  ----------  --------------  -------------------
/opt/airflow/dags/pipeline_dag.py                           1           0  0.34s           2025-11-19T22:38:58
================================================================================
[2025-11-19T22:39:49.101+0000] {manager.py:879} INFO - 
================================================================================
DAG File Processing Stats

File Path                          PID    Runtime      # DAGs    # Errors  Last Runtime    Last Run
---------------------------------  -----  ---------  --------  ----------  --------------  -------------------
/opt/airflow/dags/pipeline_dag.py                           1           0  0.39s           2025-11-19T22:39:29
================================================================================
[2025-11-19T22:40:19.684+0000] {manager.py:879} INFO - 
================================================================================
DAG File Processing Stats

File Path                          PID    Runtime      # DAGs    # Errors  Last Runtime    Last Run
---------------------------------  -----  ---------  --------  ----------  --------------  -------------------
/opt/airflow/dags/pipeline_dag.py                           1           0  0.28s           2025-11-19T22:39:59
================================================================================
[2025-11-19T22:40:50.137+0000] {manager.py:879} INFO - 
================================================================================
DAG File Processing Stats

File Path                          PID    Runtime      # DAGs    # Errors  Last Runtime    Last Run
---------------------------------  -----  ---------  --------  ----------  --------------  -------------------
/opt/airflow/dags/pipeline_dag.py                           1           0  0.32s           2025-11-19T22:40:30
================================================================================
[2025-11-19T22:41:20.659+0000] {manager.py:879} INFO - 
================================================================================
DAG File Processing Stats

File Path                          PID    Runtime      # DAGs    # Errors  Last Runtime    Last Run
---------------------------------  -----  ---------  --------  ----------  --------------  -------------------
/opt/airflow/dags/pipeline_dag.py                           1           0  0.37s           2025-11-19T22:41:00
================================================================================
[2025-11-19T22:41:51.446+0000] {manager.py:879} INFO - 
================================================================================
DAG File Processing Stats

File Path                          PID    Runtime      # DAGs    # Errors  Last Runtime    Last Run
---------------------------------  -----  ---------  --------  ----------  --------------  -------------------
/opt/airflow/dags/pipeline_dag.py                           1           0  0.38s           2025-11-19T22:41:31
================================================================================
[2025-11-19T22:42:21.474+0000] {manager.py:879} INFO - 
================================================================================
DAG File Processing Stats

File Path                          PID    Runtime      # DAGs    # Errors  Last Runtime    Last Run
---------------------------------  -----  ---------  --------  ----------  --------------  -------------------
/opt/airflow/dags/pipeline_dag.py                           1           0  1.22s           2025-11-19T22:42:03
================================================================================
[2025-11-19T22:42:51.565+0000] {manager.py:879} INFO - 
================================================================================
DAG File Processing Stats

File Path                          PID    Runtime      # DAGs    # Errors  Last Runtime    Last Run
---------------------------------  -----  ---------  --------  ----------  --------------  -------------------
/opt/airflow/dags/pipeline_dag.py                           1           0  0.17s           2025-11-19T22:42:34
================================================================================
[2025-11-19T22:43:21.897+0000] {manager.py:879} INFO - 
================================================================================
DAG File Processing Stats

File Path                          PID    Runtime      # DAGs    # Errors  Last Runtime    Last Run
---------------------------------  -----  ---------  --------  ----------  --------------  -------------------
/opt/airflow/dags/pipeline_dag.py                           1           0  0.14s           2025-11-19T22:43:04
================================================================================
[2025-11-19T22:43:52.125+0000] {manager.py:879} INFO - 
================================================================================
DAG File Processing Stats

File Path                          PID    Runtime      # DAGs    # Errors  Last Runtime    Last Run
---------------------------------  -----  ---------  --------  ----------  --------------  -------------------
/opt/airflow/dags/pipeline_dag.py                           1           0  0.13s           2025-11-19T22:43:35
================================================================================
[2025-11-19T22:44:03.185+0000] {manager.py:738} INFO - Searching for files in /opt/airflow/dags
[2025-11-19T22:44:03.210+0000] {manager.py:741} INFO - There are 1 files in /opt/airflow/dags
[2025-11-19T22:44:22.424+0000] {manager.py:879} INFO - 
================================================================================
DAG File Processing Stats

File Path                          PID    Runtime      # DAGs    # Errors  Last Runtime    Last Run
---------------------------------  -----  ---------  --------  ----------  --------------  -------------------
/opt/airflow/dags/pipeline_dag.py                           1           0  0.17s           2025-11-19T22:44:05
================================================================================
[2025-11-19T22:44:52.754+0000] {manager.py:879} INFO - 
================================================================================
DAG File Processing Stats

File Path                          PID    Runtime      # DAGs    # Errors  Last Runtime    Last Run
---------------------------------  -----  ---------  --------  ----------  --------------  -------------------
/opt/airflow/dags/pipeline_dag.py                           1           0  0.14s           2025-11-19T22:44:35
================================================================================
[2025-11-19T22:45:23.007+0000] {manager.py:879} INFO - 
================================================================================
DAG File Processing Stats

File Path                          PID    Runtime      # DAGs    # Errors  Last Runtime    Last Run
---------------------------------  -----  ---------  --------  ----------  --------------  -------------------
/opt/airflow/dags/pipeline_dag.py                           1           0  0.15s           2025-11-19T22:45:05
================================================================================
[2025-11-19T22:45:53.230+0000] {manager.py:879} INFO - 
================================================================================
DAG File Processing Stats

File Path                          PID    Runtime      # DAGs    # Errors  Last Runtime    Last Run
---------------------------------  -----  ---------  --------  ----------  --------------  -------------------
/opt/airflow/dags/pipeline_dag.py                           1           0  0.14s           2025-11-19T22:45:36
================================================================================
[2025-11-19T22:46:23.563+0000] {manager.py:879} INFO - 
================================================================================
DAG File Processing Stats

File Path                          PID    Runtime      # DAGs    # Errors  Last Runtime    Last Run
---------------------------------  -----  ---------  --------  ----------  --------------  -------------------
/opt/airflow/dags/pipeline_dag.py                           1           0  0.15s           2025-11-19T22:46:06
================================================================================
[2025-11-19T22:46:53.767+0000] {manager.py:879} INFO - 
================================================================================
DAG File Processing Stats

File Path                          PID    Runtime      # DAGs    # Errors  Last Runtime    Last Run
---------------------------------  -----  ---------  --------  ----------  --------------  -------------------
/opt/airflow/dags/pipeline_dag.py                           1           0  0.14s           2025-11-19T22:46:36
================================================================================
[2025-11-19T22:47:24.052+0000] {manager.py:879} INFO - 
================================================================================
DAG File Processing Stats

File Path                          PID    Runtime      # DAGs    # Errors  Last Runtime    Last Run
---------------------------------  -----  ---------  --------  ----------  --------------  -------------------
/opt/airflow/dags/pipeline_dag.py                           1           0  0.13s           2025-11-19T22:47:06
================================================================================
[2025-11-19T22:47:54.269+0000] {manager.py:879} INFO - 
================================================================================
DAG File Processing Stats

File Path                          PID    Runtime      # DAGs    # Errors  Last Runtime    Last Run
---------------------------------  -----  ---------  --------  ----------  --------------  -------------------
/opt/airflow/dags/pipeline_dag.py                           1           0  0.14s           2025-11-19T22:47:37
================================================================================
[2025-11-19T22:48:24.558+0000] {manager.py:879} INFO - 
================================================================================
DAG File Processing Stats

File Path                          PID    Runtime      # DAGs    # Errors  Last Runtime    Last Run
---------------------------------  -----  ---------  --------  ----------  --------------  -------------------
/opt/airflow/dags/pipeline_dag.py                           1           0  0.15s           2025-11-19T22:48:07
================================================================================
[2025-11-19T22:48:54.818+0000] {manager.py:879} INFO - 
================================================================================
DAG File Processing Stats

File Path                          PID    Runtime      # DAGs    # Errors  Last Runtime    Last Run
---------------------------------  -----  ---------  --------  ----------  --------------  -------------------
/opt/airflow/dags/pipeline_dag.py                           1           0  0.15s           2025-11-19T22:48:37
================================================================================
[2025-11-19T22:49:03.888+0000] {manager.py:738} INFO - Searching for files in /opt/airflow/dags
[2025-11-19T22:49:03.910+0000] {manager.py:741} INFO - There are 1 files in /opt/airflow/dags
[2025-11-19T22:49:25.090+0000] {manager.py:879} INFO - 
================================================================================
DAG File Processing Stats

File Path                          PID    Runtime      # DAGs    # Errors  Last Runtime    Last Run
---------------------------------  -----  ---------  --------  ----------  --------------  -------------------
/opt/airflow/dags/pipeline_dag.py                           1           0  0.15s           2025-11-19T22:49:08
================================================================================
[2025-11-19T22:49:55.401+0000] {manager.py:879} INFO - 
================================================================================
DAG File Processing Stats

File Path                          PID    Runtime      # DAGs    # Errors  Last Runtime    Last Run
---------------------------------  -----  ---------  --------  ----------  --------------  -------------------
/opt/airflow/dags/pipeline_dag.py                           1           0  0.17s           2025-11-19T22:49:38
================================================================================
[2025-11-19T22:50:25.636+0000] {manager.py:879} INFO - 
================================================================================
DAG File Processing Stats

File Path                          PID    Runtime      # DAGs    # Errors  Last Runtime    Last Run
---------------------------------  -----  ---------  --------  ----------  --------------  -------------------
/opt/airflow/dags/pipeline_dag.py                           1           0  0.14s           2025-11-19T22:50:08
================================================================================
[2025-11-19T22:50:55.928+0000] {manager.py:879} INFO - 
================================================================================
DAG File Processing Stats

File Path                          PID    Runtime      # DAGs    # Errors  Last Runtime    Last Run
---------------------------------  -----  ---------  --------  ----------  --------------  -------------------
/opt/airflow/dags/pipeline_dag.py                           1           0  0.14s           2025-11-19T22:50:38
================================================================================
[2025-11-19T22:51:26.238+0000] {manager.py:879} INFO - 
================================================================================
DAG File Processing Stats

File Path                          PID    Runtime      # DAGs    # Errors  Last Runtime    Last Run
---------------------------------  -----  ---------  --------  ----------  --------------  -------------------
/opt/airflow/dags/pipeline_dag.py                           1           0  0.14s           2025-11-19T22:51:09
================================================================================
[2025-11-19T22:51:56.515+0000] {manager.py:879} INFO - 
================================================================================
DAG File Processing Stats

File Path                          PID    Runtime      # DAGs    # Errors  Last Runtime    Last Run
---------------------------------  -----  ---------  --------  ----------  --------------  -------------------
/opt/airflow/dags/pipeline_dag.py                           1           0  0.15s           2025-11-19T22:51:39
================================================================================
[2025-11-19T22:52:26.782+0000] {manager.py:879} INFO - 
================================================================================
DAG File Processing Stats

File Path                          PID    Runtime      # DAGs    # Errors  Last Runtime    Last Run
---------------------------------  -----  ---------  --------  ----------  --------------  -------------------
/opt/airflow/dags/pipeline_dag.py                           1           0  0.16s           2025-11-19T22:52:09
================================================================================
[2025-11-19T22:52:57.067+0000] {manager.py:879} INFO - 
================================================================================
DAG File Processing Stats

File Path                          PID    Runtime      # DAGs    # Errors  Last Runtime    Last Run
---------------------------------  -----  ---------  --------  ----------  --------------  -------------------
/opt/airflow/dags/pipeline_dag.py                           1           0  0.13s           2025-11-19T22:52:40
================================================================================
[2025-11-19T22:53:27.268+0000] {manager.py:879} INFO - 
================================================================================
DAG File Processing Stats

File Path                          PID    Runtime      # DAGs    # Errors  Last Runtime    Last Run
---------------------------------  -----  ---------  --------  ----------  --------------  -------------------
/opt/airflow/dags/pipeline_dag.py                           1           0  0.17s           2025-11-19T22:53:10
================================================================================
[2025-11-19T22:53:57.576+0000] {manager.py:879} INFO - 
================================================================================
DAG File Processing Stats

File Path                          PID    Runtime      # DAGs    # Errors  Last Runtime    Last Run
---------------------------------  -----  ---------  --------  ----------  --------------  -------------------
/opt/airflow/dags/pipeline_dag.py                           1           0  0.17s           2025-11-19T22:53:40
================================================================================
[2025-11-19T22:54:04.626+0000] {manager.py:738} INFO - Searching for files in /opt/airflow/dags
[2025-11-19T22:54:04.651+0000] {manager.py:741} INFO - There are 1 files in /opt/airflow/dags
[2025-11-19T22:54:27.857+0000] {manager.py:879} INFO - 
================================================================================
DAG File Processing Stats

File Path                          PID    Runtime      # DAGs    # Errors  Last Runtime    Last Run
---------------------------------  -----  ---------  --------  ----------  --------------  -------------------
/opt/airflow/dags/pipeline_dag.py                           1           0  0.16s           2025-11-19T22:54:10
================================================================================
[2025-11-19T22:54:58.177+0000] {manager.py:879} INFO - 
================================================================================
DAG File Processing Stats

File Path                          PID    Runtime      # DAGs    # Errors  Last Runtime    Last Run
---------------------------------  -----  ---------  --------  ----------  --------------  -------------------
/opt/airflow/dags/pipeline_dag.py                           1           0  0.13s           2025-11-19T22:54:41
================================================================================
[2025-11-19T22:55:28.515+0000] {manager.py:879} INFO - 
================================================================================
DAG File Processing Stats

File Path                          PID    Runtime      # DAGs    # Errors  Last Runtime    Last Run
---------------------------------  -----  ---------  --------  ----------  --------------  -------------------
/opt/airflow/dags/pipeline_dag.py                           1           0  0.20s           2025-11-19T22:55:11
================================================================================
[2025-11-19T22:55:58.801+0000] {manager.py:879} INFO - 
================================================================================
DAG File Processing Stats

File Path                          PID    Runtime      # DAGs    # Errors  Last Runtime    Last Run
---------------------------------  -----  ---------  --------  ----------  --------------  -------------------
/opt/airflow/dags/pipeline_dag.py                           1           0  0.15s           2025-11-19T22:55:41
================================================================================
[2025-11-19T22:56:29.083+0000] {manager.py:879} INFO - 
================================================================================
DAG File Processing Stats

File Path                          PID    Runtime      # DAGs    # Errors  Last Runtime    Last Run
---------------------------------  -----  ---------  --------  ----------  --------------  -------------------
/opt/airflow/dags/pipeline_dag.py                           1           0  0.17s           2025-11-19T22:56:12
================================================================================
[2025-11-19T22:56:59.371+0000] {manager.py:879} INFO - 
================================================================================
DAG File Processing Stats

File Path                          PID    Runtime      # DAGs    # Errors  Last Runtime    Last Run
---------------------------------  -----  ---------  --------  ----------  --------------  -------------------
/opt/airflow/dags/pipeline_dag.py                           1           0  0.21s           2025-11-19T22:56:42
================================================================================
[2025-11-19T22:57:29.567+0000] {manager.py:879} INFO - 
================================================================================
DAG File Processing Stats

File Path                          PID    Runtime      # DAGs    # Errors  Last Runtime    Last Run
---------------------------------  -----  ---------  --------  ----------  --------------  -------------------
/opt/airflow/dags/pipeline_dag.py                           1           0  0.17s           2025-11-19T22:57:12
================================================================================
[2025-11-19T22:57:59.947+0000] {manager.py:879} INFO - 
================================================================================
DAG File Processing Stats

File Path                          PID    Runtime      # DAGs    # Errors  Last Runtime    Last Run
---------------------------------  -----  ---------  --------  ----------  --------------  -------------------
/opt/airflow/dags/pipeline_dag.py                           1           0  0.15s           2025-11-19T22:57:42
================================================================================
[2025-11-19T22:58:30.149+0000] {manager.py:879} INFO - 
================================================================================
DAG File Processing Stats

File Path                          PID    Runtime      # DAGs    # Errors  Last Runtime    Last Run
---------------------------------  -----  ---------  --------  ----------  --------------  -------------------
/opt/airflow/dags/pipeline_dag.py                           1           0  0.14s           2025-11-19T22:58:13
================================================================================
[2025-11-19T22:59:00.428+0000] {manager.py:879} INFO - 
================================================================================
DAG File Processing Stats

File Path                          PID    Runtime      # DAGs    # Errors  Last Runtime    Last Run
---------------------------------  -----  ---------  --------  ----------  --------------  -------------------
/opt/airflow/dags/pipeline_dag.py                           1           0  0.16s           2025-11-19T22:58:43
================================================================================
[2025-11-19T22:59:05.458+0000] {manager.py:738} INFO - Searching for files in /opt/airflow/dags
[2025-11-19T22:59:05.483+0000] {manager.py:741} INFO - There are 1 files in /opt/airflow/dags
[2025-11-19T22:59:30.678+0000] {manager.py:879} INFO - 
================================================================================
DAG File Processing Stats

File Path                          PID    Runtime      # DAGs    # Errors  Last Runtime    Last Run
---------------------------------  -----  ---------  --------  ----------  --------------  -------------------
/opt/airflow/dags/pipeline_dag.py                           1           0  0.18s           2025-11-19T22:59:13
================================================================================
[2025-11-19T23:00:01.147+0000] {manager.py:879} INFO - 
================================================================================
DAG File Processing Stats

File Path                          PID    Runtime      # DAGs    # Errors  Last Runtime    Last Run
---------------------------------  -----  ---------  --------  ----------  --------------  -------------------
/opt/airflow/dags/pipeline_dag.py                           1           0  0.28s           2025-11-19T22:59:44
================================================================================
[2025-11-19T23:00:31.690+0000] {manager.py:879} INFO - 
================================================================================
DAG File Processing Stats

File Path                          PID    Runtime      # DAGs    # Errors  Last Runtime    Last Run
---------------------------------  -----  ---------  --------  ----------  --------------  -------------------
/opt/airflow/dags/pipeline_dag.py                           1           0  0.35s           2025-11-19T23:00:14
================================================================================
[2025-11-19T23:01:02.335+0000] {manager.py:879} INFO - 
================================================================================
DAG File Processing Stats

File Path                          PID    Runtime      # DAGs    # Errors  Last Runtime    Last Run
---------------------------------  -----  ---------  --------  ----------  --------------  -------------------
/opt/airflow/dags/pipeline_dag.py                           1           0  0.29s           2025-11-19T23:00:45
================================================================================
[2025-11-19T23:01:32.754+0000] {manager.py:879} INFO - 
================================================================================
DAG File Processing Stats

File Path                          PID    Runtime      # DAGs    # Errors  Last Runtime    Last Run
---------------------------------  -----  ---------  --------  ----------  --------------  -------------------
/opt/airflow/dags/pipeline_dag.py                           1           0  0.25s           2025-11-19T23:01:15
================================================================================
[2025-11-19T23:02:03.529+0000] {manager.py:879} INFO - 
================================================================================
DAG File Processing Stats

File Path                          PID    Runtime      # DAGs    # Errors  Last Runtime    Last Run
---------------------------------  -----  ---------  --------  ----------  --------------  -------------------
/opt/airflow/dags/pipeline_dag.py                           1           0  0.38s           2025-11-19T23:01:46
================================================================================
[2025-11-19T23:02:34.004+0000] {manager.py:879} INFO - 
================================================================================
DAG File Processing Stats

File Path                          PID    Runtime      # DAGs    # Errors  Last Runtime    Last Run
---------------------------------  -----  ---------  --------  ----------  --------------  -------------------
/opt/airflow/dags/pipeline_dag.py                           1           0  0.21s           2025-11-19T23:02:16
================================================================================
[2025-11-19T23:03:04.556+0000] {manager.py:879} INFO - 
================================================================================
DAG File Processing Stats

File Path                          PID    Runtime      # DAGs    # Errors  Last Runtime    Last Run
---------------------------------  -----  ---------  --------  ----------  --------------  -------------------
/opt/airflow/dags/pipeline_dag.py                           1           0  0.42s           2025-11-19T23:02:47
================================================================================
[2025-11-19T23:03:34.902+0000] {manager.py:879} INFO - 
================================================================================
DAG File Processing Stats

File Path                          PID    Runtime      # DAGs    # Errors  Last Runtime    Last Run
---------------------------------  -----  ---------  --------  ----------  --------------  -------------------
/opt/airflow/dags/pipeline_dag.py                           1           0  0.28s           2025-11-19T23:03:18
================================================================================
[2025-11-19T23:04:05.372+0000] {manager.py:879} INFO - 
================================================================================
DAG File Processing Stats

File Path                          PID    Runtime      # DAGs    # Errors  Last Runtime    Last Run
---------------------------------  -----  ---------  --------  ----------  --------------  -------------------
/opt/airflow/dags/pipeline_dag.py                           1           0  0.17s           2025-11-19T23:03:48
================================================================================
[2025-11-19T23:04:05.549+0000] {manager.py:738} INFO - Searching for files in /opt/airflow/dags
[2025-11-19T23:04:05.576+0000] {manager.py:741} INFO - There are 1 files in /opt/airflow/dags
[2025-11-19T23:04:35.766+0000] {manager.py:879} INFO - 
================================================================================
DAG File Processing Stats

File Path                          PID    Runtime      # DAGs    # Errors  Last Runtime    Last Run
---------------------------------  -----  ---------  --------  ----------  --------------  -------------------
/opt/airflow/dags/pipeline_dag.py                           1           0  0.14s           2025-11-19T23:04:18
================================================================================
[2025-11-19T23:05:06.064+0000] {manager.py:879} INFO - 
================================================================================
DAG File Processing Stats

File Path                          PID    Runtime      # DAGs    # Errors  Last Runtime    Last Run
---------------------------------  -----  ---------  --------  ----------  --------------  -------------------
/opt/airflow/dags/pipeline_dag.py                           1           0  0.15s           2025-11-19T23:04:48
================================================================================
[2025-11-19T23:05:36.270+0000] {manager.py:879} INFO - 
================================================================================
DAG File Processing Stats

File Path                          PID    Runtime      # DAGs    # Errors  Last Runtime    Last Run
---------------------------------  -----  ---------  --------  ----------  --------------  -------------------
/opt/airflow/dags/pipeline_dag.py                           1           0  0.22s           2025-11-19T23:05:19
================================================================================
[2025-11-19T23:06:06.649+0000] {manager.py:879} INFO - 
================================================================================
DAG File Processing Stats

File Path                          PID    Runtime      # DAGs    # Errors  Last Runtime    Last Run
---------------------------------  -----  ---------  --------  ----------  --------------  -------------------
/opt/airflow/dags/pipeline_dag.py                           1           0  0.16s           2025-11-19T23:05:49
================================================================================
[2025-11-19T23:06:36.958+0000] {manager.py:879} INFO - 
================================================================================
DAG File Processing Stats

File Path                          PID    Runtime      # DAGs    # Errors  Last Runtime    Last Run
---------------------------------  -----  ---------  --------  ----------  --------------  -------------------
/opt/airflow/dags/pipeline_dag.py                           1           0  0.14s           2025-11-19T23:06:19
================================================================================
[2025-11-19T23:07:07.150+0000] {manager.py:879} INFO - 
================================================================================
DAG File Processing Stats

File Path                          PID    Runtime      # DAGs    # Errors  Last Runtime    Last Run
---------------------------------  -----  ---------  --------  ----------  --------------  -------------------
/opt/airflow/dags/pipeline_dag.py                           1           0  0.14s           2025-11-19T23:06:50
================================================================================
[2025-11-19T23:07:37.455+0000] {manager.py:879} INFO - 
================================================================================
DAG File Processing Stats

File Path                          PID    Runtime      # DAGs    # Errors  Last Runtime    Last Run
---------------------------------  -----  ---------  --------  ----------  --------------  -------------------
/opt/airflow/dags/pipeline_dag.py                           1           0  0.20s           2025-11-19T23:07:20
================================================================================
[2025-11-19T23:08:07.696+0000] {manager.py:879} INFO - 
================================================================================
DAG File Processing Stats

File Path                          PID    Runtime      # DAGs    # Errors  Last Runtime    Last Run
---------------------------------  -----  ---------  --------  ----------  --------------  -------------------
/opt/airflow/dags/pipeline_dag.py                           1           0  0.18s           2025-11-19T23:07:50
================================================================================
[2025-11-19T23:08:38.017+0000] {manager.py:879} INFO - 
================================================================================
DAG File Processing Stats

File Path                          PID    Runtime      # DAGs    # Errors  Last Runtime    Last Run
---------------------------------  -----  ---------  --------  ----------  --------------  -------------------
/opt/airflow/dags/pipeline_dag.py                           1           0  0.18s           2025-11-19T23:08:20
================================================================================
[2025-11-19T23:09:05.814+0000] {manager.py:738} INFO - Searching for files in /opt/airflow/dags
[2025-11-19T23:09:05.862+0000] {manager.py:741} INFO - There are 1 files in /opt/airflow/dags
[2025-11-19T23:09:08.587+0000] {manager.py:879} INFO - 
================================================================================
DAG File Processing Stats

File Path                          PID    Runtime      # DAGs    # Errors  Last Runtime    Last Run
---------------------------------  -----  ---------  --------  ----------  --------------  -------------------
/opt/airflow/dags/pipeline_dag.py                           1           0  0.35s           2025-11-19T23:08:51
================================================================================
[2025-11-19T23:09:39.366+0000] {manager.py:879} INFO - 
================================================================================
DAG File Processing Stats

File Path                          PID    Runtime      # DAGs    # Errors  Last Runtime    Last Run
---------------------------------  -----  ---------  --------  ----------  --------------  -------------------
/opt/airflow/dags/pipeline_dag.py                           1           0  0.27s           2025-11-19T23:09:22
================================================================================
[2025-11-19T23:10:09.907+0000] {manager.py:879} INFO - 
================================================================================
DAG File Processing Stats

File Path                          PID    Runtime      # DAGs    # Errors  Last Runtime    Last Run
---------------------------------  -----  ---------  --------  ----------  --------------  -------------------
/opt/airflow/dags/pipeline_dag.py                           1           0  0.35s           2025-11-19T23:09:52
================================================================================
[2025-11-19T23:10:40.555+0000] {manager.py:879} INFO - 
================================================================================
DAG File Processing Stats

File Path                          PID    Runtime      # DAGs    # Errors  Last Runtime    Last Run
---------------------------------  -----  ---------  --------  ----------  --------------  -------------------
/opt/airflow/dags/pipeline_dag.py                           1           0  0.30s           2025-11-19T23:10:23
================================================================================
[2025-11-19T23:11:11.173+0000] {manager.py:879} INFO - 
================================================================================
DAG File Processing Stats

File Path                          PID    Runtime      # DAGs    # Errors  Last Runtime    Last Run
---------------------------------  -----  ---------  --------  ----------  --------------  -------------------
/opt/airflow/dags/pipeline_dag.py                           1           0  0.41s           2025-11-19T23:10:54
================================================================================
[2025-11-19T23:11:41.923+0000] {manager.py:879} INFO - 
================================================================================
DAG File Processing Stats

File Path                          PID    Runtime      # DAGs    # Errors  Last Runtime    Last Run
---------------------------------  -----  ---------  --------  ----------  --------------  -------------------
/opt/airflow/dags/pipeline_dag.py                           1           0  0.29s           2025-11-19T23:11:24
================================================================================
[2025-11-19T23:12:12.537+0000] {manager.py:879} INFO - 
================================================================================
DAG File Processing Stats

File Path                          PID    Runtime      # DAGs    # Errors  Last Runtime    Last Run
---------------------------------  -----  ---------  --------  ----------  --------------  -------------------
/opt/airflow/dags/pipeline_dag.py                           1           0  0.28s           2025-11-19T23:11:55
================================================================================
[2025-11-19T23:12:43.172+0000] {manager.py:879} INFO - 
================================================================================
DAG File Processing Stats

File Path                          PID    Runtime      # DAGs    # Errors  Last Runtime    Last Run
---------------------------------  -----  ---------  --------  ----------  --------------  -------------------
/opt/airflow/dags/pipeline_dag.py                           1           0  0.36s           2025-11-19T23:12:26
================================================================================
[2025-11-19T23:13:13.775+0000] {manager.py:879} INFO - 
================================================================================
DAG File Processing Stats

File Path                          PID    Runtime      # DAGs    # Errors  Last Runtime    Last Run
---------------------------------  -----  ---------  --------  ----------  --------------  -------------------
/opt/airflow/dags/pipeline_dag.py                           1           0  0.32s           2025-11-19T23:12:56
================================================================================
[2025-11-19T23:13:44.436+0000] {manager.py:879} INFO - 
================================================================================
DAG File Processing Stats

File Path                          PID    Runtime      # DAGs    # Errors  Last Runtime    Last Run
---------------------------------  -----  ---------  --------  ----------  --------------  -------------------
/opt/airflow/dags/pipeline_dag.py                           1           0  0.51s           2025-11-19T23:13:27
================================================================================
[2025-11-19T23:14:06.001+0000] {manager.py:738} INFO - Searching for files in /opt/airflow/dags
[2025-11-19T23:14:06.045+0000] {manager.py:741} INFO - There are 1 files in /opt/airflow/dags
[2025-11-19T23:14:14.546+0000] {manager.py:879} INFO - 
================================================================================
DAG File Processing Stats

File Path                          PID    Runtime      # DAGs    # Errors  Last Runtime    Last Run
---------------------------------  -----  ---------  --------  ----------  --------------  -------------------
/opt/airflow/dags/pipeline_dag.py                           1           0  0.55s           2025-11-19T23:13:58
================================================================================
[2025-11-19T23:14:44.648+0000] {manager.py:879} INFO - 
================================================================================
DAG File Processing Stats

File Path                          PID    Runtime      # DAGs    # Errors  Last Runtime    Last Run
---------------------------------  -----  ---------  --------  ----------  --------------  -------------------
/opt/airflow/dags/pipeline_dag.py                           1           0  0.33s           2025-11-19T23:14:28
================================================================================
[2025-11-19T23:15:15.457+0000] {manager.py:879} INFO - 
================================================================================
DAG File Processing Stats

File Path                          PID    Runtime      # DAGs    # Errors  Last Runtime    Last Run
---------------------------------  -----  ---------  --------  ----------  --------------  -------------------
/opt/airflow/dags/pipeline_dag.py                           1           0  0.39s           2025-11-19T23:14:59
================================================================================
[2025-11-19T23:15:45.952+0000] {manager.py:879} INFO - 
================================================================================
DAG File Processing Stats

File Path                          PID    Runtime      # DAGs    # Errors  Last Runtime    Last Run
---------------------------------  -----  ---------  --------  ----------  --------------  -------------------
/opt/airflow/dags/pipeline_dag.py                           1           0  0.26s           2025-11-19T23:15:29
================================================================================
[2025-11-19T23:16:16.589+0000] {manager.py:879} INFO - 
================================================================================
DAG File Processing Stats

File Path                          PID    Runtime      # DAGs    # Errors  Last Runtime    Last Run
---------------------------------  -----  ---------  --------  ----------  --------------  -------------------
/opt/airflow/dags/pipeline_dag.py                           1           0  0.31s           2025-11-19T23:16:00
================================================================================
[2025-11-19T23:16:47.184+0000] {manager.py:879} INFO - 
================================================================================
DAG File Processing Stats

File Path                          PID    Runtime      # DAGs    # Errors  Last Runtime    Last Run
---------------------------------  -----  ---------  --------  ----------  --------------  -------------------
/opt/airflow/dags/pipeline_dag.py                           1           0  0.38s           2025-11-19T23:16:31
================================================================================
[2025-11-19T23:17:17.883+0000] {manager.py:879} INFO - 
================================================================================
DAG File Processing Stats

File Path                          PID    Runtime      # DAGs    # Errors  Last Runtime    Last Run
---------------------------------  -----  ---------  --------  ----------  --------------  -------------------
/opt/airflow/dags/pipeline_dag.py                           1           0  0.37s           2025-11-19T23:17:01
================================================================================
[2025-11-19T23:17:47.951+0000] {manager.py:879} INFO - 
================================================================================
DAG File Processing Stats

File Path                          PID    Runtime      # DAGs    # Errors  Last Runtime    Last Run
---------------------------------  -----  ---------  --------  ----------  --------------  -------------------
/opt/airflow/dags/pipeline_dag.py                           1           0  0.51s           2025-11-19T23:17:32
================================================================================
[2025-11-19T23:18:18.082+0000] {manager.py:879} INFO - 
================================================================================
DAG File Processing Stats

File Path                          PID    Runtime      # DAGs    # Errors  Last Runtime    Last Run
---------------------------------  -----  ---------  --------  ----------  --------------  -------------------
/opt/airflow/dags/pipeline_dag.py                           1           0  0.18s           2025-11-19T23:18:02
================================================================================
[2025-11-19T23:18:48.246+0000] {manager.py:879} INFO - 
================================================================================
DAG File Processing Stats

File Path                          PID    Runtime      # DAGs    # Errors  Last Runtime    Last Run
---------------------------------  -----  ---------  --------  ----------  --------------  -------------------
/opt/airflow/dags/pipeline_dag.py                           1           0  0.16s           2025-11-19T23:18:33
================================================================================
[2025-11-19T23:19:06.497+0000] {manager.py:738} INFO - Searching for files in /opt/airflow/dags
[2025-11-19T23:19:06.522+0000] {manager.py:741} INFO - There are 1 files in /opt/airflow/dags
[2025-11-19T23:19:18.612+0000] {manager.py:879} INFO - 
================================================================================
DAG File Processing Stats

File Path                          PID    Runtime      # DAGs    # Errors  Last Runtime    Last Run
---------------------------------  -----  ---------  --------  ----------  --------------  -------------------
/opt/airflow/dags/pipeline_dag.py                           1           0  0.16s           2025-11-19T23:19:03
================================================================================
[2025-11-19T23:19:48.811+0000] {manager.py:879} INFO - 
================================================================================
DAG File Processing Stats

File Path                          PID    Runtime      # DAGs    # Errors  Last Runtime    Last Run
---------------------------------  -----  ---------  --------  ----------  --------------  -------------------
/opt/airflow/dags/pipeline_dag.py                           1           0  0.27s           2025-11-19T23:19:33
================================================================================
[2025-11-19T23:20:19.255+0000] {manager.py:879} INFO - 
================================================================================
DAG File Processing Stats

File Path                          PID    Runtime      # DAGs    # Errors  Last Runtime    Last Run
---------------------------------  -----  ---------  --------  ----------  --------------  -------------------
/opt/airflow/dags/pipeline_dag.py                           1           0  0.18s           2025-11-19T23:20:04
================================================================================
[2025-11-19T23:20:49.584+0000] {manager.py:879} INFO - 
================================================================================
DAG File Processing Stats

File Path                          PID    Runtime      # DAGs    # Errors  Last Runtime    Last Run
---------------------------------  -----  ---------  --------  ----------  --------------  -------------------
/opt/airflow/dags/pipeline_dag.py                           1           0  0.16s           2025-11-19T23:20:34
================================================================================
[2025-11-19T23:21:19.783+0000] {manager.py:879} INFO - 
================================================================================
DAG File Processing Stats

File Path                          PID    Runtime      # DAGs    # Errors  Last Runtime    Last Run
---------------------------------  -----  ---------  --------  ----------  --------------  -------------------
/opt/airflow/dags/pipeline_dag.py                           1           0  0.14s           2025-11-19T23:21:04
================================================================================
[2025-11-19T23:21:50.170+0000] {manager.py:879} INFO - 
================================================================================
DAG File Processing Stats

File Path                          PID    Runtime      # DAGs    # Errors  Last Runtime    Last Run
---------------------------------  -----  ---------  --------  ----------  --------------  -------------------
/opt/airflow/dags/pipeline_dag.py                           1           0  0.15s           2025-11-19T23:21:35
================================================================================
[2025-11-19T23:22:20.412+0000] {manager.py:879} INFO - 
================================================================================
DAG File Processing Stats

File Path                          PID    Runtime      # DAGs    # Errors  Last Runtime    Last Run
---------------------------------  -----  ---------  --------  ----------  --------------  -------------------
/opt/airflow/dags/pipeline_dag.py                           1           0  0.15s           2025-11-19T23:22:05
================================================================================
[2025-11-19T23:22:50.835+0000] {manager.py:879} INFO - 
================================================================================
DAG File Processing Stats

File Path                          PID    Runtime      # DAGs    # Errors  Last Runtime    Last Run
---------------------------------  -----  ---------  --------  ----------  --------------  -------------------
/opt/airflow/dags/pipeline_dag.py                           1           0  0.19s           2025-11-19T23:22:35
================================================================================
[2025-11-19T23:23:21.490+0000] {manager.py:879} INFO - 
================================================================================
DAG File Processing Stats

File Path                          PID    Runtime      # DAGs    # Errors  Last Runtime    Last Run
---------------------------------  -----  ---------  --------  ----------  --------------  -------------------
/opt/airflow/dags/pipeline_dag.py                           1           0  0.21s           2025-11-19T23:23:06
================================================================================
[2025-11-19T23:23:51.690+0000] {manager.py:879} INFO - 
================================================================================
DAG File Processing Stats

File Path                          PID    Runtime      # DAGs    # Errors  Last Runtime    Last Run
---------------------------------  -----  ---------  --------  ----------  --------------  -------------------
/opt/airflow/dags/pipeline_dag.py                           1           0  0.15s           2025-11-19T23:23:36
================================================================================
[2025-11-19T23:24:06.773+0000] {manager.py:738} INFO - Searching for files in /opt/airflow/dags
[2025-11-19T23:24:06.798+0000] {manager.py:741} INFO - There are 1 files in /opt/airflow/dags
[2025-11-19T23:24:21.985+0000] {manager.py:879} INFO - 
================================================================================
DAG File Processing Stats

File Path                          PID    Runtime      # DAGs    # Errors  Last Runtime    Last Run
---------------------------------  -----  ---------  --------  ----------  --------------  -------------------
/opt/airflow/dags/pipeline_dag.py                           1           0  0.16s           2025-11-19T23:24:06
================================================================================
[2025-11-19T23:24:52.227+0000] {manager.py:879} INFO - 
================================================================================
DAG File Processing Stats

File Path                          PID    Runtime      # DAGs    # Errors  Last Runtime    Last Run
---------------------------------  -----  ---------  --------  ----------  --------------  -------------------
/opt/airflow/dags/pipeline_dag.py                           1           0  0.20s           2025-11-19T23:24:37
================================================================================
[2025-11-19T23:25:22.549+0000] {manager.py:879} INFO - 
================================================================================
DAG File Processing Stats

File Path                          PID    Runtime      # DAGs    # Errors  Last Runtime    Last Run
---------------------------------  -----  ---------  --------  ----------  --------------  -------------------
/opt/airflow/dags/pipeline_dag.py                           1           0  0.17s           2025-11-19T23:25:07
================================================================================
[2025-11-19T23:25:52.760+0000] {manager.py:879} INFO - 
================================================================================
DAG File Processing Stats

File Path                          PID    Runtime      # DAGs    # Errors  Last Runtime    Last Run
---------------------------------  -----  ---------  --------  ----------  --------------  -------------------
/opt/airflow/dags/pipeline_dag.py                           1           0  0.15s           2025-11-19T23:25:37
================================================================================
[2025-11-19T23:26:23.030+0000] {manager.py:879} INFO - 
================================================================================
DAG File Processing Stats

File Path                          PID    Runtime      # DAGs    # Errors  Last Runtime    Last Run
---------------------------------  -----  ---------  --------  ----------  --------------  -------------------
/opt/airflow/dags/pipeline_dag.py                           1           0  0.33s           2025-11-19T23:26:08
================================================================================
[2025-11-19T23:26:53.460+0000] {manager.py:879} INFO - 
================================================================================
DAG File Processing Stats

File Path                          PID    Runtime      # DAGs    # Errors  Last Runtime    Last Run
---------------------------------  -----  ---------  --------  ----------  --------------  -------------------
/opt/airflow/dags/pipeline_dag.py                           1           0  0.57s           2025-11-19T23:26:38
================================================================================
[2025-11-19T23:27:24.211+0000] {manager.py:879} INFO - 
================================================================================
DAG File Processing Stats

File Path                          PID    Runtime      # DAGs    # Errors  Last Runtime    Last Run
---------------------------------  -----  ---------  --------  ----------  --------------  -------------------
/opt/airflow/dags/pipeline_dag.py                           1           0  0.15s           2025-11-19T23:27:09
================================================================================
[2025-11-19T23:27:54.524+0000] {manager.py:879} INFO - 
================================================================================
DAG File Processing Stats

File Path                          PID    Runtime      # DAGs    # Errors  Last Runtime    Last Run
---------------------------------  -----  ---------  --------  ----------  --------------  -------------------
/opt/airflow/dags/pipeline_dag.py                           1           0  0.17s           2025-11-19T23:27:39
================================================================================
[2025-11-19T23:28:24.784+0000] {manager.py:879} INFO - 
================================================================================
DAG File Processing Stats

File Path                          PID    Runtime      # DAGs    # Errors  Last Runtime    Last Run
---------------------------------  -----  ---------  --------  ----------  --------------  -------------------
/opt/airflow/dags/pipeline_dag.py                           1           0  0.15s           2025-11-19T23:28:09
================================================================================
[2025-11-19T23:28:55.084+0000] {manager.py:879} INFO - 
================================================================================
DAG File Processing Stats

File Path                          PID    Runtime      # DAGs    # Errors  Last Runtime    Last Run
---------------------------------  -----  ---------  --------  ----------  --------------  -------------------
/opt/airflow/dags/pipeline_dag.py                           1           0  0.14s           2025-11-19T23:28:40
================================================================================
[2025-11-19T23:29:07.157+0000] {manager.py:738} INFO - Searching for files in /opt/airflow/dags
[2025-11-19T23:29:07.200+0000] {manager.py:741} INFO - There are 1 files in /opt/airflow/dags
[2025-11-19T23:29:25.570+0000] {manager.py:879} INFO - 
================================================================================
DAG File Processing Stats

File Path                          PID    Runtime      # DAGs    # Errors  Last Runtime    Last Run
---------------------------------  -----  ---------  --------  ----------  --------------  -------------------
/opt/airflow/dags/pipeline_dag.py                           1           0  0.30s           2025-11-19T23:29:10
================================================================================
[2025-11-19T23:29:56.225+0000] {manager.py:879} INFO - 
================================================================================
DAG File Processing Stats

File Path                          PID    Runtime      # DAGs    # Errors  Last Runtime    Last Run
---------------------------------  -----  ---------  --------  ----------  --------------  -------------------
/opt/airflow/dags/pipeline_dag.py                           1           0  0.27s           2025-11-19T23:29:41
================================================================================
[2025-11-19T23:30:26.763+0000] {manager.py:879} INFO - 
================================================================================
DAG File Processing Stats

File Path                          PID    Runtime      # DAGs    # Errors  Last Runtime    Last Run
---------------------------------  -----  ---------  --------  ----------  --------------  -------------------
/opt/airflow/dags/pipeline_dag.py                           1           0  0.36s           2025-11-19T23:30:11
================================================================================
[2025-11-19T23:30:57.500+0000] {manager.py:879} INFO - 
================================================================================
DAG File Processing Stats

File Path                          PID    Runtime      # DAGs    # Errors  Last Runtime    Last Run
---------------------------------  -----  ---------  --------  ----------  --------------  -------------------
/opt/airflow/dags/pipeline_dag.py                           1           0  0.45s           2025-11-19T23:30:42
================================================================================
[2025-11-19T23:31:27.535+0000] {manager.py:879} INFO - 
================================================================================
DAG File Processing Stats

File Path                          PID    Runtime      # DAGs    # Errors  Last Runtime    Last Run
---------------------------------  -----  ---------  --------  ----------  --------------  -------------------
/opt/airflow/dags/pipeline_dag.py                           1           0  0.42s           2025-11-19T23:31:13
================================================================================
[2025-11-19T23:31:57.793+0000] {manager.py:879} INFO - 
================================================================================
DAG File Processing Stats

File Path                          PID    Runtime      # DAGs    # Errors  Last Runtime    Last Run
---------------------------------  -----  ---------  --------  ----------  --------------  -------------------
/opt/airflow/dags/pipeline_dag.py                           1           0  0.28s           2025-11-19T23:31:43
================================================================================
[2025-11-19T23:32:28.216+0000] {manager.py:879} INFO - 
================================================================================
DAG File Processing Stats

File Path                          PID    Runtime      # DAGs    # Errors  Last Runtime    Last Run
---------------------------------  -----  ---------  --------  ----------  --------------  -------------------
/opt/airflow/dags/pipeline_dag.py                           1           0  0.38s           2025-11-19T23:32:14
================================================================================
[2025-11-19T23:32:58.903+0000] {manager.py:879} INFO - 
================================================================================
DAG File Processing Stats

File Path                          PID    Runtime      # DAGs    # Errors  Last Runtime    Last Run
---------------------------------  -----  ---------  --------  ----------  --------------  -------------------
/opt/airflow/dags/pipeline_dag.py                           1           0  0.41s           2025-11-19T23:32:44
================================================================================
[2025-11-19T23:33:29.586+0000] {manager.py:879} INFO - 
================================================================================
DAG File Processing Stats

File Path                          PID    Runtime      # DAGs    # Errors  Last Runtime    Last Run
---------------------------------  -----  ---------  --------  ----------  --------------  -------------------
/opt/airflow/dags/pipeline_dag.py                           1           0  0.37s           2025-11-19T23:33:15
================================================================================
[2025-11-19T23:34:00.163+0000] {manager.py:879} INFO - 
================================================================================
DAG File Processing Stats

File Path                          PID    Runtime      # DAGs    # Errors  Last Runtime    Last Run
---------------------------------  -----  ---------  --------  ----------  --------------  -------------------
/opt/airflow/dags/pipeline_dag.py                           1           0  0.34s           2025-11-19T23:33:46
================================================================================
[2025-11-19T23:34:07.283+0000] {manager.py:738} INFO - Searching for files in /opt/airflow/dags
[2025-11-19T23:34:07.399+0000] {manager.py:741} INFO - There are 1 files in /opt/airflow/dags
[2025-11-19T23:34:30.176+0000] {manager.py:879} INFO - 
================================================================================
DAG File Processing Stats

File Path                          PID    Runtime      # DAGs    # Errors  Last Runtime    Last Run
---------------------------------  -----  ---------  --------  ----------  --------------  -------------------
/opt/airflow/dags/pipeline_dag.py                           1           0  0.36s           2025-11-19T23:34:16
================================================================================
[2025-11-19T23:35:00.584+0000] {manager.py:879} INFO - 
================================================================================
DAG File Processing Stats

File Path                          PID    Runtime      # DAGs    # Errors  Last Runtime    Last Run
---------------------------------  -----  ---------  --------  ----------  --------------  -------------------
/opt/airflow/dags/pipeline_dag.py                           1           0  0.28s           2025-11-19T23:34:47
================================================================================
[2025-11-19T23:35:31.190+0000] {manager.py:879} INFO - 
================================================================================
DAG File Processing Stats

File Path                          PID    Runtime      # DAGs    # Errors  Last Runtime    Last Run
---------------------------------  -----  ---------  --------  ----------  --------------  -------------------
/opt/airflow/dags/pipeline_dag.py                           1           0  0.44s           2025-11-19T23:35:18
================================================================================
[2025-11-19T23:36:01.971+0000] {manager.py:879} INFO - 
================================================================================
DAG File Processing Stats

File Path                          PID    Runtime      # DAGs    # Errors  Last Runtime    Last Run
---------------------------------  -----  ---------  --------  ----------  --------------  -------------------
/opt/airflow/dags/pipeline_dag.py                           1           0  0.41s           2025-11-19T23:35:48
================================================================================
[2025-11-19T23:36:32.493+0000] {manager.py:879} INFO - 
================================================================================
DAG File Processing Stats

File Path                          PID    Runtime      # DAGs    # Errors  Last Runtime    Last Run
---------------------------------  -----  ---------  --------  ----------  --------------  -------------------
/opt/airflow/dags/pipeline_dag.py                           1           0  0.46s           2025-11-19T23:36:19
================================================================================
[2025-11-19T23:37:02.928+0000] {manager.py:879} INFO - 
================================================================================
DAG File Processing Stats

File Path                          PID    Runtime      # DAGs    # Errors  Last Runtime    Last Run
---------------------------------  -----  ---------  --------  ----------  --------------  -------------------
/opt/airflow/dags/pipeline_dag.py                           1           0  0.40s           2025-11-19T23:36:50
================================================================================
[2025-11-19T23:37:33.357+0000] {manager.py:879} INFO - 
================================================================================
DAG File Processing Stats

File Path                          PID    Runtime      # DAGs    # Errors  Last Runtime    Last Run
---------------------------------  -----  ---------  --------  ----------  --------------  -------------------
/opt/airflow/dags/pipeline_dag.py                           1           0  0.32s           2025-11-19T23:37:20
================================================================================
[2025-11-19T23:38:04.155+0000] {manager.py:879} INFO - 
================================================================================
DAG File Processing Stats

File Path                          PID    Runtime      # DAGs    # Errors  Last Runtime    Last Run
---------------------------------  -----  ---------  --------  ----------  --------------  -------------------
/opt/airflow/dags/pipeline_dag.py                           1           0  0.40s           2025-11-19T23:37:51
================================================================================
[2025-11-19T23:38:34.609+0000] {manager.py:879} INFO - 
================================================================================
DAG File Processing Stats

File Path                          PID    Runtime      # DAGs    # Errors  Last Runtime    Last Run
---------------------------------  -----  ---------  --------  ----------  --------------  -------------------
/opt/airflow/dags/pipeline_dag.py                           1           0  0.20s           2025-11-19T23:38:21
================================================================================
[2025-11-19T23:39:04.822+0000] {manager.py:879} INFO - 
================================================================================
DAG File Processing Stats

File Path                          PID    Runtime      # DAGs    # Errors  Last Runtime    Last Run
---------------------------------  -----  ---------  --------  ----------  --------------  -------------------
/opt/airflow/dags/pipeline_dag.py                           1           0  0.14s           2025-11-19T23:38:51
================================================================================
[2025-11-19T23:39:07.838+0000] {manager.py:738} INFO - Searching for files in /opt/airflow/dags
[2025-11-19T23:39:07.864+0000] {manager.py:741} INFO - There are 1 files in /opt/airflow/dags
[2025-11-19T23:39:35.169+0000] {manager.py:879} INFO - 
================================================================================
DAG File Processing Stats

File Path                          PID    Runtime      # DAGs    # Errors  Last Runtime    Last Run
---------------------------------  -----  ---------  --------  ----------  --------------  -------------------
/opt/airflow/dags/pipeline_dag.py                           1           0  0.14s           2025-11-19T23:39:22
================================================================================
[2025-11-19T23:40:05.442+0000] {manager.py:879} INFO - 
================================================================================
DAG File Processing Stats

File Path                          PID    Runtime      # DAGs    # Errors  Last Runtime    Last Run
---------------------------------  -----  ---------  --------  ----------  --------------  -------------------
/opt/airflow/dags/pipeline_dag.py                           1           0  0.14s           2025-11-19T23:39:52
================================================================================
[2025-11-19T23:40:35.769+0000] {manager.py:879} INFO - 
================================================================================
DAG File Processing Stats

File Path                          PID    Runtime      # DAGs    # Errors  Last Runtime    Last Run
---------------------------------  -----  ---------  --------  ----------  --------------  -------------------
/opt/airflow/dags/pipeline_dag.py                           1           0  0.18s           2025-11-19T23:40:22
================================================================================
[2025-11-19T23:41:06.030+0000] {manager.py:879} INFO - 
================================================================================
DAG File Processing Stats

File Path                          PID    Runtime      # DAGs    # Errors  Last Runtime    Last Run
---------------------------------  -----  ---------  --------  ----------  --------------  -------------------
/opt/airflow/dags/pipeline_dag.py                           1           0  0.17s           2025-11-19T23:40:53
================================================================================
[2025-11-19T23:41:36.290+0000] {manager.py:879} INFO - 
================================================================================
DAG File Processing Stats

File Path                          PID    Runtime      # DAGs    # Errors  Last Runtime    Last Run
---------------------------------  -----  ---------  --------  ----------  --------------  -------------------
/opt/airflow/dags/pipeline_dag.py                           1           0  0.15s           2025-11-19T23:41:23
================================================================================
[2025-11-19T23:42:06.509+0000] {manager.py:879} INFO - 
================================================================================
DAG File Processing Stats

File Path                          PID    Runtime      # DAGs    # Errors  Last Runtime    Last Run
---------------------------------  -----  ---------  --------  ----------  --------------  -------------------
/opt/airflow/dags/pipeline_dag.py                           1           0  0.16s           2025-11-19T23:41:53
================================================================================
[2025-11-19T23:42:36.811+0000] {manager.py:879} INFO - 
================================================================================
DAG File Processing Stats

File Path                          PID    Runtime      # DAGs    # Errors  Last Runtime    Last Run
---------------------------------  -----  ---------  --------  ----------  --------------  -------------------
/opt/airflow/dags/pipeline_dag.py                           1           0  0.16s           2025-11-19T23:42:23
================================================================================
[2025-11-19T23:43:07.034+0000] {manager.py:879} INFO - 
================================================================================
DAG File Processing Stats

File Path                          PID    Runtime      # DAGs    # Errors  Last Runtime    Last Run
---------------------------------  -----  ---------  --------  ----------  --------------  -------------------
/opt/airflow/dags/pipeline_dag.py                           1           0  0.16s           2025-11-19T23:42:54
================================================================================
[2025-11-19T23:43:37.750+0000] {manager.py:879} INFO - 
================================================================================
DAG File Processing Stats

File Path                            PID  Runtime      # DAGs    # Errors  Last Runtime    Last Run
---------------------------------  -----  ---------  --------  ----------  --------------  -------------------
/opt/airflow/dags/pipeline_dag.py    721  0.01s             1           0  0.16s           2025-11-19T23:42:54
================================================================================
