[2025-11-19T03:57:35.005+0000] {processor.py:161} INFO - Started process (PID=36) to work on /opt/airflow/dags/pipeline_dag.py
[2025-11-19T03:57:35.007+0000] {processor.py:830} INFO - Processing file /opt/airflow/dags/pipeline_dag.py for tasks to queue
[2025-11-19T03:57:35.009+0000] {logging_mixin.py:188} INFO - [2025-11-19T03:57:35.009+0000] {dagbag.py:538} INFO - Filling up the DagBag from /opt/airflow/dags/pipeline_dag.py
[2025-11-19T03:57:35.097+0000] {processor.py:840} INFO - DAG(s) 'full_ml_pipeline' retrieved from /opt/airflow/dags/pipeline_dag.py
[2025-11-19T03:57:35.480+0000] {logging_mixin.py:188} INFO - [2025-11-19T03:57:35.479+0000] {override.py:1769} INFO - Created Permission View: can read on DAG:full_ml_pipeline
[2025-11-19T03:57:35.494+0000] {logging_mixin.py:188} INFO - [2025-11-19T03:57:35.494+0000] {override.py:1769} INFO - Created Permission View: can delete on DAG:full_ml_pipeline
[2025-11-19T03:57:35.507+0000] {logging_mixin.py:188} INFO - [2025-11-19T03:57:35.507+0000] {override.py:1769} INFO - Created Permission View: can edit on DAG:full_ml_pipeline
[2025-11-19T03:57:35.508+0000] {logging_mixin.py:188} INFO - [2025-11-19T03:57:35.508+0000] {dag.py:3036} INFO - Sync 1 DAGs
[2025-11-19T03:57:35.526+0000] {logging_mixin.py:188} INFO - [2025-11-19T03:57:35.526+0000] {dag.py:3058} INFO - Creating ORM DAG for full_ml_pipeline
[2025-11-19T03:57:35.528+0000] {logging_mixin.py:188} INFO - [2025-11-19T03:57:35.527+0000] {dag.py:3823} INFO - Setting next_dagrun for full_ml_pipeline to None, run_after=None
[2025-11-19T03:57:35.556+0000] {processor.py:183} INFO - Processing /opt/airflow/dags/pipeline_dag.py took 0.557 seconds
[2025-11-19T03:58:05.854+0000] {processor.py:161} INFO - Started process (PID=37) to work on /opt/airflow/dags/pipeline_dag.py
[2025-11-19T03:58:05.857+0000] {processor.py:830} INFO - Processing file /opt/airflow/dags/pipeline_dag.py for tasks to queue
[2025-11-19T03:58:05.859+0000] {logging_mixin.py:188} INFO - [2025-11-19T03:58:05.858+0000] {dagbag.py:538} INFO - Filling up the DagBag from /opt/airflow/dags/pipeline_dag.py
[2025-11-19T03:58:05.918+0000] {processor.py:840} INFO - DAG(s) 'full_ml_pipeline' retrieved from /opt/airflow/dags/pipeline_dag.py
[2025-11-19T03:58:05.978+0000] {logging_mixin.py:188} INFO - [2025-11-19T03:58:05.977+0000] {dag.py:3036} INFO - Sync 1 DAGs
[2025-11-19T03:58:05.999+0000] {logging_mixin.py:188} INFO - [2025-11-19T03:58:05.998+0000] {dag.py:3823} INFO - Setting next_dagrun for full_ml_pipeline to None, run_after=None
[2025-11-19T03:58:06.036+0000] {processor.py:183} INFO - Processing /opt/airflow/dags/pipeline_dag.py took 0.192 seconds
[2025-11-19T03:58:36.140+0000] {processor.py:161} INFO - Started process (PID=38) to work on /opt/airflow/dags/pipeline_dag.py
[2025-11-19T03:58:36.143+0000] {processor.py:830} INFO - Processing file /opt/airflow/dags/pipeline_dag.py for tasks to queue
[2025-11-19T03:58:36.145+0000] {logging_mixin.py:188} INFO - [2025-11-19T03:58:36.145+0000] {dagbag.py:538} INFO - Filling up the DagBag from /opt/airflow/dags/pipeline_dag.py
[2025-11-19T03:58:36.196+0000] {processor.py:840} INFO - DAG(s) 'full_ml_pipeline' retrieved from /opt/airflow/dags/pipeline_dag.py
[2025-11-19T03:58:36.258+0000] {logging_mixin.py:188} INFO - [2025-11-19T03:58:36.258+0000] {dag.py:3036} INFO - Sync 1 DAGs
[2025-11-19T03:58:36.282+0000] {logging_mixin.py:188} INFO - [2025-11-19T03:58:36.282+0000] {dag.py:3823} INFO - Setting next_dagrun for full_ml_pipeline to None, run_after=None
[2025-11-19T03:58:36.335+0000] {processor.py:183} INFO - Processing /opt/airflow/dags/pipeline_dag.py took 0.204 seconds
[2025-11-19T03:59:06.603+0000] {processor.py:161} INFO - Started process (PID=39) to work on /opt/airflow/dags/pipeline_dag.py
[2025-11-19T03:59:06.605+0000] {processor.py:830} INFO - Processing file /opt/airflow/dags/pipeline_dag.py for tasks to queue
[2025-11-19T03:59:06.607+0000] {logging_mixin.py:188} INFO - [2025-11-19T03:59:06.607+0000] {dagbag.py:538} INFO - Filling up the DagBag from /opt/airflow/dags/pipeline_dag.py
[2025-11-19T03:59:06.657+0000] {processor.py:840} INFO - DAG(s) 'full_ml_pipeline' retrieved from /opt/airflow/dags/pipeline_dag.py
[2025-11-19T03:59:06.716+0000] {logging_mixin.py:188} INFO - [2025-11-19T03:59:06.716+0000] {dag.py:3036} INFO - Sync 1 DAGs
[2025-11-19T03:59:06.738+0000] {logging_mixin.py:188} INFO - [2025-11-19T03:59:06.738+0000] {dag.py:3823} INFO - Setting next_dagrun for full_ml_pipeline to None, run_after=None
[2025-11-19T03:59:06.790+0000] {processor.py:183} INFO - Processing /opt/airflow/dags/pipeline_dag.py took 0.196 seconds
[2025-11-19T03:59:36.893+0000] {processor.py:161} INFO - Started process (PID=40) to work on /opt/airflow/dags/pipeline_dag.py
[2025-11-19T03:59:36.896+0000] {processor.py:830} INFO - Processing file /opt/airflow/dags/pipeline_dag.py for tasks to queue
[2025-11-19T03:59:36.898+0000] {logging_mixin.py:188} INFO - [2025-11-19T03:59:36.898+0000] {dagbag.py:538} INFO - Filling up the DagBag from /opt/airflow/dags/pipeline_dag.py
[2025-11-19T03:59:36.954+0000] {processor.py:840} INFO - DAG(s) 'full_ml_pipeline' retrieved from /opt/airflow/dags/pipeline_dag.py
[2025-11-19T03:59:37.015+0000] {logging_mixin.py:188} INFO - [2025-11-19T03:59:37.014+0000] {dag.py:3036} INFO - Sync 1 DAGs
[2025-11-19T03:59:37.039+0000] {logging_mixin.py:188} INFO - [2025-11-19T03:59:37.039+0000] {dag.py:3823} INFO - Setting next_dagrun for full_ml_pipeline to None, run_after=None
[2025-11-19T03:59:37.091+0000] {processor.py:183} INFO - Processing /opt/airflow/dags/pipeline_dag.py took 0.207 seconds
[2025-11-19T04:00:07.329+0000] {processor.py:161} INFO - Started process (PID=41) to work on /opt/airflow/dags/pipeline_dag.py
[2025-11-19T04:00:07.331+0000] {processor.py:830} INFO - Processing file /opt/airflow/dags/pipeline_dag.py for tasks to queue
[2025-11-19T04:00:07.333+0000] {logging_mixin.py:188} INFO - [2025-11-19T04:00:07.332+0000] {dagbag.py:538} INFO - Filling up the DagBag from /opt/airflow/dags/pipeline_dag.py
[2025-11-19T04:00:07.372+0000] {processor.py:840} INFO - DAG(s) 'full_ml_pipeline' retrieved from /opt/airflow/dags/pipeline_dag.py
[2025-11-19T04:00:07.427+0000] {logging_mixin.py:188} INFO - [2025-11-19T04:00:07.427+0000] {dag.py:3036} INFO - Sync 1 DAGs
[2025-11-19T04:00:07.450+0000] {logging_mixin.py:188} INFO - [2025-11-19T04:00:07.450+0000] {dag.py:3823} INFO - Setting next_dagrun for full_ml_pipeline to None, run_after=None
[2025-11-19T04:00:07.504+0000] {processor.py:183} INFO - Processing /opt/airflow/dags/pipeline_dag.py took 0.181 seconds
[2025-11-19T04:00:37.632+0000] {processor.py:161} INFO - Started process (PID=59) to work on /opt/airflow/dags/pipeline_dag.py
[2025-11-19T04:00:37.635+0000] {processor.py:830} INFO - Processing file /opt/airflow/dags/pipeline_dag.py for tasks to queue
[2025-11-19T04:00:37.638+0000] {logging_mixin.py:188} INFO - [2025-11-19T04:00:37.637+0000] {dagbag.py:538} INFO - Filling up the DagBag from /opt/airflow/dags/pipeline_dag.py
[2025-11-19T04:00:37.685+0000] {processor.py:840} INFO - DAG(s) 'full_ml_pipeline' retrieved from /opt/airflow/dags/pipeline_dag.py
[2025-11-19T04:00:37.745+0000] {logging_mixin.py:188} INFO - [2025-11-19T04:00:37.745+0000] {dag.py:3036} INFO - Sync 1 DAGs
[2025-11-19T04:00:37.768+0000] {logging_mixin.py:188} INFO - [2025-11-19T04:00:37.768+0000] {dag.py:3823} INFO - Setting next_dagrun for full_ml_pipeline to None, run_after=None
[2025-11-19T04:00:37.823+0000] {processor.py:183} INFO - Processing /opt/airflow/dags/pipeline_dag.py took 0.201 seconds
[2025-11-19T04:01:08.052+0000] {processor.py:161} INFO - Started process (PID=61) to work on /opt/airflow/dags/pipeline_dag.py
[2025-11-19T04:01:08.054+0000] {processor.py:830} INFO - Processing file /opt/airflow/dags/pipeline_dag.py for tasks to queue
[2025-11-19T04:01:08.055+0000] {logging_mixin.py:188} INFO - [2025-11-19T04:01:08.055+0000] {dagbag.py:538} INFO - Filling up the DagBag from /opt/airflow/dags/pipeline_dag.py
[2025-11-19T04:01:08.099+0000] {processor.py:840} INFO - DAG(s) 'full_ml_pipeline' retrieved from /opt/airflow/dags/pipeline_dag.py
[2025-11-19T04:01:08.153+0000] {logging_mixin.py:188} INFO - [2025-11-19T04:01:08.152+0000] {dag.py:3036} INFO - Sync 1 DAGs
[2025-11-19T04:01:08.175+0000] {logging_mixin.py:188} INFO - [2025-11-19T04:01:08.175+0000] {dag.py:3823} INFO - Setting next_dagrun for full_ml_pipeline to None, run_after=None
[2025-11-19T04:01:08.215+0000] {processor.py:183} INFO - Processing /opt/airflow/dags/pipeline_dag.py took 0.170 seconds
[2025-11-19T04:01:38.364+0000] {processor.py:161} INFO - Started process (PID=62) to work on /opt/airflow/dags/pipeline_dag.py
[2025-11-19T04:01:38.366+0000] {processor.py:830} INFO - Processing file /opt/airflow/dags/pipeline_dag.py for tasks to queue
[2025-11-19T04:01:38.367+0000] {logging_mixin.py:188} INFO - [2025-11-19T04:01:38.367+0000] {dagbag.py:538} INFO - Filling up the DagBag from /opt/airflow/dags/pipeline_dag.py
[2025-11-19T04:01:38.412+0000] {processor.py:840} INFO - DAG(s) 'full_ml_pipeline' retrieved from /opt/airflow/dags/pipeline_dag.py
[2025-11-19T04:01:38.469+0000] {logging_mixin.py:188} INFO - [2025-11-19T04:01:38.468+0000] {dag.py:3036} INFO - Sync 1 DAGs
[2025-11-19T04:01:38.491+0000] {logging_mixin.py:188} INFO - [2025-11-19T04:01:38.490+0000] {dag.py:3823} INFO - Setting next_dagrun for full_ml_pipeline to None, run_after=None
[2025-11-19T04:01:38.545+0000] {processor.py:183} INFO - Processing /opt/airflow/dags/pipeline_dag.py took 0.189 seconds
[2025-11-19T04:02:08.765+0000] {processor.py:161} INFO - Started process (PID=63) to work on /opt/airflow/dags/pipeline_dag.py
[2025-11-19T04:02:08.768+0000] {processor.py:830} INFO - Processing file /opt/airflow/dags/pipeline_dag.py for tasks to queue
[2025-11-19T04:02:08.770+0000] {logging_mixin.py:188} INFO - [2025-11-19T04:02:08.769+0000] {dagbag.py:538} INFO - Filling up the DagBag from /opt/airflow/dags/pipeline_dag.py
[2025-11-19T04:02:08.816+0000] {processor.py:840} INFO - DAG(s) 'full_ml_pipeline' retrieved from /opt/airflow/dags/pipeline_dag.py
[2025-11-19T04:02:08.867+0000] {logging_mixin.py:188} INFO - [2025-11-19T04:02:08.867+0000] {dag.py:3036} INFO - Sync 1 DAGs
[2025-11-19T04:02:08.887+0000] {logging_mixin.py:188} INFO - [2025-11-19T04:02:08.887+0000] {dag.py:3823} INFO - Setting next_dagrun for full_ml_pipeline to None, run_after=None
[2025-11-19T04:02:08.938+0000] {processor.py:183} INFO - Processing /opt/airflow/dags/pipeline_dag.py took 0.181 seconds
[2025-11-19T04:02:39.177+0000] {processor.py:161} INFO - Started process (PID=64) to work on /opt/airflow/dags/pipeline_dag.py
[2025-11-19T04:02:39.180+0000] {processor.py:830} INFO - Processing file /opt/airflow/dags/pipeline_dag.py for tasks to queue
[2025-11-19T04:02:39.181+0000] {logging_mixin.py:188} INFO - [2025-11-19T04:02:39.181+0000] {dagbag.py:538} INFO - Filling up the DagBag from /opt/airflow/dags/pipeline_dag.py
[2025-11-19T04:02:39.233+0000] {processor.py:840} INFO - DAG(s) 'full_ml_pipeline' retrieved from /opt/airflow/dags/pipeline_dag.py
[2025-11-19T04:02:39.285+0000] {logging_mixin.py:188} INFO - [2025-11-19T04:02:39.285+0000] {dag.py:3036} INFO - Sync 1 DAGs
[2025-11-19T04:02:39.306+0000] {logging_mixin.py:188} INFO - [2025-11-19T04:02:39.305+0000] {dag.py:3823} INFO - Setting next_dagrun for full_ml_pipeline to None, run_after=None
[2025-11-19T04:02:39.354+0000] {processor.py:183} INFO - Processing /opt/airflow/dags/pipeline_dag.py took 0.185 seconds
[2025-11-19T04:03:09.486+0000] {processor.py:161} INFO - Started process (PID=65) to work on /opt/airflow/dags/pipeline_dag.py
[2025-11-19T04:03:09.488+0000] {processor.py:830} INFO - Processing file /opt/airflow/dags/pipeline_dag.py for tasks to queue
[2025-11-19T04:03:09.490+0000] {logging_mixin.py:188} INFO - [2025-11-19T04:03:09.490+0000] {dagbag.py:538} INFO - Filling up the DagBag from /opt/airflow/dags/pipeline_dag.py
[2025-11-19T04:03:09.551+0000] {processor.py:840} INFO - DAG(s) 'full_ml_pipeline' retrieved from /opt/airflow/dags/pipeline_dag.py
[2025-11-19T04:03:09.605+0000] {logging_mixin.py:188} INFO - [2025-11-19T04:03:09.604+0000] {dag.py:3036} INFO - Sync 1 DAGs
[2025-11-19T04:03:09.630+0000] {logging_mixin.py:188} INFO - [2025-11-19T04:03:09.630+0000] {dag.py:3823} INFO - Setting next_dagrun for full_ml_pipeline to None, run_after=None
[2025-11-19T04:03:09.687+0000] {processor.py:183} INFO - Processing /opt/airflow/dags/pipeline_dag.py took 0.206 seconds
[2025-11-19T04:03:39.892+0000] {processor.py:161} INFO - Started process (PID=66) to work on /opt/airflow/dags/pipeline_dag.py
[2025-11-19T04:03:39.895+0000] {processor.py:830} INFO - Processing file /opt/airflow/dags/pipeline_dag.py for tasks to queue
[2025-11-19T04:03:39.897+0000] {logging_mixin.py:188} INFO - [2025-11-19T04:03:39.896+0000] {dagbag.py:538} INFO - Filling up the DagBag from /opt/airflow/dags/pipeline_dag.py
[2025-11-19T04:03:39.941+0000] {processor.py:840} INFO - DAG(s) 'full_ml_pipeline' retrieved from /opt/airflow/dags/pipeline_dag.py
[2025-11-19T04:03:39.993+0000] {logging_mixin.py:188} INFO - [2025-11-19T04:03:39.993+0000] {dag.py:3036} INFO - Sync 1 DAGs
[2025-11-19T04:03:40.015+0000] {logging_mixin.py:188} INFO - [2025-11-19T04:03:40.015+0000] {dag.py:3823} INFO - Setting next_dagrun for full_ml_pipeline to None, run_after=None
[2025-11-19T04:03:40.068+0000] {processor.py:183} INFO - Processing /opt/airflow/dags/pipeline_dag.py took 0.183 seconds
[2025-11-19T04:04:10.228+0000] {processor.py:161} INFO - Started process (PID=67) to work on /opt/airflow/dags/pipeline_dag.py
[2025-11-19T04:04:10.231+0000] {processor.py:830} INFO - Processing file /opt/airflow/dags/pipeline_dag.py for tasks to queue
[2025-11-19T04:04:10.234+0000] {logging_mixin.py:188} INFO - [2025-11-19T04:04:10.233+0000] {dagbag.py:538} INFO - Filling up the DagBag from /opt/airflow/dags/pipeline_dag.py
[2025-11-19T04:04:10.277+0000] {processor.py:840} INFO - DAG(s) 'full_ml_pipeline' retrieved from /opt/airflow/dags/pipeline_dag.py
[2025-11-19T04:04:10.332+0000] {logging_mixin.py:188} INFO - [2025-11-19T04:04:10.332+0000] {dag.py:3036} INFO - Sync 1 DAGs
[2025-11-19T04:04:10.360+0000] {logging_mixin.py:188} INFO - [2025-11-19T04:04:10.360+0000] {dag.py:3823} INFO - Setting next_dagrun for full_ml_pipeline to None, run_after=None
[2025-11-19T04:04:10.414+0000] {processor.py:183} INFO - Processing /opt/airflow/dags/pipeline_dag.py took 0.192 seconds
[2025-11-19T04:04:40.625+0000] {processor.py:161} INFO - Started process (PID=68) to work on /opt/airflow/dags/pipeline_dag.py
[2025-11-19T04:04:40.627+0000] {processor.py:830} INFO - Processing file /opt/airflow/dags/pipeline_dag.py for tasks to queue
[2025-11-19T04:04:40.629+0000] {logging_mixin.py:188} INFO - [2025-11-19T04:04:40.629+0000] {dagbag.py:538} INFO - Filling up the DagBag from /opt/airflow/dags/pipeline_dag.py
[2025-11-19T04:04:40.675+0000] {processor.py:840} INFO - DAG(s) 'full_ml_pipeline' retrieved from /opt/airflow/dags/pipeline_dag.py
[2025-11-19T04:04:40.728+0000] {logging_mixin.py:188} INFO - [2025-11-19T04:04:40.728+0000] {dag.py:3036} INFO - Sync 1 DAGs
[2025-11-19T04:04:40.748+0000] {logging_mixin.py:188} INFO - [2025-11-19T04:04:40.748+0000] {dag.py:3823} INFO - Setting next_dagrun for full_ml_pipeline to None, run_after=None
[2025-11-19T04:04:40.800+0000] {processor.py:183} INFO - Processing /opt/airflow/dags/pipeline_dag.py took 0.184 seconds
[2025-11-19T04:05:10.961+0000] {processor.py:161} INFO - Started process (PID=69) to work on /opt/airflow/dags/pipeline_dag.py
[2025-11-19T04:05:10.963+0000] {processor.py:830} INFO - Processing file /opt/airflow/dags/pipeline_dag.py for tasks to queue
[2025-11-19T04:05:10.965+0000] {logging_mixin.py:188} INFO - [2025-11-19T04:05:10.964+0000] {dagbag.py:538} INFO - Filling up the DagBag from /opt/airflow/dags/pipeline_dag.py
[2025-11-19T04:05:11.004+0000] {processor.py:840} INFO - DAG(s) 'full_ml_pipeline' retrieved from /opt/airflow/dags/pipeline_dag.py
[2025-11-19T04:05:11.059+0000] {logging_mixin.py:188} INFO - [2025-11-19T04:05:11.059+0000] {dag.py:3036} INFO - Sync 1 DAGs
[2025-11-19T04:05:11.082+0000] {logging_mixin.py:188} INFO - [2025-11-19T04:05:11.082+0000] {dag.py:3823} INFO - Setting next_dagrun for full_ml_pipeline to None, run_after=None
[2025-11-19T04:05:11.133+0000] {processor.py:183} INFO - Processing /opt/airflow/dags/pipeline_dag.py took 0.178 seconds
[2025-11-19T04:05:41.355+0000] {processor.py:161} INFO - Started process (PID=70) to work on /opt/airflow/dags/pipeline_dag.py
[2025-11-19T04:05:41.358+0000] {processor.py:830} INFO - Processing file /opt/airflow/dags/pipeline_dag.py for tasks to queue
[2025-11-19T04:05:41.359+0000] {logging_mixin.py:188} INFO - [2025-11-19T04:05:41.359+0000] {dagbag.py:538} INFO - Filling up the DagBag from /opt/airflow/dags/pipeline_dag.py
[2025-11-19T04:05:41.403+0000] {processor.py:840} INFO - DAG(s) 'full_ml_pipeline' retrieved from /opt/airflow/dags/pipeline_dag.py
[2025-11-19T04:05:41.456+0000] {logging_mixin.py:188} INFO - [2025-11-19T04:05:41.456+0000] {dag.py:3036} INFO - Sync 1 DAGs
[2025-11-19T04:05:41.476+0000] {logging_mixin.py:188} INFO - [2025-11-19T04:05:41.476+0000] {dag.py:3823} INFO - Setting next_dagrun for full_ml_pipeline to None, run_after=None
[2025-11-19T04:05:41.527+0000] {processor.py:183} INFO - Processing /opt/airflow/dags/pipeline_dag.py took 0.179 seconds
[2025-11-19T04:06:11.691+0000] {processor.py:161} INFO - Started process (PID=71) to work on /opt/airflow/dags/pipeline_dag.py
[2025-11-19T04:06:11.693+0000] {processor.py:830} INFO - Processing file /opt/airflow/dags/pipeline_dag.py for tasks to queue
[2025-11-19T04:06:11.695+0000] {logging_mixin.py:188} INFO - [2025-11-19T04:06:11.695+0000] {dagbag.py:538} INFO - Filling up the DagBag from /opt/airflow/dags/pipeline_dag.py
[2025-11-19T04:06:11.735+0000] {processor.py:840} INFO - DAG(s) 'full_ml_pipeline' retrieved from /opt/airflow/dags/pipeline_dag.py
[2025-11-19T04:06:11.790+0000] {logging_mixin.py:188} INFO - [2025-11-19T04:06:11.789+0000] {dag.py:3036} INFO - Sync 1 DAGs
[2025-11-19T04:06:11.812+0000] {logging_mixin.py:188} INFO - [2025-11-19T04:06:11.811+0000] {dag.py:3823} INFO - Setting next_dagrun for full_ml_pipeline to None, run_after=None
[2025-11-19T04:06:11.860+0000] {processor.py:183} INFO - Processing /opt/airflow/dags/pipeline_dag.py took 0.176 seconds
[2025-11-19T04:06:42.068+0000] {processor.py:161} INFO - Started process (PID=72) to work on /opt/airflow/dags/pipeline_dag.py
[2025-11-19T04:06:42.071+0000] {processor.py:830} INFO - Processing file /opt/airflow/dags/pipeline_dag.py for tasks to queue
[2025-11-19T04:06:42.073+0000] {logging_mixin.py:188} INFO - [2025-11-19T04:06:42.073+0000] {dagbag.py:538} INFO - Filling up the DagBag from /opt/airflow/dags/pipeline_dag.py
[2025-11-19T04:06:42.125+0000] {processor.py:840} INFO - DAG(s) 'full_ml_pipeline' retrieved from /opt/airflow/dags/pipeline_dag.py
[2025-11-19T04:06:42.182+0000] {logging_mixin.py:188} INFO - [2025-11-19T04:06:42.182+0000] {dag.py:3036} INFO - Sync 1 DAGs
[2025-11-19T04:06:42.206+0000] {logging_mixin.py:188} INFO - [2025-11-19T04:06:42.206+0000] {dag.py:3823} INFO - Setting next_dagrun for full_ml_pipeline to None, run_after=None
[2025-11-19T04:06:42.264+0000] {processor.py:183} INFO - Processing /opt/airflow/dags/pipeline_dag.py took 0.203 seconds
[2025-11-19T04:07:12.391+0000] {processor.py:161} INFO - Started process (PID=73) to work on /opt/airflow/dags/pipeline_dag.py
[2025-11-19T04:07:12.393+0000] {processor.py:830} INFO - Processing file /opt/airflow/dags/pipeline_dag.py for tasks to queue
[2025-11-19T04:07:12.394+0000] {logging_mixin.py:188} INFO - [2025-11-19T04:07:12.394+0000] {dagbag.py:538} INFO - Filling up the DagBag from /opt/airflow/dags/pipeline_dag.py
[2025-11-19T04:07:12.434+0000] {processor.py:840} INFO - DAG(s) 'full_ml_pipeline' retrieved from /opt/airflow/dags/pipeline_dag.py
[2025-11-19T04:07:12.487+0000] {logging_mixin.py:188} INFO - [2025-11-19T04:07:12.487+0000] {dag.py:3036} INFO - Sync 1 DAGs
[2025-11-19T04:07:12.508+0000] {logging_mixin.py:188} INFO - [2025-11-19T04:07:12.507+0000] {dag.py:3823} INFO - Setting next_dagrun for full_ml_pipeline to None, run_after=None
[2025-11-19T04:07:12.557+0000] {processor.py:183} INFO - Processing /opt/airflow/dags/pipeline_dag.py took 0.172 seconds
[2025-11-19T04:07:42.874+0000] {processor.py:161} INFO - Started process (PID=74) to work on /opt/airflow/dags/pipeline_dag.py
[2025-11-19T04:07:42.876+0000] {processor.py:830} INFO - Processing file /opt/airflow/dags/pipeline_dag.py for tasks to queue
[2025-11-19T04:07:42.878+0000] {logging_mixin.py:188} INFO - [2025-11-19T04:07:42.878+0000] {dagbag.py:538} INFO - Filling up the DagBag from /opt/airflow/dags/pipeline_dag.py
[2025-11-19T04:07:42.922+0000] {processor.py:840} INFO - DAG(s) 'full_ml_pipeline' retrieved from /opt/airflow/dags/pipeline_dag.py
[2025-11-19T04:07:42.974+0000] {logging_mixin.py:188} INFO - [2025-11-19T04:07:42.974+0000] {dag.py:3036} INFO - Sync 1 DAGs
[2025-11-19T04:07:42.996+0000] {logging_mixin.py:188} INFO - [2025-11-19T04:07:42.995+0000] {dag.py:3823} INFO - Setting next_dagrun for full_ml_pipeline to None, run_after=None
[2025-11-19T04:07:43.031+0000] {processor.py:183} INFO - Processing /opt/airflow/dags/pipeline_dag.py took 0.164 seconds
[2025-11-19T04:08:13.149+0000] {processor.py:161} INFO - Started process (PID=75) to work on /opt/airflow/dags/pipeline_dag.py
[2025-11-19T04:08:13.151+0000] {processor.py:830} INFO - Processing file /opt/airflow/dags/pipeline_dag.py for tasks to queue
[2025-11-19T04:08:13.153+0000] {logging_mixin.py:188} INFO - [2025-11-19T04:08:13.152+0000] {dagbag.py:538} INFO - Filling up the DagBag from /opt/airflow/dags/pipeline_dag.py
[2025-11-19T04:08:13.199+0000] {processor.py:840} INFO - DAG(s) 'full_ml_pipeline' retrieved from /opt/airflow/dags/pipeline_dag.py
[2025-11-19T04:08:13.254+0000] {logging_mixin.py:188} INFO - [2025-11-19T04:08:13.254+0000] {dag.py:3036} INFO - Sync 1 DAGs
[2025-11-19T04:08:13.275+0000] {logging_mixin.py:188} INFO - [2025-11-19T04:08:13.275+0000] {dag.py:3823} INFO - Setting next_dagrun for full_ml_pipeline to None, run_after=None
[2025-11-19T04:08:13.325+0000] {processor.py:183} INFO - Processing /opt/airflow/dags/pipeline_dag.py took 0.182 seconds
[2025-11-19T04:08:43.598+0000] {processor.py:161} INFO - Started process (PID=76) to work on /opt/airflow/dags/pipeline_dag.py
[2025-11-19T04:08:43.600+0000] {processor.py:830} INFO - Processing file /opt/airflow/dags/pipeline_dag.py for tasks to queue
[2025-11-19T04:08:43.602+0000] {logging_mixin.py:188} INFO - [2025-11-19T04:08:43.602+0000] {dagbag.py:538} INFO - Filling up the DagBag from /opt/airflow/dags/pipeline_dag.py
[2025-11-19T04:08:43.656+0000] {processor.py:840} INFO - DAG(s) 'full_ml_pipeline' retrieved from /opt/airflow/dags/pipeline_dag.py
[2025-11-19T04:08:43.714+0000] {logging_mixin.py:188} INFO - [2025-11-19T04:08:43.714+0000] {dag.py:3036} INFO - Sync 1 DAGs
[2025-11-19T04:08:43.737+0000] {logging_mixin.py:188} INFO - [2025-11-19T04:08:43.737+0000] {dag.py:3823} INFO - Setting next_dagrun for full_ml_pipeline to None, run_after=None
[2025-11-19T04:08:43.787+0000] {processor.py:183} INFO - Processing /opt/airflow/dags/pipeline_dag.py took 0.197 seconds
[2025-11-19T04:09:20.802+0000] {processor.py:161} INFO - Started process (PID=36) to work on /opt/airflow/dags/pipeline_dag.py
[2025-11-19T04:09:20.804+0000] {processor.py:830} INFO - Processing file /opt/airflow/dags/pipeline_dag.py for tasks to queue
[2025-11-19T04:09:20.806+0000] {logging_mixin.py:188} INFO - [2025-11-19T04:09:20.806+0000] {dagbag.py:538} INFO - Filling up the DagBag from /opt/airflow/dags/pipeline_dag.py
[2025-11-19T04:09:20.887+0000] {processor.py:840} INFO - DAG(s) 'full_ml_pipeline' retrieved from /opt/airflow/dags/pipeline_dag.py
[2025-11-19T04:09:21.222+0000] {logging_mixin.py:188} INFO - [2025-11-19T04:09:21.221+0000] {dag.py:3036} INFO - Sync 1 DAGs
[2025-11-19T04:09:21.237+0000] {logging_mixin.py:188} INFO - [2025-11-19T04:09:21.237+0000] {dag.py:3823} INFO - Setting next_dagrun for full_ml_pipeline to None, run_after=None
[2025-11-19T04:09:21.286+0000] {processor.py:183} INFO - Processing /opt/airflow/dags/pipeline_dag.py took 0.490 seconds
[2025-11-19T04:09:51.596+0000] {processor.py:161} INFO - Started process (PID=37) to work on /opt/airflow/dags/pipeline_dag.py
[2025-11-19T04:09:51.599+0000] {processor.py:830} INFO - Processing file /opt/airflow/dags/pipeline_dag.py for tasks to queue
[2025-11-19T04:09:51.602+0000] {logging_mixin.py:188} INFO - [2025-11-19T04:09:51.601+0000] {dagbag.py:538} INFO - Filling up the DagBag from /opt/airflow/dags/pipeline_dag.py
[2025-11-19T04:09:51.659+0000] {processor.py:840} INFO - DAG(s) 'full_ml_pipeline' retrieved from /opt/airflow/dags/pipeline_dag.py
[2025-11-19T04:09:51.726+0000] {logging_mixin.py:188} INFO - [2025-11-19T04:09:51.725+0000] {dag.py:3036} INFO - Sync 1 DAGs
[2025-11-19T04:09:51.752+0000] {logging_mixin.py:188} INFO - [2025-11-19T04:09:51.752+0000] {dag.py:3823} INFO - Setting next_dagrun for full_ml_pipeline to None, run_after=None
[2025-11-19T04:09:51.809+0000] {processor.py:183} INFO - Processing /opt/airflow/dags/pipeline_dag.py took 0.223 seconds
[2025-11-19T04:10:22.157+0000] {processor.py:161} INFO - Started process (PID=38) to work on /opt/airflow/dags/pipeline_dag.py
[2025-11-19T04:10:22.160+0000] {processor.py:830} INFO - Processing file /opt/airflow/dags/pipeline_dag.py for tasks to queue
[2025-11-19T04:10:22.163+0000] {logging_mixin.py:188} INFO - [2025-11-19T04:10:22.162+0000] {dagbag.py:538} INFO - Filling up the DagBag from /opt/airflow/dags/pipeline_dag.py
[2025-11-19T04:10:22.207+0000] {processor.py:840} INFO - DAG(s) 'full_ml_pipeline' retrieved from /opt/airflow/dags/pipeline_dag.py
[2025-11-19T04:10:22.269+0000] {logging_mixin.py:188} INFO - [2025-11-19T04:10:22.269+0000] {dag.py:3036} INFO - Sync 1 DAGs
[2025-11-19T04:10:22.297+0000] {logging_mixin.py:188} INFO - [2025-11-19T04:10:22.297+0000] {dag.py:3823} INFO - Setting next_dagrun for full_ml_pipeline to None, run_after=None
[2025-11-19T04:10:22.334+0000] {processor.py:183} INFO - Processing /opt/airflow/dags/pipeline_dag.py took 0.184 seconds
[2025-11-19T04:10:52.631+0000] {processor.py:161} INFO - Started process (PID=39) to work on /opt/airflow/dags/pipeline_dag.py
[2025-11-19T04:10:52.633+0000] {processor.py:830} INFO - Processing file /opt/airflow/dags/pipeline_dag.py for tasks to queue
[2025-11-19T04:10:52.635+0000] {logging_mixin.py:188} INFO - [2025-11-19T04:10:52.635+0000] {dagbag.py:538} INFO - Filling up the DagBag from /opt/airflow/dags/pipeline_dag.py
[2025-11-19T04:10:52.680+0000] {processor.py:840} INFO - DAG(s) 'full_ml_pipeline' retrieved from /opt/airflow/dags/pipeline_dag.py
[2025-11-19T04:10:52.740+0000] {logging_mixin.py:188} INFO - [2025-11-19T04:10:52.740+0000] {dag.py:3036} INFO - Sync 1 DAGs
[2025-11-19T04:10:52.763+0000] {logging_mixin.py:188} INFO - [2025-11-19T04:10:52.763+0000] {dag.py:3823} INFO - Setting next_dagrun for full_ml_pipeline to None, run_after=None
[2025-11-19T04:10:52.815+0000] {processor.py:183} INFO - Processing /opt/airflow/dags/pipeline_dag.py took 0.190 seconds
[2025-11-19T04:11:22.897+0000] {processor.py:161} INFO - Started process (PID=40) to work on /opt/airflow/dags/pipeline_dag.py
[2025-11-19T04:11:22.899+0000] {processor.py:830} INFO - Processing file /opt/airflow/dags/pipeline_dag.py for tasks to queue
[2025-11-19T04:11:22.902+0000] {logging_mixin.py:188} INFO - [2025-11-19T04:11:22.901+0000] {dagbag.py:538} INFO - Filling up the DagBag from /opt/airflow/dags/pipeline_dag.py
[2025-11-19T04:11:22.943+0000] {processor.py:840} INFO - DAG(s) 'full_ml_pipeline' retrieved from /opt/airflow/dags/pipeline_dag.py
[2025-11-19T04:11:23.002+0000] {logging_mixin.py:188} INFO - [2025-11-19T04:11:23.002+0000] {dag.py:3036} INFO - Sync 1 DAGs
[2025-11-19T04:11:23.024+0000] {logging_mixin.py:188} INFO - [2025-11-19T04:11:23.023+0000] {dag.py:3823} INFO - Setting next_dagrun for full_ml_pipeline to None, run_after=None
[2025-11-19T04:11:23.064+0000] {processor.py:183} INFO - Processing /opt/airflow/dags/pipeline_dag.py took 0.172 seconds
[2025-11-19T04:12:08.887+0000] {processor.py:161} INFO - Started process (PID=36) to work on /opt/airflow/dags/pipeline_dag.py
[2025-11-19T04:12:08.889+0000] {processor.py:830} INFO - Processing file /opt/airflow/dags/pipeline_dag.py for tasks to queue
[2025-11-19T04:12:08.890+0000] {logging_mixin.py:188} INFO - [2025-11-19T04:12:08.890+0000] {dagbag.py:538} INFO - Filling up the DagBag from /opt/airflow/dags/pipeline_dag.py
[2025-11-19T04:12:08.941+0000] {processor.py:840} INFO - DAG(s) 'full_ml_pipeline' retrieved from /opt/airflow/dags/pipeline_dag.py
[2025-11-19T04:12:09.278+0000] {logging_mixin.py:188} INFO - [2025-11-19T04:12:09.278+0000] {dag.py:3036} INFO - Sync 1 DAGs
[2025-11-19T04:12:09.295+0000] {logging_mixin.py:188} INFO - [2025-11-19T04:12:09.294+0000] {dag.py:3823} INFO - Setting next_dagrun for full_ml_pipeline to None, run_after=None
[2025-11-19T04:12:09.328+0000] {processor.py:183} INFO - Processing /opt/airflow/dags/pipeline_dag.py took 0.447 seconds
[2025-11-19T04:12:39.623+0000] {processor.py:161} INFO - Started process (PID=37) to work on /opt/airflow/dags/pipeline_dag.py
[2025-11-19T04:12:39.626+0000] {processor.py:830} INFO - Processing file /opt/airflow/dags/pipeline_dag.py for tasks to queue
[2025-11-19T04:12:39.628+0000] {logging_mixin.py:188} INFO - [2025-11-19T04:12:39.628+0000] {dagbag.py:538} INFO - Filling up the DagBag from /opt/airflow/dags/pipeline_dag.py
[2025-11-19T04:12:39.670+0000] {processor.py:840} INFO - DAG(s) 'full_ml_pipeline' retrieved from /opt/airflow/dags/pipeline_dag.py
[2025-11-19T04:12:39.721+0000] {logging_mixin.py:188} INFO - [2025-11-19T04:12:39.721+0000] {dag.py:3036} INFO - Sync 1 DAGs
[2025-11-19T04:12:39.745+0000] {logging_mixin.py:188} INFO - [2025-11-19T04:12:39.745+0000] {dag.py:3823} INFO - Setting next_dagrun for full_ml_pipeline to None, run_after=None
[2025-11-19T04:12:39.796+0000] {processor.py:183} INFO - Processing /opt/airflow/dags/pipeline_dag.py took 0.183 seconds
[2025-11-19T04:13:09.886+0000] {processor.py:161} INFO - Started process (PID=38) to work on /opt/airflow/dags/pipeline_dag.py
[2025-11-19T04:13:09.889+0000] {processor.py:830} INFO - Processing file /opt/airflow/dags/pipeline_dag.py for tasks to queue
[2025-11-19T04:13:09.891+0000] {logging_mixin.py:188} INFO - [2025-11-19T04:13:09.890+0000] {dagbag.py:538} INFO - Filling up the DagBag from /opt/airflow/dags/pipeline_dag.py
[2025-11-19T04:13:09.932+0000] {processor.py:840} INFO - DAG(s) 'full_ml_pipeline' retrieved from /opt/airflow/dags/pipeline_dag.py
[2025-11-19T04:13:09.985+0000] {logging_mixin.py:188} INFO - [2025-11-19T04:13:09.984+0000] {dag.py:3036} INFO - Sync 1 DAGs
[2025-11-19T04:13:10.039+0000] {logging_mixin.py:188} INFO - [2025-11-19T04:13:10.039+0000] {dag.py:3823} INFO - Setting next_dagrun for full_ml_pipeline to None, run_after=None
[2025-11-19T04:13:10.110+0000] {processor.py:183} INFO - Processing /opt/airflow/dags/pipeline_dag.py took 0.230 seconds
[2025-11-19T04:13:40.342+0000] {processor.py:161} INFO - Started process (PID=39) to work on /opt/airflow/dags/pipeline_dag.py
[2025-11-19T04:13:40.345+0000] {processor.py:830} INFO - Processing file /opt/airflow/dags/pipeline_dag.py for tasks to queue
[2025-11-19T04:13:40.347+0000] {logging_mixin.py:188} INFO - [2025-11-19T04:13:40.347+0000] {dagbag.py:538} INFO - Filling up the DagBag from /opt/airflow/dags/pipeline_dag.py
[2025-11-19T04:13:40.408+0000] {processor.py:840} INFO - DAG(s) 'full_ml_pipeline' retrieved from /opt/airflow/dags/pipeline_dag.py
[2025-11-19T04:13:40.478+0000] {logging_mixin.py:188} INFO - [2025-11-19T04:13:40.477+0000] {dag.py:3036} INFO - Sync 1 DAGs
[2025-11-19T04:13:40.517+0000] {logging_mixin.py:188} INFO - [2025-11-19T04:13:40.517+0000] {dag.py:3823} INFO - Setting next_dagrun for full_ml_pipeline to None, run_after=None
[2025-11-19T04:13:40.588+0000] {processor.py:183} INFO - Processing /opt/airflow/dags/pipeline_dag.py took 0.254 seconds
[2025-11-19T04:14:10.882+0000] {processor.py:161} INFO - Started process (PID=58) to work on /opt/airflow/dags/pipeline_dag.py
[2025-11-19T04:14:10.884+0000] {processor.py:830} INFO - Processing file /opt/airflow/dags/pipeline_dag.py for tasks to queue
[2025-11-19T04:14:10.886+0000] {logging_mixin.py:188} INFO - [2025-11-19T04:14:10.886+0000] {dagbag.py:538} INFO - Filling up the DagBag from /opt/airflow/dags/pipeline_dag.py
[2025-11-19T04:14:10.928+0000] {processor.py:840} INFO - DAG(s) 'full_ml_pipeline' retrieved from /opt/airflow/dags/pipeline_dag.py
[2025-11-19T04:14:10.979+0000] {logging_mixin.py:188} INFO - [2025-11-19T04:14:10.979+0000] {dag.py:3036} INFO - Sync 1 DAGs
[2025-11-19T04:14:11.006+0000] {logging_mixin.py:188} INFO - [2025-11-19T04:14:11.005+0000] {dag.py:3823} INFO - Setting next_dagrun for full_ml_pipeline to None, run_after=None
[2025-11-19T04:14:11.062+0000] {processor.py:183} INFO - Processing /opt/airflow/dags/pipeline_dag.py took 0.186 seconds
[2025-11-19T04:14:41.142+0000] {processor.py:161} INFO - Started process (PID=59) to work on /opt/airflow/dags/pipeline_dag.py
[2025-11-19T04:14:41.144+0000] {processor.py:830} INFO - Processing file /opt/airflow/dags/pipeline_dag.py for tasks to queue
[2025-11-19T04:14:41.146+0000] {logging_mixin.py:188} INFO - [2025-11-19T04:14:41.145+0000] {dagbag.py:538} INFO - Filling up the DagBag from /opt/airflow/dags/pipeline_dag.py
[2025-11-19T04:14:41.198+0000] {processor.py:840} INFO - DAG(s) 'full_ml_pipeline' retrieved from /opt/airflow/dags/pipeline_dag.py
[2025-11-19T04:14:41.259+0000] {logging_mixin.py:188} INFO - [2025-11-19T04:14:41.258+0000] {dag.py:3036} INFO - Sync 1 DAGs
[2025-11-19T04:14:41.282+0000] {logging_mixin.py:188} INFO - [2025-11-19T04:14:41.281+0000] {dag.py:3823} INFO - Setting next_dagrun for full_ml_pipeline to None, run_after=None
[2025-11-19T04:14:41.336+0000] {processor.py:183} INFO - Processing /opt/airflow/dags/pipeline_dag.py took 0.202 seconds
[2025-11-19T04:14:53.460+0000] {processor.py:161} INFO - Started process (PID=60) to work on /opt/airflow/dags/pipeline_dag.py
[2025-11-19T04:14:53.462+0000] {processor.py:830} INFO - Processing file /opt/airflow/dags/pipeline_dag.py for tasks to queue
[2025-11-19T04:14:53.464+0000] {logging_mixin.py:188} INFO - [2025-11-19T04:14:53.463+0000] {dagbag.py:538} INFO - Filling up the DagBag from /opt/airflow/dags/pipeline_dag.py
[2025-11-19T04:14:53.540+0000] {processor.py:840} INFO - DAG(s) 'full_ml_pipeline' retrieved from /opt/airflow/dags/pipeline_dag.py
[2025-11-19T04:14:53.599+0000] {logging_mixin.py:188} INFO - [2025-11-19T04:14:53.598+0000] {dag.py:3036} INFO - Sync 1 DAGs
[2025-11-19T04:14:53.618+0000] {logging_mixin.py:188} INFO - [2025-11-19T04:14:53.618+0000] {dag.py:3823} INFO - Setting next_dagrun for full_ml_pipeline to None, run_after=None
[2025-11-19T04:14:53.655+0000] {processor.py:183} INFO - Processing /opt/airflow/dags/pipeline_dag.py took 0.202 seconds
[2025-11-19T04:15:23.732+0000] {processor.py:161} INFO - Started process (PID=61) to work on /opt/airflow/dags/pipeline_dag.py
[2025-11-19T04:15:23.734+0000] {processor.py:830} INFO - Processing file /opt/airflow/dags/pipeline_dag.py for tasks to queue
[2025-11-19T04:15:23.736+0000] {logging_mixin.py:188} INFO - [2025-11-19T04:15:23.735+0000] {dagbag.py:538} INFO - Filling up the DagBag from /opt/airflow/dags/pipeline_dag.py
[2025-11-19T04:15:23.773+0000] {processor.py:840} INFO - DAG(s) 'full_ml_pipeline' retrieved from /opt/airflow/dags/pipeline_dag.py
[2025-11-19T04:15:23.828+0000] {logging_mixin.py:188} INFO - [2025-11-19T04:15:23.828+0000] {dag.py:3036} INFO - Sync 1 DAGs
[2025-11-19T04:15:23.848+0000] {logging_mixin.py:188} INFO - [2025-11-19T04:15:23.848+0000] {dag.py:3823} INFO - Setting next_dagrun for full_ml_pipeline to None, run_after=None
[2025-11-19T04:15:23.880+0000] {processor.py:183} INFO - Processing /opt/airflow/dags/pipeline_dag.py took 0.155 seconds
[2025-11-19T20:36:36.750+0000] {processor.py:161} INFO - Started process (PID=42) to work on /opt/airflow/dags/pipeline_dag.py
[2025-11-19T20:36:36.831+0000] {processor.py:830} INFO - Processing file /opt/airflow/dags/pipeline_dag.py for tasks to queue
[2025-11-19T20:36:36.832+0000] {logging_mixin.py:188} INFO - [2025-11-19T20:36:36.832+0000] {dagbag.py:538} INFO - Filling up the DagBag from /opt/airflow/dags/pipeline_dag.py
[2025-11-19T20:36:37.270+0000] {processor.py:840} INFO - DAG(s) 'full_ml_pipeline_v2' retrieved from /opt/airflow/dags/pipeline_dag.py
[2025-11-19T20:36:38.207+0000] {logging_mixin.py:188} INFO - [2025-11-19T20:36:38.206+0000] {override.py:1769} INFO - Created Permission View: can read on DAG:full_ml_pipeline_v2
[2025-11-19T20:36:38.465+0000] {logging_mixin.py:188} INFO - [2025-11-19T20:36:38.464+0000] {override.py:1769} INFO - Created Permission View: can delete on DAG:full_ml_pipeline_v2
[2025-11-19T20:36:38.727+0000] {logging_mixin.py:188} INFO - [2025-11-19T20:36:38.724+0000] {override.py:1769} INFO - Created Permission View: can edit on DAG:full_ml_pipeline_v2
[2025-11-19T20:36:38.732+0000] {logging_mixin.py:188} INFO - [2025-11-19T20:36:38.731+0000] {dag.py:3036} INFO - Sync 1 DAGs
[2025-11-19T20:36:38.787+0000] {logging_mixin.py:188} INFO - [2025-11-19T20:36:38.787+0000] {dag.py:3058} INFO - Creating ORM DAG for full_ml_pipeline_v2
[2025-11-19T20:36:38.800+0000] {logging_mixin.py:188} INFO - [2025-11-19T20:36:38.800+0000] {dag.py:3823} INFO - Setting next_dagrun for full_ml_pipeline_v2 to 2025-11-18 00:00:00+00:00, run_after=2025-11-19 00:00:00+00:00
[2025-11-19T20:36:38.862+0000] {processor.py:183} INFO - Processing /opt/airflow/dags/pipeline_dag.py took 2.115 seconds
[2025-11-19T20:37:09.106+0000] {processor.py:161} INFO - Started process (PID=43) to work on /opt/airflow/dags/pipeline_dag.py
[2025-11-19T20:37:09.107+0000] {processor.py:830} INFO - Processing file /opt/airflow/dags/pipeline_dag.py for tasks to queue
[2025-11-19T20:37:09.109+0000] {logging_mixin.py:188} INFO - [2025-11-19T20:37:09.108+0000] {dagbag.py:538} INFO - Filling up the DagBag from /opt/airflow/dags/pipeline_dag.py
[2025-11-19T20:37:09.139+0000] {processor.py:840} INFO - DAG(s) 'full_ml_pipeline_v2' retrieved from /opt/airflow/dags/pipeline_dag.py
[2025-11-19T20:37:09.168+0000] {logging_mixin.py:188} INFO - [2025-11-19T20:37:09.168+0000] {dag.py:3036} INFO - Sync 1 DAGs
[2025-11-19T20:37:09.189+0000] {logging_mixin.py:188} INFO - [2025-11-19T20:37:09.189+0000] {dag.py:3823} INFO - Setting next_dagrun for full_ml_pipeline_v2 to 2025-11-18 00:00:00+00:00, run_after=2025-11-19 00:00:00+00:00
[2025-11-19T20:37:09.543+0000] {processor.py:183} INFO - Processing /opt/airflow/dags/pipeline_dag.py took 0.442 seconds
[2025-11-19T20:37:39.899+0000] {processor.py:161} INFO - Started process (PID=44) to work on /opt/airflow/dags/pipeline_dag.py
[2025-11-19T20:37:39.901+0000] {processor.py:830} INFO - Processing file /opt/airflow/dags/pipeline_dag.py for tasks to queue
[2025-11-19T20:37:39.902+0000] {logging_mixin.py:188} INFO - [2025-11-19T20:37:39.902+0000] {dagbag.py:538} INFO - Filling up the DagBag from /opt/airflow/dags/pipeline_dag.py
[2025-11-19T20:37:39.929+0000] {processor.py:840} INFO - DAG(s) 'full_ml_pipeline_v2' retrieved from /opt/airflow/dags/pipeline_dag.py
[2025-11-19T20:37:39.957+0000] {logging_mixin.py:188} INFO - [2025-11-19T20:37:39.956+0000] {dag.py:3036} INFO - Sync 1 DAGs
[2025-11-19T20:37:39.977+0000] {logging_mixin.py:188} INFO - [2025-11-19T20:37:39.977+0000] {dag.py:3823} INFO - Setting next_dagrun for full_ml_pipeline_v2 to 2025-11-18 00:00:00+00:00, run_after=2025-11-19 00:00:00+00:00
[2025-11-19T20:37:40.004+0000] {processor.py:183} INFO - Processing /opt/airflow/dags/pipeline_dag.py took 0.109 seconds
[2025-11-19T20:38:10.238+0000] {processor.py:161} INFO - Started process (PID=45) to work on /opt/airflow/dags/pipeline_dag.py
[2025-11-19T20:38:10.240+0000] {processor.py:830} INFO - Processing file /opt/airflow/dags/pipeline_dag.py for tasks to queue
[2025-11-19T20:38:10.241+0000] {logging_mixin.py:188} INFO - [2025-11-19T20:38:10.241+0000] {dagbag.py:538} INFO - Filling up the DagBag from /opt/airflow/dags/pipeline_dag.py
[2025-11-19T20:38:10.266+0000] {processor.py:840} INFO - DAG(s) 'full_ml_pipeline_v2' retrieved from /opt/airflow/dags/pipeline_dag.py
[2025-11-19T20:38:10.297+0000] {logging_mixin.py:188} INFO - [2025-11-19T20:38:10.297+0000] {dag.py:3036} INFO - Sync 1 DAGs
[2025-11-19T20:38:10.320+0000] {logging_mixin.py:188} INFO - [2025-11-19T20:38:10.320+0000] {dag.py:3823} INFO - Setting next_dagrun for full_ml_pipeline_v2 to 2025-11-18 00:00:00+00:00, run_after=2025-11-19 00:00:00+00:00
[2025-11-19T20:38:11.693+0000] {processor.py:183} INFO - Processing /opt/airflow/dags/pipeline_dag.py took 1.460 seconds
[2025-11-19T20:38:42.083+0000] {processor.py:161} INFO - Started process (PID=46) to work on /opt/airflow/dags/pipeline_dag.py
[2025-11-19T20:38:42.084+0000] {processor.py:830} INFO - Processing file /opt/airflow/dags/pipeline_dag.py for tasks to queue
[2025-11-19T20:38:42.086+0000] {logging_mixin.py:188} INFO - [2025-11-19T20:38:42.085+0000] {dagbag.py:538} INFO - Filling up the DagBag from /opt/airflow/dags/pipeline_dag.py
[2025-11-19T20:38:42.120+0000] {processor.py:840} INFO - DAG(s) 'full_ml_pipeline_v2' retrieved from /opt/airflow/dags/pipeline_dag.py
[2025-11-19T20:38:42.157+0000] {logging_mixin.py:188} INFO - [2025-11-19T20:38:42.157+0000] {dag.py:3036} INFO - Sync 1 DAGs
[2025-11-19T20:38:42.187+0000] {logging_mixin.py:188} INFO - [2025-11-19T20:38:42.186+0000] {dag.py:3823} INFO - Setting next_dagrun for full_ml_pipeline_v2 to 2025-11-18 00:00:00+00:00, run_after=2025-11-19 00:00:00+00:00
[2025-11-19T20:38:42.335+0000] {processor.py:183} INFO - Processing /opt/airflow/dags/pipeline_dag.py took 0.257 seconds
[2025-11-19T20:39:12.619+0000] {processor.py:161} INFO - Started process (PID=47) to work on /opt/airflow/dags/pipeline_dag.py
[2025-11-19T20:39:12.621+0000] {processor.py:830} INFO - Processing file /opt/airflow/dags/pipeline_dag.py for tasks to queue
[2025-11-19T20:39:12.622+0000] {logging_mixin.py:188} INFO - [2025-11-19T20:39:12.622+0000] {dagbag.py:538} INFO - Filling up the DagBag from /opt/airflow/dags/pipeline_dag.py
[2025-11-19T20:39:12.649+0000] {processor.py:840} INFO - DAG(s) 'full_ml_pipeline_v2' retrieved from /opt/airflow/dags/pipeline_dag.py
[2025-11-19T20:39:12.680+0000] {logging_mixin.py:188} INFO - [2025-11-19T20:39:12.680+0000] {dag.py:3036} INFO - Sync 1 DAGs
[2025-11-19T20:39:12.703+0000] {logging_mixin.py:188} INFO - [2025-11-19T20:39:12.703+0000] {dag.py:3823} INFO - Setting next_dagrun for full_ml_pipeline_v2 to 2025-11-18 00:00:00+00:00, run_after=2025-11-19 00:00:00+00:00
[2025-11-19T20:39:13.556+0000] {processor.py:183} INFO - Processing /opt/airflow/dags/pipeline_dag.py took 0.942 seconds
[2025-11-19T20:39:43.668+0000] {processor.py:161} INFO - Started process (PID=48) to work on /opt/airflow/dags/pipeline_dag.py
[2025-11-19T20:39:43.669+0000] {processor.py:830} INFO - Processing file /opt/airflow/dags/pipeline_dag.py for tasks to queue
[2025-11-19T20:39:43.670+0000] {logging_mixin.py:188} INFO - [2025-11-19T20:39:43.670+0000] {dagbag.py:538} INFO - Filling up the DagBag from /opt/airflow/dags/pipeline_dag.py
[2025-11-19T20:39:43.695+0000] {processor.py:840} INFO - DAG(s) 'full_ml_pipeline_v2' retrieved from /opt/airflow/dags/pipeline_dag.py
[2025-11-19T20:39:43.728+0000] {logging_mixin.py:188} INFO - [2025-11-19T20:39:43.727+0000] {dag.py:3036} INFO - Sync 1 DAGs
[2025-11-19T20:39:43.750+0000] {logging_mixin.py:188} INFO - [2025-11-19T20:39:43.750+0000] {dag.py:3823} INFO - Setting next_dagrun for full_ml_pipeline_v2 to 2025-11-18 00:00:00+00:00, run_after=2025-11-19 00:00:00+00:00
[2025-11-19T20:39:43.926+0000] {processor.py:183} INFO - Processing /opt/airflow/dags/pipeline_dag.py took 0.263 seconds
[2025-11-19T20:40:14.255+0000] {processor.py:161} INFO - Started process (PID=49) to work on /opt/airflow/dags/pipeline_dag.py
[2025-11-19T20:40:14.256+0000] {processor.py:830} INFO - Processing file /opt/airflow/dags/pipeline_dag.py for tasks to queue
[2025-11-19T20:40:14.258+0000] {logging_mixin.py:188} INFO - [2025-11-19T20:40:14.257+0000] {dagbag.py:538} INFO - Filling up the DagBag from /opt/airflow/dags/pipeline_dag.py
[2025-11-19T20:40:14.285+0000] {processor.py:840} INFO - DAG(s) 'full_ml_pipeline_v2' retrieved from /opt/airflow/dags/pipeline_dag.py
[2025-11-19T20:40:14.314+0000] {logging_mixin.py:188} INFO - [2025-11-19T20:40:14.314+0000] {dag.py:3036} INFO - Sync 1 DAGs
[2025-11-19T20:40:14.337+0000] {logging_mixin.py:188} INFO - [2025-11-19T20:40:14.337+0000] {dag.py:3823} INFO - Setting next_dagrun for full_ml_pipeline_v2 to 2025-11-18 00:00:00+00:00, run_after=2025-11-19 00:00:00+00:00
[2025-11-19T20:40:14.389+0000] {processor.py:183} INFO - Processing /opt/airflow/dags/pipeline_dag.py took 0.138 seconds
[2025-11-19T20:40:44.592+0000] {processor.py:161} INFO - Started process (PID=50) to work on /opt/airflow/dags/pipeline_dag.py
[2025-11-19T20:40:44.594+0000] {processor.py:830} INFO - Processing file /opt/airflow/dags/pipeline_dag.py for tasks to queue
[2025-11-19T20:40:44.596+0000] {logging_mixin.py:188} INFO - [2025-11-19T20:40:44.596+0000] {dagbag.py:538} INFO - Filling up the DagBag from /opt/airflow/dags/pipeline_dag.py
[2025-11-19T20:40:44.621+0000] {processor.py:840} INFO - DAG(s) 'full_ml_pipeline_v2' retrieved from /opt/airflow/dags/pipeline_dag.py
[2025-11-19T20:40:44.649+0000] {logging_mixin.py:188} INFO - [2025-11-19T20:40:44.649+0000] {dag.py:3036} INFO - Sync 1 DAGs
[2025-11-19T20:40:44.671+0000] {logging_mixin.py:188} INFO - [2025-11-19T20:40:44.671+0000] {dag.py:3823} INFO - Setting next_dagrun for full_ml_pipeline_v2 to 2025-11-18 00:00:00+00:00, run_after=2025-11-19 00:00:00+00:00
[2025-11-19T20:40:44.692+0000] {processor.py:183} INFO - Processing /opt/airflow/dags/pipeline_dag.py took 0.106 seconds
[2025-11-19T20:41:14.971+0000] {processor.py:161} INFO - Started process (PID=51) to work on /opt/airflow/dags/pipeline_dag.py
[2025-11-19T20:41:14.972+0000] {processor.py:830} INFO - Processing file /opt/airflow/dags/pipeline_dag.py for tasks to queue
[2025-11-19T20:41:14.974+0000] {logging_mixin.py:188} INFO - [2025-11-19T20:41:14.973+0000] {dagbag.py:538} INFO - Filling up the DagBag from /opt/airflow/dags/pipeline_dag.py
[2025-11-19T20:41:15.003+0000] {processor.py:840} INFO - DAG(s) 'full_ml_pipeline_v2' retrieved from /opt/airflow/dags/pipeline_dag.py
[2025-11-19T20:41:15.032+0000] {logging_mixin.py:188} INFO - [2025-11-19T20:41:15.032+0000] {dag.py:3036} INFO - Sync 1 DAGs
[2025-11-19T20:41:15.054+0000] {logging_mixin.py:188} INFO - [2025-11-19T20:41:15.054+0000] {dag.py:3823} INFO - Setting next_dagrun for full_ml_pipeline_v2 to 2025-11-18 00:00:00+00:00, run_after=2025-11-19 00:00:00+00:00
[2025-11-19T20:41:15.077+0000] {processor.py:183} INFO - Processing /opt/airflow/dags/pipeline_dag.py took 0.111 seconds
[2025-11-19T20:41:45.475+0000] {processor.py:161} INFO - Started process (PID=52) to work on /opt/airflow/dags/pipeline_dag.py
[2025-11-19T20:41:45.476+0000] {processor.py:830} INFO - Processing file /opt/airflow/dags/pipeline_dag.py for tasks to queue
[2025-11-19T20:41:45.477+0000] {logging_mixin.py:188} INFO - [2025-11-19T20:41:45.477+0000] {dagbag.py:538} INFO - Filling up the DagBag from /opt/airflow/dags/pipeline_dag.py
[2025-11-19T20:41:45.501+0000] {processor.py:840} INFO - DAG(s) 'full_ml_pipeline_v2' retrieved from /opt/airflow/dags/pipeline_dag.py
[2025-11-19T20:41:45.528+0000] {logging_mixin.py:188} INFO - [2025-11-19T20:41:45.528+0000] {dag.py:3036} INFO - Sync 1 DAGs
[2025-11-19T20:41:45.551+0000] {logging_mixin.py:188} INFO - [2025-11-19T20:41:45.551+0000] {dag.py:3823} INFO - Setting next_dagrun for full_ml_pipeline_v2 to 2025-11-18 00:00:00+00:00, run_after=2025-11-19 00:00:00+00:00
[2025-11-19T20:41:45.573+0000] {processor.py:183} INFO - Processing /opt/airflow/dags/pipeline_dag.py took 0.101 seconds
[2025-11-19T20:42:15.926+0000] {processor.py:161} INFO - Started process (PID=53) to work on /opt/airflow/dags/pipeline_dag.py
[2025-11-19T20:42:15.928+0000] {processor.py:830} INFO - Processing file /opt/airflow/dags/pipeline_dag.py for tasks to queue
[2025-11-19T20:42:15.929+0000] {logging_mixin.py:188} INFO - [2025-11-19T20:42:15.929+0000] {dagbag.py:538} INFO - Filling up the DagBag from /opt/airflow/dags/pipeline_dag.py
[2025-11-19T20:42:15.958+0000] {processor.py:840} INFO - DAG(s) 'full_ml_pipeline_v2' retrieved from /opt/airflow/dags/pipeline_dag.py
[2025-11-19T20:42:15.987+0000] {logging_mixin.py:188} INFO - [2025-11-19T20:42:15.987+0000] {dag.py:3036} INFO - Sync 1 DAGs
[2025-11-19T20:42:16.009+0000] {logging_mixin.py:188} INFO - [2025-11-19T20:42:16.009+0000] {dag.py:3823} INFO - Setting next_dagrun for full_ml_pipeline_v2 to 2025-11-18 00:00:00+00:00, run_after=2025-11-19 00:00:00+00:00
[2025-11-19T20:42:16.031+0000] {processor.py:183} INFO - Processing /opt/airflow/dags/pipeline_dag.py took 0.110 seconds
[2025-11-19T20:42:46.376+0000] {processor.py:161} INFO - Started process (PID=54) to work on /opt/airflow/dags/pipeline_dag.py
[2025-11-19T20:42:46.377+0000] {processor.py:830} INFO - Processing file /opt/airflow/dags/pipeline_dag.py for tasks to queue
[2025-11-19T20:42:46.378+0000] {logging_mixin.py:188} INFO - [2025-11-19T20:42:46.378+0000] {dagbag.py:538} INFO - Filling up the DagBag from /opt/airflow/dags/pipeline_dag.py
[2025-11-19T20:42:46.409+0000] {processor.py:840} INFO - DAG(s) 'full_ml_pipeline_v2' retrieved from /opt/airflow/dags/pipeline_dag.py
[2025-11-19T20:42:46.482+0000] {logging_mixin.py:188} INFO - [2025-11-19T20:42:46.482+0000] {dag.py:3036} INFO - Sync 1 DAGs
[2025-11-19T20:42:46.536+0000] {logging_mixin.py:188} INFO - [2025-11-19T20:42:46.536+0000] {dag.py:3823} INFO - Setting next_dagrun for full_ml_pipeline_v2 to 2025-11-18 00:00:00+00:00, run_after=2025-11-19 00:00:00+00:00
[2025-11-19T20:42:46.571+0000] {processor.py:183} INFO - Processing /opt/airflow/dags/pipeline_dag.py took 0.200 seconds
[2025-11-19T20:43:16.832+0000] {processor.py:161} INFO - Started process (PID=55) to work on /opt/airflow/dags/pipeline_dag.py
[2025-11-19T20:43:16.833+0000] {processor.py:830} INFO - Processing file /opt/airflow/dags/pipeline_dag.py for tasks to queue
[2025-11-19T20:43:16.835+0000] {logging_mixin.py:188} INFO - [2025-11-19T20:43:16.834+0000] {dagbag.py:538} INFO - Filling up the DagBag from /opt/airflow/dags/pipeline_dag.py
[2025-11-19T20:43:16.862+0000] {processor.py:840} INFO - DAG(s) 'full_ml_pipeline_v2' retrieved from /opt/airflow/dags/pipeline_dag.py
[2025-11-19T20:43:16.896+0000] {logging_mixin.py:188} INFO - [2025-11-19T20:43:16.896+0000] {dag.py:3036} INFO - Sync 1 DAGs
[2025-11-19T20:43:16.917+0000] {logging_mixin.py:188} INFO - [2025-11-19T20:43:16.917+0000] {dag.py:3823} INFO - Setting next_dagrun for full_ml_pipeline_v2 to 2025-11-18 00:00:00+00:00, run_after=2025-11-19 00:00:00+00:00
[2025-11-19T20:43:16.937+0000] {processor.py:183} INFO - Processing /opt/airflow/dags/pipeline_dag.py took 0.110 seconds
[2025-11-19T20:43:47.308+0000] {processor.py:161} INFO - Started process (PID=56) to work on /opt/airflow/dags/pipeline_dag.py
[2025-11-19T20:43:47.311+0000] {processor.py:830} INFO - Processing file /opt/airflow/dags/pipeline_dag.py for tasks to queue
[2025-11-19T20:43:47.312+0000] {logging_mixin.py:188} INFO - [2025-11-19T20:43:47.312+0000] {dagbag.py:538} INFO - Filling up the DagBag from /opt/airflow/dags/pipeline_dag.py
[2025-11-19T20:43:47.340+0000] {processor.py:840} INFO - DAG(s) 'full_ml_pipeline_v2' retrieved from /opt/airflow/dags/pipeline_dag.py
[2025-11-19T20:43:47.366+0000] {logging_mixin.py:188} INFO - [2025-11-19T20:43:47.366+0000] {dag.py:3036} INFO - Sync 1 DAGs
[2025-11-19T20:43:47.386+0000] {logging_mixin.py:188} INFO - [2025-11-19T20:43:47.386+0000] {dag.py:3823} INFO - Setting next_dagrun for full_ml_pipeline_v2 to 2025-11-18 00:00:00+00:00, run_after=2025-11-19 00:00:00+00:00
[2025-11-19T20:43:47.407+0000] {processor.py:183} INFO - Processing /opt/airflow/dags/pipeline_dag.py took 0.105 seconds
[2025-11-19T20:44:17.741+0000] {processor.py:161} INFO - Started process (PID=57) to work on /opt/airflow/dags/pipeline_dag.py
[2025-11-19T20:44:17.743+0000] {processor.py:830} INFO - Processing file /opt/airflow/dags/pipeline_dag.py for tasks to queue
[2025-11-19T20:44:17.745+0000] {logging_mixin.py:188} INFO - [2025-11-19T20:44:17.744+0000] {dagbag.py:538} INFO - Filling up the DagBag from /opt/airflow/dags/pipeline_dag.py
[2025-11-19T20:44:17.772+0000] {processor.py:840} INFO - DAG(s) 'full_ml_pipeline_v2' retrieved from /opt/airflow/dags/pipeline_dag.py
[2025-11-19T20:44:17.801+0000] {logging_mixin.py:188} INFO - [2025-11-19T20:44:17.801+0000] {dag.py:3036} INFO - Sync 1 DAGs
[2025-11-19T20:44:17.823+0000] {logging_mixin.py:188} INFO - [2025-11-19T20:44:17.823+0000] {dag.py:3823} INFO - Setting next_dagrun for full_ml_pipeline_v2 to 2025-11-18 00:00:00+00:00, run_after=2025-11-19 00:00:00+00:00
[2025-11-19T20:44:17.844+0000] {processor.py:183} INFO - Processing /opt/airflow/dags/pipeline_dag.py took 0.109 seconds
[2025-11-19T20:44:48.179+0000] {processor.py:161} INFO - Started process (PID=58) to work on /opt/airflow/dags/pipeline_dag.py
[2025-11-19T20:44:48.181+0000] {processor.py:830} INFO - Processing file /opt/airflow/dags/pipeline_dag.py for tasks to queue
[2025-11-19T20:44:48.183+0000] {logging_mixin.py:188} INFO - [2025-11-19T20:44:48.182+0000] {dagbag.py:538} INFO - Filling up the DagBag from /opt/airflow/dags/pipeline_dag.py
[2025-11-19T20:44:48.216+0000] {processor.py:840} INFO - DAG(s) 'full_ml_pipeline_v2' retrieved from /opt/airflow/dags/pipeline_dag.py
[2025-11-19T20:44:48.251+0000] {logging_mixin.py:188} INFO - [2025-11-19T20:44:48.250+0000] {dag.py:3036} INFO - Sync 1 DAGs
[2025-11-19T20:44:48.279+0000] {logging_mixin.py:188} INFO - [2025-11-19T20:44:48.279+0000] {dag.py:3823} INFO - Setting next_dagrun for full_ml_pipeline_v2 to 2025-11-18 00:00:00+00:00, run_after=2025-11-19 00:00:00+00:00
[2025-11-19T20:44:48.304+0000] {processor.py:183} INFO - Processing /opt/airflow/dags/pipeline_dag.py took 0.131 seconds
[2025-11-19T20:45:18.632+0000] {processor.py:161} INFO - Started process (PID=59) to work on /opt/airflow/dags/pipeline_dag.py
[2025-11-19T20:45:18.633+0000] {processor.py:830} INFO - Processing file /opt/airflow/dags/pipeline_dag.py for tasks to queue
[2025-11-19T20:45:18.634+0000] {logging_mixin.py:188} INFO - [2025-11-19T20:45:18.634+0000] {dagbag.py:538} INFO - Filling up the DagBag from /opt/airflow/dags/pipeline_dag.py
[2025-11-19T20:45:18.659+0000] {processor.py:840} INFO - DAG(s) 'full_ml_pipeline_v2' retrieved from /opt/airflow/dags/pipeline_dag.py
[2025-11-19T20:45:18.690+0000] {logging_mixin.py:188} INFO - [2025-11-19T20:45:18.690+0000] {dag.py:3036} INFO - Sync 1 DAGs
[2025-11-19T20:45:18.717+0000] {logging_mixin.py:188} INFO - [2025-11-19T20:45:18.716+0000] {dag.py:3823} INFO - Setting next_dagrun for full_ml_pipeline_v2 to 2025-11-18 00:00:00+00:00, run_after=2025-11-19 00:00:00+00:00
[2025-11-19T20:45:18.744+0000] {processor.py:183} INFO - Processing /opt/airflow/dags/pipeline_dag.py took 0.116 seconds
[2025-11-19T20:45:49.014+0000] {processor.py:161} INFO - Started process (PID=60) to work on /opt/airflow/dags/pipeline_dag.py
[2025-11-19T20:45:49.015+0000] {processor.py:830} INFO - Processing file /opt/airflow/dags/pipeline_dag.py for tasks to queue
[2025-11-19T20:45:49.016+0000] {logging_mixin.py:188} INFO - [2025-11-19T20:45:49.016+0000] {dagbag.py:538} INFO - Filling up the DagBag from /opt/airflow/dags/pipeline_dag.py
[2025-11-19T20:45:49.043+0000] {processor.py:840} INFO - DAG(s) 'full_ml_pipeline_v2' retrieved from /opt/airflow/dags/pipeline_dag.py
[2025-11-19T20:45:49.077+0000] {logging_mixin.py:188} INFO - [2025-11-19T20:45:49.076+0000] {dag.py:3036} INFO - Sync 1 DAGs
[2025-11-19T20:45:49.103+0000] {logging_mixin.py:188} INFO - [2025-11-19T20:45:49.103+0000] {dag.py:3823} INFO - Setting next_dagrun for full_ml_pipeline_v2 to 2025-11-18 00:00:00+00:00, run_after=2025-11-19 00:00:00+00:00
[2025-11-19T20:45:49.144+0000] {processor.py:183} INFO - Processing /opt/airflow/dags/pipeline_dag.py took 0.134 seconds
[2025-11-19T20:46:19.451+0000] {processor.py:161} INFO - Started process (PID=61) to work on /opt/airflow/dags/pipeline_dag.py
[2025-11-19T20:46:19.453+0000] {processor.py:830} INFO - Processing file /opt/airflow/dags/pipeline_dag.py for tasks to queue
[2025-11-19T20:46:19.455+0000] {logging_mixin.py:188} INFO - [2025-11-19T20:46:19.455+0000] {dagbag.py:538} INFO - Filling up the DagBag from /opt/airflow/dags/pipeline_dag.py
[2025-11-19T20:46:19.487+0000] {processor.py:840} INFO - DAG(s) 'full_ml_pipeline_v2' retrieved from /opt/airflow/dags/pipeline_dag.py
[2025-11-19T20:46:19.514+0000] {logging_mixin.py:188} INFO - [2025-11-19T20:46:19.514+0000] {dag.py:3036} INFO - Sync 1 DAGs
[2025-11-19T20:46:19.535+0000] {logging_mixin.py:188} INFO - [2025-11-19T20:46:19.534+0000] {dag.py:3823} INFO - Setting next_dagrun for full_ml_pipeline_v2 to 2025-11-18 00:00:00+00:00, run_after=2025-11-19 00:00:00+00:00
[2025-11-19T20:46:19.555+0000] {processor.py:183} INFO - Processing /opt/airflow/dags/pipeline_dag.py took 0.108 seconds
[2025-11-19T20:46:49.920+0000] {processor.py:161} INFO - Started process (PID=62) to work on /opt/airflow/dags/pipeline_dag.py
[2025-11-19T20:46:49.921+0000] {processor.py:830} INFO - Processing file /opt/airflow/dags/pipeline_dag.py for tasks to queue
[2025-11-19T20:46:49.923+0000] {logging_mixin.py:188} INFO - [2025-11-19T20:46:49.922+0000] {dagbag.py:538} INFO - Filling up the DagBag from /opt/airflow/dags/pipeline_dag.py
[2025-11-19T20:46:49.948+0000] {processor.py:840} INFO - DAG(s) 'full_ml_pipeline_v2' retrieved from /opt/airflow/dags/pipeline_dag.py
[2025-11-19T20:46:49.975+0000] {logging_mixin.py:188} INFO - [2025-11-19T20:46:49.975+0000] {dag.py:3036} INFO - Sync 1 DAGs
[2025-11-19T20:46:49.995+0000] {logging_mixin.py:188} INFO - [2025-11-19T20:46:49.995+0000] {dag.py:3823} INFO - Setting next_dagrun for full_ml_pipeline_v2 to 2025-11-18 00:00:00+00:00, run_after=2025-11-19 00:00:00+00:00
[2025-11-19T20:46:50.017+0000] {processor.py:183} INFO - Processing /opt/airflow/dags/pipeline_dag.py took 0.101 seconds
[2025-11-19T20:47:20.367+0000] {processor.py:161} INFO - Started process (PID=63) to work on /opt/airflow/dags/pipeline_dag.py
[2025-11-19T20:47:20.368+0000] {processor.py:830} INFO - Processing file /opt/airflow/dags/pipeline_dag.py for tasks to queue
[2025-11-19T20:47:20.369+0000] {logging_mixin.py:188} INFO - [2025-11-19T20:47:20.369+0000] {dagbag.py:538} INFO - Filling up the DagBag from /opt/airflow/dags/pipeline_dag.py
[2025-11-19T20:47:20.396+0000] {processor.py:840} INFO - DAG(s) 'full_ml_pipeline_v2' retrieved from /opt/airflow/dags/pipeline_dag.py
[2025-11-19T20:47:20.423+0000] {logging_mixin.py:188} INFO - [2025-11-19T20:47:20.422+0000] {dag.py:3036} INFO - Sync 1 DAGs
[2025-11-19T20:47:20.444+0000] {logging_mixin.py:188} INFO - [2025-11-19T20:47:20.444+0000] {dag.py:3823} INFO - Setting next_dagrun for full_ml_pipeline_v2 to 2025-11-18 00:00:00+00:00, run_after=2025-11-19 00:00:00+00:00
[2025-11-19T20:47:20.464+0000] {processor.py:183} INFO - Processing /opt/airflow/dags/pipeline_dag.py took 0.101 seconds
[2025-11-19T20:47:50.766+0000] {processor.py:161} INFO - Started process (PID=64) to work on /opt/airflow/dags/pipeline_dag.py
[2025-11-19T20:47:50.768+0000] {processor.py:830} INFO - Processing file /opt/airflow/dags/pipeline_dag.py for tasks to queue
[2025-11-19T20:47:50.770+0000] {logging_mixin.py:188} INFO - [2025-11-19T20:47:50.770+0000] {dagbag.py:538} INFO - Filling up the DagBag from /opt/airflow/dags/pipeline_dag.py
[2025-11-19T20:47:50.818+0000] {processor.py:840} INFO - DAG(s) 'full_ml_pipeline_v2' retrieved from /opt/airflow/dags/pipeline_dag.py
[2025-11-19T20:47:50.864+0000] {logging_mixin.py:188} INFO - [2025-11-19T20:47:50.864+0000] {dag.py:3036} INFO - Sync 1 DAGs
[2025-11-19T20:47:50.893+0000] {logging_mixin.py:188} INFO - [2025-11-19T20:47:50.893+0000] {dag.py:3823} INFO - Setting next_dagrun for full_ml_pipeline_v2 to 2025-11-18 00:00:00+00:00, run_after=2025-11-19 00:00:00+00:00
[2025-11-19T20:47:51.063+0000] {processor.py:183} INFO - Processing /opt/airflow/dags/pipeline_dag.py took 0.302 seconds
[2025-11-19T20:48:21.207+0000] {processor.py:161} INFO - Started process (PID=65) to work on /opt/airflow/dags/pipeline_dag.py
[2025-11-19T20:48:21.210+0000] {processor.py:830} INFO - Processing file /opt/airflow/dags/pipeline_dag.py for tasks to queue
[2025-11-19T20:48:21.211+0000] {logging_mixin.py:188} INFO - [2025-11-19T20:48:21.211+0000] {dagbag.py:538} INFO - Filling up the DagBag from /opt/airflow/dags/pipeline_dag.py
[2025-11-19T20:48:21.244+0000] {processor.py:840} INFO - DAG(s) 'full_ml_pipeline_v2' retrieved from /opt/airflow/dags/pipeline_dag.py
[2025-11-19T20:48:21.274+0000] {logging_mixin.py:188} INFO - [2025-11-19T20:48:21.274+0000] {dag.py:3036} INFO - Sync 1 DAGs
[2025-11-19T20:48:21.294+0000] {logging_mixin.py:188} INFO - [2025-11-19T20:48:21.294+0000] {dag.py:3823} INFO - Setting next_dagrun for full_ml_pipeline_v2 to 2025-11-18 00:00:00+00:00, run_after=2025-11-19 00:00:00+00:00
[2025-11-19T20:48:21.315+0000] {processor.py:183} INFO - Processing /opt/airflow/dags/pipeline_dag.py took 0.114 seconds
[2025-11-19T20:48:51.559+0000] {processor.py:161} INFO - Started process (PID=66) to work on /opt/airflow/dags/pipeline_dag.py
[2025-11-19T20:48:51.560+0000] {processor.py:830} INFO - Processing file /opt/airflow/dags/pipeline_dag.py for tasks to queue
[2025-11-19T20:48:51.562+0000] {logging_mixin.py:188} INFO - [2025-11-19T20:48:51.561+0000] {dagbag.py:538} INFO - Filling up the DagBag from /opt/airflow/dags/pipeline_dag.py
[2025-11-19T20:48:51.587+0000] {processor.py:840} INFO - DAG(s) 'full_ml_pipeline_v2' retrieved from /opt/airflow/dags/pipeline_dag.py
[2025-11-19T20:48:51.618+0000] {logging_mixin.py:188} INFO - [2025-11-19T20:48:51.618+0000] {dag.py:3036} INFO - Sync 1 DAGs
[2025-11-19T20:48:51.641+0000] {logging_mixin.py:188} INFO - [2025-11-19T20:48:51.641+0000] {dag.py:3823} INFO - Setting next_dagrun for full_ml_pipeline_v2 to 2025-11-18 00:00:00+00:00, run_after=2025-11-19 00:00:00+00:00
[2025-11-19T20:48:51.666+0000] {processor.py:183} INFO - Processing /opt/airflow/dags/pipeline_dag.py took 0.111 seconds
[2025-11-19T20:49:22.106+0000] {processor.py:161} INFO - Started process (PID=67) to work on /opt/airflow/dags/pipeline_dag.py
[2025-11-19T20:49:22.107+0000] {processor.py:830} INFO - Processing file /opt/airflow/dags/pipeline_dag.py for tasks to queue
[2025-11-19T20:49:22.108+0000] {logging_mixin.py:188} INFO - [2025-11-19T20:49:22.108+0000] {dagbag.py:538} INFO - Filling up the DagBag from /opt/airflow/dags/pipeline_dag.py
[2025-11-19T20:49:22.133+0000] {processor.py:840} INFO - DAG(s) 'full_ml_pipeline_v2' retrieved from /opt/airflow/dags/pipeline_dag.py
[2025-11-19T20:49:22.163+0000] {logging_mixin.py:188} INFO - [2025-11-19T20:49:22.163+0000] {dag.py:3036} INFO - Sync 1 DAGs
[2025-11-19T20:49:22.185+0000] {logging_mixin.py:188} INFO - [2025-11-19T20:49:22.185+0000] {dag.py:3823} INFO - Setting next_dagrun for full_ml_pipeline_v2 to 2025-11-18 00:00:00+00:00, run_after=2025-11-19 00:00:00+00:00
[2025-11-19T20:49:22.206+0000] {processor.py:183} INFO - Processing /opt/airflow/dags/pipeline_dag.py took 0.103 seconds
[2025-11-19T20:49:52.526+0000] {processor.py:161} INFO - Started process (PID=68) to work on /opt/airflow/dags/pipeline_dag.py
[2025-11-19T20:49:52.528+0000] {processor.py:830} INFO - Processing file /opt/airflow/dags/pipeline_dag.py for tasks to queue
[2025-11-19T20:49:52.529+0000] {logging_mixin.py:188} INFO - [2025-11-19T20:49:52.528+0000] {dagbag.py:538} INFO - Filling up the DagBag from /opt/airflow/dags/pipeline_dag.py
[2025-11-19T20:49:52.555+0000] {processor.py:840} INFO - DAG(s) 'full_ml_pipeline_v2' retrieved from /opt/airflow/dags/pipeline_dag.py
[2025-11-19T20:49:52.583+0000] {logging_mixin.py:188} INFO - [2025-11-19T20:49:52.583+0000] {dag.py:3036} INFO - Sync 1 DAGs
[2025-11-19T20:49:52.606+0000] {logging_mixin.py:188} INFO - [2025-11-19T20:49:52.605+0000] {dag.py:3823} INFO - Setting next_dagrun for full_ml_pipeline_v2 to 2025-11-18 00:00:00+00:00, run_after=2025-11-19 00:00:00+00:00
[2025-11-19T20:49:52.627+0000] {processor.py:183} INFO - Processing /opt/airflow/dags/pipeline_dag.py took 0.105 seconds
[2025-11-19T20:50:22.924+0000] {processor.py:161} INFO - Started process (PID=69) to work on /opt/airflow/dags/pipeline_dag.py
[2025-11-19T20:50:22.925+0000] {processor.py:830} INFO - Processing file /opt/airflow/dags/pipeline_dag.py for tasks to queue
[2025-11-19T20:50:22.927+0000] {logging_mixin.py:188} INFO - [2025-11-19T20:50:22.926+0000] {dagbag.py:538} INFO - Filling up the DagBag from /opt/airflow/dags/pipeline_dag.py
[2025-11-19T20:50:22.953+0000] {processor.py:840} INFO - DAG(s) 'full_ml_pipeline_v2' retrieved from /opt/airflow/dags/pipeline_dag.py
[2025-11-19T20:50:22.980+0000] {logging_mixin.py:188} INFO - [2025-11-19T20:50:22.980+0000] {dag.py:3036} INFO - Sync 1 DAGs
[2025-11-19T20:50:23.001+0000] {logging_mixin.py:188} INFO - [2025-11-19T20:50:23.001+0000] {dag.py:3823} INFO - Setting next_dagrun for full_ml_pipeline_v2 to 2025-11-18 00:00:00+00:00, run_after=2025-11-19 00:00:00+00:00
[2025-11-19T20:50:23.022+0000] {processor.py:183} INFO - Processing /opt/airflow/dags/pipeline_dag.py took 0.102 seconds
[2025-11-19T20:50:53.305+0000] {processor.py:161} INFO - Started process (PID=70) to work on /opt/airflow/dags/pipeline_dag.py
[2025-11-19T20:50:53.307+0000] {processor.py:830} INFO - Processing file /opt/airflow/dags/pipeline_dag.py for tasks to queue
[2025-11-19T20:50:53.309+0000] {logging_mixin.py:188} INFO - [2025-11-19T20:50:53.308+0000] {dagbag.py:538} INFO - Filling up the DagBag from /opt/airflow/dags/pipeline_dag.py
[2025-11-19T20:50:53.337+0000] {processor.py:840} INFO - DAG(s) 'full_ml_pipeline_v2' retrieved from /opt/airflow/dags/pipeline_dag.py
[2025-11-19T20:50:53.366+0000] {logging_mixin.py:188} INFO - [2025-11-19T20:50:53.366+0000] {dag.py:3036} INFO - Sync 1 DAGs
[2025-11-19T20:50:53.391+0000] {logging_mixin.py:188} INFO - [2025-11-19T20:50:53.391+0000] {dag.py:3823} INFO - Setting next_dagrun for full_ml_pipeline_v2 to 2025-11-18 00:00:00+00:00, run_after=2025-11-19 00:00:00+00:00
[2025-11-19T20:50:53.417+0000] {processor.py:183} INFO - Processing /opt/airflow/dags/pipeline_dag.py took 0.115 seconds
[2025-11-19T20:51:23.730+0000] {processor.py:161} INFO - Started process (PID=71) to work on /opt/airflow/dags/pipeline_dag.py
[2025-11-19T20:51:23.731+0000] {processor.py:830} INFO - Processing file /opt/airflow/dags/pipeline_dag.py for tasks to queue
[2025-11-19T20:51:23.732+0000] {logging_mixin.py:188} INFO - [2025-11-19T20:51:23.732+0000] {dagbag.py:538} INFO - Filling up the DagBag from /opt/airflow/dags/pipeline_dag.py
[2025-11-19T20:51:23.760+0000] {processor.py:840} INFO - DAG(s) 'full_ml_pipeline_v2' retrieved from /opt/airflow/dags/pipeline_dag.py
[2025-11-19T20:51:23.801+0000] {logging_mixin.py:188} INFO - [2025-11-19T20:51:23.801+0000] {dag.py:3036} INFO - Sync 1 DAGs
[2025-11-19T20:51:23.825+0000] {logging_mixin.py:188} INFO - [2025-11-19T20:51:23.825+0000] {dag.py:3823} INFO - Setting next_dagrun for full_ml_pipeline_v2 to 2025-11-18 00:00:00+00:00, run_after=2025-11-19 00:00:00+00:00
[2025-11-19T20:51:23.849+0000] {processor.py:183} INFO - Processing /opt/airflow/dags/pipeline_dag.py took 0.125 seconds
[2025-11-19T20:51:54.181+0000] {processor.py:161} INFO - Started process (PID=72) to work on /opt/airflow/dags/pipeline_dag.py
[2025-11-19T20:51:54.183+0000] {processor.py:830} INFO - Processing file /opt/airflow/dags/pipeline_dag.py for tasks to queue
[2025-11-19T20:51:54.184+0000] {logging_mixin.py:188} INFO - [2025-11-19T20:51:54.183+0000] {dagbag.py:538} INFO - Filling up the DagBag from /opt/airflow/dags/pipeline_dag.py
[2025-11-19T20:51:54.209+0000] {processor.py:840} INFO - DAG(s) 'full_ml_pipeline_v2' retrieved from /opt/airflow/dags/pipeline_dag.py
[2025-11-19T20:51:54.241+0000] {logging_mixin.py:188} INFO - [2025-11-19T20:51:54.240+0000] {dag.py:3036} INFO - Sync 1 DAGs
[2025-11-19T20:51:54.263+0000] {logging_mixin.py:188} INFO - [2025-11-19T20:51:54.263+0000] {dag.py:3823} INFO - Setting next_dagrun for full_ml_pipeline_v2 to 2025-11-18 00:00:00+00:00, run_after=2025-11-19 00:00:00+00:00
[2025-11-19T20:51:54.286+0000] {processor.py:183} INFO - Processing /opt/airflow/dags/pipeline_dag.py took 0.109 seconds
[2025-11-19T20:52:24.417+0000] {processor.py:161} INFO - Started process (PID=73) to work on /opt/airflow/dags/pipeline_dag.py
[2025-11-19T20:52:24.419+0000] {processor.py:830} INFO - Processing file /opt/airflow/dags/pipeline_dag.py for tasks to queue
[2025-11-19T20:52:24.421+0000] {logging_mixin.py:188} INFO - [2025-11-19T20:52:24.421+0000] {dagbag.py:538} INFO - Filling up the DagBag from /opt/airflow/dags/pipeline_dag.py
[2025-11-19T20:52:24.446+0000] {processor.py:840} INFO - DAG(s) 'full_ml_pipeline_v2' retrieved from /opt/airflow/dags/pipeline_dag.py
[2025-11-19T20:52:24.475+0000] {logging_mixin.py:188} INFO - [2025-11-19T20:52:24.475+0000] {dag.py:3036} INFO - Sync 1 DAGs
[2025-11-19T20:52:24.501+0000] {logging_mixin.py:188} INFO - [2025-11-19T20:52:24.501+0000] {dag.py:3823} INFO - Setting next_dagrun for full_ml_pipeline_v2 to 2025-11-18 00:00:00+00:00, run_after=2025-11-19 00:00:00+00:00
[2025-11-19T20:52:24.532+0000] {processor.py:183} INFO - Processing /opt/airflow/dags/pipeline_dag.py took 0.122 seconds
[2025-11-19T20:52:54.810+0000] {processor.py:161} INFO - Started process (PID=74) to work on /opt/airflow/dags/pipeline_dag.py
[2025-11-19T20:52:54.812+0000] {processor.py:830} INFO - Processing file /opt/airflow/dags/pipeline_dag.py for tasks to queue
[2025-11-19T20:52:54.813+0000] {logging_mixin.py:188} INFO - [2025-11-19T20:52:54.812+0000] {dagbag.py:538} INFO - Filling up the DagBag from /opt/airflow/dags/pipeline_dag.py
[2025-11-19T20:52:54.834+0000] {processor.py:840} INFO - DAG(s) 'full_ml_pipeline_v2' retrieved from /opt/airflow/dags/pipeline_dag.py
[2025-11-19T20:52:54.862+0000] {logging_mixin.py:188} INFO - [2025-11-19T20:52:54.862+0000] {dag.py:3036} INFO - Sync 1 DAGs
[2025-11-19T20:52:54.883+0000] {logging_mixin.py:188} INFO - [2025-11-19T20:52:54.883+0000] {dag.py:3823} INFO - Setting next_dagrun for full_ml_pipeline_v2 to 2025-11-18 00:00:00+00:00, run_after=2025-11-19 00:00:00+00:00
[2025-11-19T20:52:54.904+0000] {processor.py:183} INFO - Processing /opt/airflow/dags/pipeline_dag.py took 0.098 seconds
[2025-11-19T20:53:25.168+0000] {processor.py:161} INFO - Started process (PID=75) to work on /opt/airflow/dags/pipeline_dag.py
[2025-11-19T20:53:25.170+0000] {processor.py:830} INFO - Processing file /opt/airflow/dags/pipeline_dag.py for tasks to queue
[2025-11-19T20:53:25.172+0000] {logging_mixin.py:188} INFO - [2025-11-19T20:53:25.171+0000] {dagbag.py:538} INFO - Filling up the DagBag from /opt/airflow/dags/pipeline_dag.py
[2025-11-19T20:53:25.203+0000] {processor.py:840} INFO - DAG(s) 'full_ml_pipeline_v2' retrieved from /opt/airflow/dags/pipeline_dag.py
[2025-11-19T20:53:25.231+0000] {logging_mixin.py:188} INFO - [2025-11-19T20:53:25.231+0000] {dag.py:3036} INFO - Sync 1 DAGs
[2025-11-19T20:53:25.255+0000] {logging_mixin.py:188} INFO - [2025-11-19T20:53:25.255+0000] {dag.py:3823} INFO - Setting next_dagrun for full_ml_pipeline_v2 to 2025-11-18 00:00:00+00:00, run_after=2025-11-19 00:00:00+00:00
[2025-11-19T20:53:25.278+0000] {processor.py:183} INFO - Processing /opt/airflow/dags/pipeline_dag.py took 0.115 seconds
[2025-11-19T20:53:55.477+0000] {processor.py:161} INFO - Started process (PID=76) to work on /opt/airflow/dags/pipeline_dag.py
[2025-11-19T20:53:55.479+0000] {processor.py:830} INFO - Processing file /opt/airflow/dags/pipeline_dag.py for tasks to queue
[2025-11-19T20:53:55.480+0000] {logging_mixin.py:188} INFO - [2025-11-19T20:53:55.480+0000] {dagbag.py:538} INFO - Filling up the DagBag from /opt/airflow/dags/pipeline_dag.py
[2025-11-19T20:53:55.510+0000] {processor.py:840} INFO - DAG(s) 'full_ml_pipeline_v2' retrieved from /opt/airflow/dags/pipeline_dag.py
[2025-11-19T20:53:55.544+0000] {logging_mixin.py:188} INFO - [2025-11-19T20:53:55.543+0000] {dag.py:3036} INFO - Sync 1 DAGs
[2025-11-19T20:53:55.572+0000] {logging_mixin.py:188} INFO - [2025-11-19T20:53:55.572+0000] {dag.py:3823} INFO - Setting next_dagrun for full_ml_pipeline_v2 to 2025-11-18 00:00:00+00:00, run_after=2025-11-19 00:00:00+00:00
[2025-11-19T20:53:55.604+0000] {processor.py:183} INFO - Processing /opt/airflow/dags/pipeline_dag.py took 0.132 seconds
[2025-11-19T20:58:44.438+0000] {processor.py:161} INFO - Started process (PID=42) to work on /opt/airflow/dags/pipeline_dag.py
[2025-11-19T20:58:44.440+0000] {processor.py:830} INFO - Processing file /opt/airflow/dags/pipeline_dag.py for tasks to queue
[2025-11-19T20:58:44.442+0000] {logging_mixin.py:188} INFO - [2025-11-19T20:58:44.441+0000] {dagbag.py:538} INFO - Filling up the DagBag from /opt/airflow/dags/pipeline_dag.py
[2025-11-19T20:58:44.486+0000] {processor.py:840} INFO - DAG(s) 'full_ml_pipeline_v2' retrieved from /opt/airflow/dags/pipeline_dag.py
[2025-11-19T20:58:44.798+0000] {logging_mixin.py:188} INFO - [2025-11-19T20:58:44.797+0000] {override.py:1769} INFO - Created Permission View: can edit on DAG:full_ml_pipeline_v2
[2025-11-19T20:58:44.818+0000] {logging_mixin.py:188} INFO - [2025-11-19T20:58:44.817+0000] {override.py:1769} INFO - Created Permission View: can read on DAG:full_ml_pipeline_v2
[2025-11-19T20:58:44.833+0000] {logging_mixin.py:188} INFO - [2025-11-19T20:58:44.832+0000] {override.py:1769} INFO - Created Permission View: can delete on DAG:full_ml_pipeline_v2
[2025-11-19T20:58:44.834+0000] {logging_mixin.py:188} INFO - [2025-11-19T20:58:44.833+0000] {dag.py:3036} INFO - Sync 1 DAGs
[2025-11-19T20:58:44.847+0000] {logging_mixin.py:188} INFO - [2025-11-19T20:58:44.847+0000] {dag.py:3058} INFO - Creating ORM DAG for full_ml_pipeline_v2
[2025-11-19T20:58:44.864+0000] {logging_mixin.py:188} INFO - [2025-11-19T20:58:44.864+0000] {dag.py:3823} INFO - Setting next_dagrun for full_ml_pipeline_v2 to 2025-11-18 00:00:00+00:00, run_after=2025-11-19 00:00:00+00:00
[2025-11-19T20:58:44.898+0000] {processor.py:183} INFO - Processing /opt/airflow/dags/pipeline_dag.py took 0.465 seconds
[2025-11-19T20:59:15.187+0000] {processor.py:161} INFO - Started process (PID=43) to work on /opt/airflow/dags/pipeline_dag.py
[2025-11-19T20:59:15.189+0000] {processor.py:830} INFO - Processing file /opt/airflow/dags/pipeline_dag.py for tasks to queue
[2025-11-19T20:59:15.191+0000] {logging_mixin.py:188} INFO - [2025-11-19T20:59:15.190+0000] {dagbag.py:538} INFO - Filling up the DagBag from /opt/airflow/dags/pipeline_dag.py
[2025-11-19T20:59:15.227+0000] {processor.py:840} INFO - DAG(s) 'full_ml_pipeline_v2' retrieved from /opt/airflow/dags/pipeline_dag.py
[2025-11-19T20:59:15.256+0000] {logging_mixin.py:188} INFO - [2025-11-19T20:59:15.256+0000] {dag.py:3036} INFO - Sync 1 DAGs
[2025-11-19T20:59:15.277+0000] {logging_mixin.py:188} INFO - [2025-11-19T20:59:15.277+0000] {dag.py:3823} INFO - Setting next_dagrun for full_ml_pipeline_v2 to 2025-11-18 00:00:00+00:00, run_after=2025-11-19 00:00:00+00:00
[2025-11-19T20:59:15.301+0000] {processor.py:183} INFO - Processing /opt/airflow/dags/pipeline_dag.py took 0.122 seconds
[2025-11-19T20:59:45.520+0000] {processor.py:161} INFO - Started process (PID=44) to work on /opt/airflow/dags/pipeline_dag.py
[2025-11-19T20:59:45.521+0000] {processor.py:830} INFO - Processing file /opt/airflow/dags/pipeline_dag.py for tasks to queue
[2025-11-19T20:59:45.523+0000] {logging_mixin.py:188} INFO - [2025-11-19T20:59:45.522+0000] {dagbag.py:538} INFO - Filling up the DagBag from /opt/airflow/dags/pipeline_dag.py
[2025-11-19T20:59:45.547+0000] {processor.py:840} INFO - DAG(s) 'full_ml_pipeline_v2' retrieved from /opt/airflow/dags/pipeline_dag.py
[2025-11-19T20:59:45.576+0000] {logging_mixin.py:188} INFO - [2025-11-19T20:59:45.576+0000] {dag.py:3036} INFO - Sync 1 DAGs
[2025-11-19T20:59:45.598+0000] {logging_mixin.py:188} INFO - [2025-11-19T20:59:45.597+0000] {dag.py:3823} INFO - Setting next_dagrun for full_ml_pipeline_v2 to 2025-11-18 00:00:00+00:00, run_after=2025-11-19 00:00:00+00:00
[2025-11-19T20:59:45.619+0000] {processor.py:183} INFO - Processing /opt/airflow/dags/pipeline_dag.py took 0.103 seconds
[2025-11-19T21:00:15.875+0000] {processor.py:161} INFO - Started process (PID=45) to work on /opt/airflow/dags/pipeline_dag.py
[2025-11-19T21:00:15.877+0000] {processor.py:830} INFO - Processing file /opt/airflow/dags/pipeline_dag.py for tasks to queue
[2025-11-19T21:00:15.878+0000] {logging_mixin.py:188} INFO - [2025-11-19T21:00:15.877+0000] {dagbag.py:538} INFO - Filling up the DagBag from /opt/airflow/dags/pipeline_dag.py
[2025-11-19T21:00:15.903+0000] {processor.py:840} INFO - DAG(s) 'full_ml_pipeline_v2' retrieved from /opt/airflow/dags/pipeline_dag.py
[2025-11-19T21:00:15.931+0000] {logging_mixin.py:188} INFO - [2025-11-19T21:00:15.930+0000] {dag.py:3036} INFO - Sync 1 DAGs
[2025-11-19T21:00:15.952+0000] {logging_mixin.py:188} INFO - [2025-11-19T21:00:15.952+0000] {dag.py:3823} INFO - Setting next_dagrun for full_ml_pipeline_v2 to 2025-11-18 00:00:00+00:00, run_after=2025-11-19 00:00:00+00:00
[2025-11-19T21:00:15.975+0000] {processor.py:183} INFO - Processing /opt/airflow/dags/pipeline_dag.py took 0.103 seconds
[2025-11-19T21:00:46.094+0000] {processor.py:161} INFO - Started process (PID=46) to work on /opt/airflow/dags/pipeline_dag.py
[2025-11-19T21:00:46.125+0000] {processor.py:830} INFO - Processing file /opt/airflow/dags/pipeline_dag.py for tasks to queue
[2025-11-19T21:00:46.130+0000] {logging_mixin.py:188} INFO - [2025-11-19T21:00:46.129+0000] {dagbag.py:538} INFO - Filling up the DagBag from /opt/airflow/dags/pipeline_dag.py
[2025-11-19T21:00:46.158+0000] {processor.py:840} INFO - DAG(s) 'full_ml_pipeline_v2' retrieved from /opt/airflow/dags/pipeline_dag.py
[2025-11-19T21:00:46.195+0000] {logging_mixin.py:188} INFO - [2025-11-19T21:00:46.194+0000] {dag.py:3036} INFO - Sync 1 DAGs
[2025-11-19T21:00:46.227+0000] {logging_mixin.py:188} INFO - [2025-11-19T21:00:46.227+0000] {dag.py:3823} INFO - Setting next_dagrun for full_ml_pipeline_v2 to 2025-11-18 00:00:00+00:00, run_after=2025-11-19 00:00:00+00:00
[2025-11-19T21:00:46.302+0000] {processor.py:183} INFO - Processing /opt/airflow/dags/pipeline_dag.py took 0.213 seconds
[2025-11-19T21:01:16.479+0000] {processor.py:161} INFO - Started process (PID=47) to work on /opt/airflow/dags/pipeline_dag.py
[2025-11-19T21:01:16.480+0000] {processor.py:830} INFO - Processing file /opt/airflow/dags/pipeline_dag.py for tasks to queue
[2025-11-19T21:01:16.481+0000] {logging_mixin.py:188} INFO - [2025-11-19T21:01:16.481+0000] {dagbag.py:538} INFO - Filling up the DagBag from /opt/airflow/dags/pipeline_dag.py
[2025-11-19T21:01:16.506+0000] {processor.py:840} INFO - DAG(s) 'full_ml_pipeline_v2' retrieved from /opt/airflow/dags/pipeline_dag.py
[2025-11-19T21:01:16.536+0000] {logging_mixin.py:188} INFO - [2025-11-19T21:01:16.536+0000] {dag.py:3036} INFO - Sync 1 DAGs
[2025-11-19T21:01:16.564+0000] {logging_mixin.py:188} INFO - [2025-11-19T21:01:16.564+0000] {dag.py:3823} INFO - Setting next_dagrun for full_ml_pipeline_v2 to 2025-11-18 00:00:00+00:00, run_after=2025-11-19 00:00:00+00:00
[2025-11-19T21:01:16.776+0000] {processor.py:183} INFO - Processing /opt/airflow/dags/pipeline_dag.py took 0.301 seconds
[2025-11-19T21:01:47.104+0000] {processor.py:161} INFO - Started process (PID=48) to work on /opt/airflow/dags/pipeline_dag.py
[2025-11-19T21:01:47.106+0000] {processor.py:830} INFO - Processing file /opt/airflow/dags/pipeline_dag.py for tasks to queue
[2025-11-19T21:01:47.109+0000] {logging_mixin.py:188} INFO - [2025-11-19T21:01:47.108+0000] {dagbag.py:538} INFO - Filling up the DagBag from /opt/airflow/dags/pipeline_dag.py
[2025-11-19T21:01:47.146+0000] {processor.py:840} INFO - DAG(s) 'full_ml_pipeline_v2' retrieved from /opt/airflow/dags/pipeline_dag.py
[2025-11-19T21:01:47.182+0000] {logging_mixin.py:188} INFO - [2025-11-19T21:01:47.182+0000] {dag.py:3036} INFO - Sync 1 DAGs
[2025-11-19T21:01:47.205+0000] {logging_mixin.py:188} INFO - [2025-11-19T21:01:47.205+0000] {dag.py:3823} INFO - Setting next_dagrun for full_ml_pipeline_v2 to 2025-11-18 00:00:00+00:00, run_after=2025-11-19 00:00:00+00:00
[2025-11-19T21:01:47.229+0000] {processor.py:183} INFO - Processing /opt/airflow/dags/pipeline_dag.py took 0.134 seconds
[2025-11-19T21:02:17.423+0000] {processor.py:161} INFO - Started process (PID=49) to work on /opt/airflow/dags/pipeline_dag.py
[2025-11-19T21:02:17.425+0000] {processor.py:830} INFO - Processing file /opt/airflow/dags/pipeline_dag.py for tasks to queue
[2025-11-19T21:02:17.426+0000] {logging_mixin.py:188} INFO - [2025-11-19T21:02:17.426+0000] {dagbag.py:538} INFO - Filling up the DagBag from /opt/airflow/dags/pipeline_dag.py
[2025-11-19T21:02:17.453+0000] {processor.py:840} INFO - DAG(s) 'full_ml_pipeline_v2' retrieved from /opt/airflow/dags/pipeline_dag.py
[2025-11-19T21:02:17.483+0000] {logging_mixin.py:188} INFO - [2025-11-19T21:02:17.483+0000] {dag.py:3036} INFO - Sync 1 DAGs
[2025-11-19T21:02:17.509+0000] {logging_mixin.py:188} INFO - [2025-11-19T21:02:17.508+0000] {dag.py:3823} INFO - Setting next_dagrun for full_ml_pipeline_v2 to 2025-11-18 00:00:00+00:00, run_after=2025-11-19 00:00:00+00:00
[2025-11-19T21:02:17.533+0000] {processor.py:183} INFO - Processing /opt/airflow/dags/pipeline_dag.py took 0.113 seconds
[2025-11-19T21:02:47.763+0000] {processor.py:161} INFO - Started process (PID=50) to work on /opt/airflow/dags/pipeline_dag.py
[2025-11-19T21:02:47.765+0000] {processor.py:830} INFO - Processing file /opt/airflow/dags/pipeline_dag.py for tasks to queue
[2025-11-19T21:02:47.766+0000] {logging_mixin.py:188} INFO - [2025-11-19T21:02:47.765+0000] {dagbag.py:538} INFO - Filling up the DagBag from /opt/airflow/dags/pipeline_dag.py
[2025-11-19T21:02:47.797+0000] {processor.py:840} INFO - DAG(s) 'full_ml_pipeline_v2' retrieved from /opt/airflow/dags/pipeline_dag.py
[2025-11-19T21:02:47.829+0000] {logging_mixin.py:188} INFO - [2025-11-19T21:02:47.829+0000] {dag.py:3036} INFO - Sync 1 DAGs
[2025-11-19T21:02:47.863+0000] {logging_mixin.py:188} INFO - [2025-11-19T21:02:47.862+0000] {dag.py:3823} INFO - Setting next_dagrun for full_ml_pipeline_v2 to 2025-11-18 00:00:00+00:00, run_after=2025-11-19 00:00:00+00:00
[2025-11-19T21:02:48.109+0000] {processor.py:183} INFO - Processing /opt/airflow/dags/pipeline_dag.py took 0.350 seconds
[2025-11-19T21:03:18.423+0000] {processor.py:161} INFO - Started process (PID=51) to work on /opt/airflow/dags/pipeline_dag.py
[2025-11-19T21:03:18.424+0000] {processor.py:830} INFO - Processing file /opt/airflow/dags/pipeline_dag.py for tasks to queue
[2025-11-19T21:03:18.425+0000] {logging_mixin.py:188} INFO - [2025-11-19T21:03:18.425+0000] {dagbag.py:538} INFO - Filling up the DagBag from /opt/airflow/dags/pipeline_dag.py
[2025-11-19T21:03:18.450+0000] {processor.py:840} INFO - DAG(s) 'full_ml_pipeline_v2' retrieved from /opt/airflow/dags/pipeline_dag.py
[2025-11-19T21:03:18.478+0000] {logging_mixin.py:188} INFO - [2025-11-19T21:03:18.478+0000] {dag.py:3036} INFO - Sync 1 DAGs
[2025-11-19T21:03:18.500+0000] {logging_mixin.py:188} INFO - [2025-11-19T21:03:18.499+0000] {dag.py:3823} INFO - Setting next_dagrun for full_ml_pipeline_v2 to 2025-11-18 00:00:00+00:00, run_after=2025-11-19 00:00:00+00:00
[2025-11-19T21:03:18.560+0000] {processor.py:183} INFO - Processing /opt/airflow/dags/pipeline_dag.py took 0.141 seconds
[2025-11-19T21:03:48.712+0000] {processor.py:161} INFO - Started process (PID=52) to work on /opt/airflow/dags/pipeline_dag.py
[2025-11-19T21:03:48.714+0000] {processor.py:830} INFO - Processing file /opt/airflow/dags/pipeline_dag.py for tasks to queue
[2025-11-19T21:03:48.717+0000] {logging_mixin.py:188} INFO - [2025-11-19T21:03:48.716+0000] {dagbag.py:538} INFO - Filling up the DagBag from /opt/airflow/dags/pipeline_dag.py
[2025-11-19T21:03:48.750+0000] {processor.py:840} INFO - DAG(s) 'full_ml_pipeline_v2' retrieved from /opt/airflow/dags/pipeline_dag.py
[2025-11-19T21:03:48.790+0000] {logging_mixin.py:188} INFO - [2025-11-19T21:03:48.789+0000] {dag.py:3036} INFO - Sync 1 DAGs
[2025-11-19T21:03:48.817+0000] {logging_mixin.py:188} INFO - [2025-11-19T21:03:48.817+0000] {dag.py:3823} INFO - Setting next_dagrun for full_ml_pipeline_v2 to 2025-11-18 00:00:00+00:00, run_after=2025-11-19 00:00:00+00:00
[2025-11-19T21:03:48.843+0000] {processor.py:183} INFO - Processing /opt/airflow/dags/pipeline_dag.py took 0.137 seconds
[2025-11-19T21:04:19.098+0000] {processor.py:161} INFO - Started process (PID=53) to work on /opt/airflow/dags/pipeline_dag.py
[2025-11-19T21:04:19.100+0000] {processor.py:830} INFO - Processing file /opt/airflow/dags/pipeline_dag.py for tasks to queue
[2025-11-19T21:04:19.101+0000] {logging_mixin.py:188} INFO - [2025-11-19T21:04:19.100+0000] {dagbag.py:538} INFO - Filling up the DagBag from /opt/airflow/dags/pipeline_dag.py
[2025-11-19T21:04:19.124+0000] {processor.py:840} INFO - DAG(s) 'full_ml_pipeline_v2' retrieved from /opt/airflow/dags/pipeline_dag.py
[2025-11-19T21:04:19.153+0000] {logging_mixin.py:188} INFO - [2025-11-19T21:04:19.152+0000] {dag.py:3036} INFO - Sync 1 DAGs
[2025-11-19T21:04:19.178+0000] {logging_mixin.py:188} INFO - [2025-11-19T21:04:19.178+0000] {dag.py:3823} INFO - Setting next_dagrun for full_ml_pipeline_v2 to 2025-11-18 00:00:00+00:00, run_after=2025-11-19 00:00:00+00:00
[2025-11-19T21:04:19.205+0000] {processor.py:183} INFO - Processing /opt/airflow/dags/pipeline_dag.py took 0.111 seconds
[2025-11-19T21:04:49.353+0000] {processor.py:161} INFO - Started process (PID=54) to work on /opt/airflow/dags/pipeline_dag.py
[2025-11-19T21:04:49.354+0000] {processor.py:830} INFO - Processing file /opt/airflow/dags/pipeline_dag.py for tasks to queue
[2025-11-19T21:04:49.356+0000] {logging_mixin.py:188} INFO - [2025-11-19T21:04:49.355+0000] {dagbag.py:538} INFO - Filling up the DagBag from /opt/airflow/dags/pipeline_dag.py
[2025-11-19T21:04:49.383+0000] {processor.py:840} INFO - DAG(s) 'full_ml_pipeline_v2' retrieved from /opt/airflow/dags/pipeline_dag.py
[2025-11-19T21:04:49.412+0000] {logging_mixin.py:188} INFO - [2025-11-19T21:04:49.412+0000] {dag.py:3036} INFO - Sync 1 DAGs
[2025-11-19T21:04:49.434+0000] {logging_mixin.py:188} INFO - [2025-11-19T21:04:49.433+0000] {dag.py:3823} INFO - Setting next_dagrun for full_ml_pipeline_v2 to 2025-11-18 00:00:00+00:00, run_after=2025-11-19 00:00:00+00:00
[2025-11-19T21:04:49.455+0000] {processor.py:183} INFO - Processing /opt/airflow/dags/pipeline_dag.py took 0.107 seconds
[2025-11-19T21:05:19.719+0000] {processor.py:161} INFO - Started process (PID=55) to work on /opt/airflow/dags/pipeline_dag.py
[2025-11-19T21:05:19.721+0000] {processor.py:830} INFO - Processing file /opt/airflow/dags/pipeline_dag.py for tasks to queue
[2025-11-19T21:05:19.722+0000] {logging_mixin.py:188} INFO - [2025-11-19T21:05:19.722+0000] {dagbag.py:538} INFO - Filling up the DagBag from /opt/airflow/dags/pipeline_dag.py
[2025-11-19T21:05:19.748+0000] {processor.py:840} INFO - DAG(s) 'full_ml_pipeline_v2' retrieved from /opt/airflow/dags/pipeline_dag.py
[2025-11-19T21:05:19.776+0000] {logging_mixin.py:188} INFO - [2025-11-19T21:05:19.775+0000] {dag.py:3036} INFO - Sync 1 DAGs
[2025-11-19T21:05:19.797+0000] {logging_mixin.py:188} INFO - [2025-11-19T21:05:19.797+0000] {dag.py:3823} INFO - Setting next_dagrun for full_ml_pipeline_v2 to 2025-11-18 00:00:00+00:00, run_after=2025-11-19 00:00:00+00:00
[2025-11-19T21:05:19.818+0000] {processor.py:183} INFO - Processing /opt/airflow/dags/pipeline_dag.py took 0.104 seconds
[2025-11-19T21:05:49.966+0000] {processor.py:161} INFO - Started process (PID=56) to work on /opt/airflow/dags/pipeline_dag.py
[2025-11-19T21:05:49.968+0000] {processor.py:830} INFO - Processing file /opt/airflow/dags/pipeline_dag.py for tasks to queue
[2025-11-19T21:05:49.969+0000] {logging_mixin.py:188} INFO - [2025-11-19T21:05:49.968+0000] {dagbag.py:538} INFO - Filling up the DagBag from /opt/airflow/dags/pipeline_dag.py
[2025-11-19T21:05:49.996+0000] {processor.py:840} INFO - DAG(s) 'full_ml_pipeline_v2' retrieved from /opt/airflow/dags/pipeline_dag.py
[2025-11-19T21:05:50.031+0000] {logging_mixin.py:188} INFO - [2025-11-19T21:05:50.030+0000] {dag.py:3036} INFO - Sync 1 DAGs
[2025-11-19T21:05:50.054+0000] {logging_mixin.py:188} INFO - [2025-11-19T21:05:50.054+0000] {dag.py:3823} INFO - Setting next_dagrun for full_ml_pipeline_v2 to 2025-11-18 00:00:00+00:00, run_after=2025-11-19 00:00:00+00:00
[2025-11-19T21:05:50.075+0000] {processor.py:183} INFO - Processing /opt/airflow/dags/pipeline_dag.py took 0.113 seconds
[2025-11-19T21:06:20.302+0000] {processor.py:161} INFO - Started process (PID=57) to work on /opt/airflow/dags/pipeline_dag.py
[2025-11-19T21:06:20.303+0000] {processor.py:830} INFO - Processing file /opt/airflow/dags/pipeline_dag.py for tasks to queue
[2025-11-19T21:06:20.304+0000] {logging_mixin.py:188} INFO - [2025-11-19T21:06:20.304+0000] {dagbag.py:538} INFO - Filling up the DagBag from /opt/airflow/dags/pipeline_dag.py
[2025-11-19T21:06:20.328+0000] {processor.py:840} INFO - DAG(s) 'full_ml_pipeline_v2' retrieved from /opt/airflow/dags/pipeline_dag.py
[2025-11-19T21:06:20.359+0000] {logging_mixin.py:188} INFO - [2025-11-19T21:06:20.358+0000] {dag.py:3036} INFO - Sync 1 DAGs
[2025-11-19T21:06:20.381+0000] {logging_mixin.py:188} INFO - [2025-11-19T21:06:20.380+0000] {dag.py:3823} INFO - Setting next_dagrun for full_ml_pipeline_v2 to 2025-11-18 00:00:00+00:00, run_after=2025-11-19 00:00:00+00:00
[2025-11-19T21:06:20.400+0000] {processor.py:183} INFO - Processing /opt/airflow/dags/pipeline_dag.py took 0.102 seconds
[2025-11-19T21:06:50.609+0000] {processor.py:161} INFO - Started process (PID=58) to work on /opt/airflow/dags/pipeline_dag.py
[2025-11-19T21:06:50.610+0000] {processor.py:830} INFO - Processing file /opt/airflow/dags/pipeline_dag.py for tasks to queue
[2025-11-19T21:06:50.611+0000] {logging_mixin.py:188} INFO - [2025-11-19T21:06:50.611+0000] {dagbag.py:538} INFO - Filling up the DagBag from /opt/airflow/dags/pipeline_dag.py
[2025-11-19T21:06:50.638+0000] {processor.py:840} INFO - DAG(s) 'full_ml_pipeline_v2' retrieved from /opt/airflow/dags/pipeline_dag.py
[2025-11-19T21:06:50.671+0000] {logging_mixin.py:188} INFO - [2025-11-19T21:06:50.671+0000] {dag.py:3036} INFO - Sync 1 DAGs
[2025-11-19T21:06:50.700+0000] {logging_mixin.py:188} INFO - [2025-11-19T21:06:50.700+0000] {dag.py:3823} INFO - Setting next_dagrun for full_ml_pipeline_v2 to 2025-11-18 00:00:00+00:00, run_after=2025-11-19 00:00:00+00:00
[2025-11-19T21:06:50.728+0000] {processor.py:183} INFO - Processing /opt/airflow/dags/pipeline_dag.py took 0.123 seconds
[2025-11-19T21:07:20.917+0000] {processor.py:161} INFO - Started process (PID=59) to work on /opt/airflow/dags/pipeline_dag.py
[2025-11-19T21:07:20.918+0000] {processor.py:830} INFO - Processing file /opt/airflow/dags/pipeline_dag.py for tasks to queue
[2025-11-19T21:07:20.920+0000] {logging_mixin.py:188} INFO - [2025-11-19T21:07:20.919+0000] {dagbag.py:538} INFO - Filling up the DagBag from /opt/airflow/dags/pipeline_dag.py
[2025-11-19T21:07:20.947+0000] {processor.py:840} INFO - DAG(s) 'full_ml_pipeline_v2' retrieved from /opt/airflow/dags/pipeline_dag.py
[2025-11-19T21:07:20.977+0000] {logging_mixin.py:188} INFO - [2025-11-19T21:07:20.977+0000] {dag.py:3036} INFO - Sync 1 DAGs
[2025-11-19T21:07:21.004+0000] {logging_mixin.py:188} INFO - [2025-11-19T21:07:21.004+0000] {dag.py:3823} INFO - Setting next_dagrun for full_ml_pipeline_v2 to 2025-11-18 00:00:00+00:00, run_after=2025-11-19 00:00:00+00:00
[2025-11-19T21:07:21.028+0000] {processor.py:183} INFO - Processing /opt/airflow/dags/pipeline_dag.py took 0.116 seconds
[2025-11-19T21:07:51.192+0000] {processor.py:161} INFO - Started process (PID=60) to work on /opt/airflow/dags/pipeline_dag.py
[2025-11-19T21:07:51.193+0000] {processor.py:830} INFO - Processing file /opt/airflow/dags/pipeline_dag.py for tasks to queue
[2025-11-19T21:07:51.194+0000] {logging_mixin.py:188} INFO - [2025-11-19T21:07:51.194+0000] {dagbag.py:538} INFO - Filling up the DagBag from /opt/airflow/dags/pipeline_dag.py
[2025-11-19T21:07:51.221+0000] {processor.py:840} INFO - DAG(s) 'full_ml_pipeline_v2' retrieved from /opt/airflow/dags/pipeline_dag.py
[2025-11-19T21:07:51.256+0000] {logging_mixin.py:188} INFO - [2025-11-19T21:07:51.255+0000] {dag.py:3036} INFO - Sync 1 DAGs
[2025-11-19T21:07:51.291+0000] {logging_mixin.py:188} INFO - [2025-11-19T21:07:51.291+0000] {dag.py:3823} INFO - Setting next_dagrun for full_ml_pipeline_v2 to 2025-11-18 00:00:00+00:00, run_after=2025-11-19 00:00:00+00:00
[2025-11-19T21:07:51.326+0000] {processor.py:183} INFO - Processing /opt/airflow/dags/pipeline_dag.py took 0.138 seconds
[2025-11-19T21:08:21.539+0000] {processor.py:161} INFO - Started process (PID=61) to work on /opt/airflow/dags/pipeline_dag.py
[2025-11-19T21:08:21.541+0000] {processor.py:830} INFO - Processing file /opt/airflow/dags/pipeline_dag.py for tasks to queue
[2025-11-19T21:08:21.542+0000] {logging_mixin.py:188} INFO - [2025-11-19T21:08:21.541+0000] {dagbag.py:538} INFO - Filling up the DagBag from /opt/airflow/dags/pipeline_dag.py
[2025-11-19T21:08:21.570+0000] {processor.py:840} INFO - DAG(s) 'full_ml_pipeline_v2' retrieved from /opt/airflow/dags/pipeline_dag.py
[2025-11-19T21:08:21.597+0000] {logging_mixin.py:188} INFO - [2025-11-19T21:08:21.597+0000] {dag.py:3036} INFO - Sync 1 DAGs
[2025-11-19T21:08:21.617+0000] {logging_mixin.py:188} INFO - [2025-11-19T21:08:21.617+0000] {dag.py:3823} INFO - Setting next_dagrun for full_ml_pipeline_v2 to 2025-11-18 00:00:00+00:00, run_after=2025-11-19 00:00:00+00:00
[2025-11-19T21:08:21.637+0000] {processor.py:183} INFO - Processing /opt/airflow/dags/pipeline_dag.py took 0.102 seconds
[2025-11-19T21:08:51.964+0000] {processor.py:161} INFO - Started process (PID=62) to work on /opt/airflow/dags/pipeline_dag.py
[2025-11-19T21:08:51.965+0000] {processor.py:830} INFO - Processing file /opt/airflow/dags/pipeline_dag.py for tasks to queue
[2025-11-19T21:08:51.967+0000] {logging_mixin.py:188} INFO - [2025-11-19T21:08:51.967+0000] {dagbag.py:538} INFO - Filling up the DagBag from /opt/airflow/dags/pipeline_dag.py
[2025-11-19T21:08:51.993+0000] {processor.py:840} INFO - DAG(s) 'full_ml_pipeline_v2' retrieved from /opt/airflow/dags/pipeline_dag.py
[2025-11-19T21:08:52.023+0000] {logging_mixin.py:188} INFO - [2025-11-19T21:08:52.023+0000] {dag.py:3036} INFO - Sync 1 DAGs
[2025-11-19T21:08:52.046+0000] {logging_mixin.py:188} INFO - [2025-11-19T21:08:52.046+0000] {dag.py:3823} INFO - Setting next_dagrun for full_ml_pipeline_v2 to 2025-11-18 00:00:00+00:00, run_after=2025-11-19 00:00:00+00:00
[2025-11-19T21:08:52.076+0000] {processor.py:183} INFO - Processing /opt/airflow/dags/pipeline_dag.py took 0.115 seconds
[2025-11-19T21:09:22.273+0000] {processor.py:161} INFO - Started process (PID=63) to work on /opt/airflow/dags/pipeline_dag.py
[2025-11-19T21:09:22.275+0000] {processor.py:830} INFO - Processing file /opt/airflow/dags/pipeline_dag.py for tasks to queue
[2025-11-19T21:09:22.276+0000] {logging_mixin.py:188} INFO - [2025-11-19T21:09:22.276+0000] {dagbag.py:538} INFO - Filling up the DagBag from /opt/airflow/dags/pipeline_dag.py
[2025-11-19T21:09:22.303+0000] {processor.py:840} INFO - DAG(s) 'full_ml_pipeline_v2' retrieved from /opt/airflow/dags/pipeline_dag.py
[2025-11-19T21:09:22.332+0000] {logging_mixin.py:188} INFO - [2025-11-19T21:09:22.332+0000] {dag.py:3036} INFO - Sync 1 DAGs
[2025-11-19T21:09:22.357+0000] {logging_mixin.py:188} INFO - [2025-11-19T21:09:22.357+0000] {dag.py:3823} INFO - Setting next_dagrun for full_ml_pipeline_v2 to 2025-11-18 00:00:00+00:00, run_after=2025-11-19 00:00:00+00:00
[2025-11-19T21:09:22.438+0000] {processor.py:183} INFO - Processing /opt/airflow/dags/pipeline_dag.py took 0.171 seconds
[2025-11-19T21:09:52.553+0000] {processor.py:161} INFO - Started process (PID=64) to work on /opt/airflow/dags/pipeline_dag.py
[2025-11-19T21:09:52.555+0000] {processor.py:830} INFO - Processing file /opt/airflow/dags/pipeline_dag.py for tasks to queue
[2025-11-19T21:09:52.557+0000] {logging_mixin.py:188} INFO - [2025-11-19T21:09:52.556+0000] {dagbag.py:538} INFO - Filling up the DagBag from /opt/airflow/dags/pipeline_dag.py
[2025-11-19T21:09:52.592+0000] {processor.py:840} INFO - DAG(s) 'full_ml_pipeline_v2' retrieved from /opt/airflow/dags/pipeline_dag.py
[2025-11-19T21:09:52.622+0000] {logging_mixin.py:188} INFO - [2025-11-19T21:09:52.622+0000] {dag.py:3036} INFO - Sync 1 DAGs
[2025-11-19T21:09:52.645+0000] {logging_mixin.py:188} INFO - [2025-11-19T21:09:52.645+0000] {dag.py:3823} INFO - Setting next_dagrun for full_ml_pipeline_v2 to 2025-11-18 00:00:00+00:00, run_after=2025-11-19 00:00:00+00:00
[2025-11-19T21:09:52.666+0000] {processor.py:183} INFO - Processing /opt/airflow/dags/pipeline_dag.py took 0.119 seconds
[2025-11-19T21:10:22.945+0000] {processor.py:161} INFO - Started process (PID=65) to work on /opt/airflow/dags/pipeline_dag.py
[2025-11-19T21:10:22.946+0000] {processor.py:830} INFO - Processing file /opt/airflow/dags/pipeline_dag.py for tasks to queue
[2025-11-19T21:10:22.947+0000] {logging_mixin.py:188} INFO - [2025-11-19T21:10:22.947+0000] {dagbag.py:538} INFO - Filling up the DagBag from /opt/airflow/dags/pipeline_dag.py
[2025-11-19T21:10:22.974+0000] {processor.py:840} INFO - DAG(s) 'full_ml_pipeline_v2' retrieved from /opt/airflow/dags/pipeline_dag.py
[2025-11-19T21:10:23.008+0000] {logging_mixin.py:188} INFO - [2025-11-19T21:10:23.007+0000] {dag.py:3036} INFO - Sync 1 DAGs
[2025-11-19T21:10:23.035+0000] {logging_mixin.py:188} INFO - [2025-11-19T21:10:23.034+0000] {dag.py:3823} INFO - Setting next_dagrun for full_ml_pipeline_v2 to 2025-11-18 00:00:00+00:00, run_after=2025-11-19 00:00:00+00:00
[2025-11-19T21:10:23.060+0000] {processor.py:183} INFO - Processing /opt/airflow/dags/pipeline_dag.py took 0.119 seconds
[2025-11-19T21:10:53.198+0000] {processor.py:161} INFO - Started process (PID=66) to work on /opt/airflow/dags/pipeline_dag.py
[2025-11-19T21:10:53.199+0000] {processor.py:830} INFO - Processing file /opt/airflow/dags/pipeline_dag.py for tasks to queue
[2025-11-19T21:10:53.200+0000] {logging_mixin.py:188} INFO - [2025-11-19T21:10:53.200+0000] {dagbag.py:538} INFO - Filling up the DagBag from /opt/airflow/dags/pipeline_dag.py
[2025-11-19T21:10:53.225+0000] {processor.py:840} INFO - DAG(s) 'full_ml_pipeline_v2' retrieved from /opt/airflow/dags/pipeline_dag.py
[2025-11-19T21:10:53.259+0000] {logging_mixin.py:188} INFO - [2025-11-19T21:10:53.259+0000] {dag.py:3036} INFO - Sync 1 DAGs
[2025-11-19T21:10:53.283+0000] {logging_mixin.py:188} INFO - [2025-11-19T21:10:53.282+0000] {dag.py:3823} INFO - Setting next_dagrun for full_ml_pipeline_v2 to 2025-11-18 00:00:00+00:00, run_after=2025-11-19 00:00:00+00:00
[2025-11-19T21:10:53.309+0000] {processor.py:183} INFO - Processing /opt/airflow/dags/pipeline_dag.py took 0.116 seconds
[2025-11-19T21:11:23.549+0000] {processor.py:161} INFO - Started process (PID=67) to work on /opt/airflow/dags/pipeline_dag.py
[2025-11-19T21:11:23.550+0000] {processor.py:830} INFO - Processing file /opt/airflow/dags/pipeline_dag.py for tasks to queue
[2025-11-19T21:11:23.552+0000] {logging_mixin.py:188} INFO - [2025-11-19T21:11:23.551+0000] {dagbag.py:538} INFO - Filling up the DagBag from /opt/airflow/dags/pipeline_dag.py
[2025-11-19T21:11:23.582+0000] {processor.py:840} INFO - DAG(s) 'full_ml_pipeline_v2' retrieved from /opt/airflow/dags/pipeline_dag.py
[2025-11-19T21:11:23.614+0000] {logging_mixin.py:188} INFO - [2025-11-19T21:11:23.614+0000] {dag.py:3036} INFO - Sync 1 DAGs
[2025-11-19T21:11:23.638+0000] {logging_mixin.py:188} INFO - [2025-11-19T21:11:23.637+0000] {dag.py:3823} INFO - Setting next_dagrun for full_ml_pipeline_v2 to 2025-11-18 00:00:00+00:00, run_after=2025-11-19 00:00:00+00:00
[2025-11-19T21:11:23.660+0000] {processor.py:183} INFO - Processing /opt/airflow/dags/pipeline_dag.py took 0.114 seconds
[2025-11-19T21:11:53.855+0000] {processor.py:161} INFO - Started process (PID=68) to work on /opt/airflow/dags/pipeline_dag.py
[2025-11-19T21:11:53.856+0000] {processor.py:830} INFO - Processing file /opt/airflow/dags/pipeline_dag.py for tasks to queue
[2025-11-19T21:11:53.857+0000] {logging_mixin.py:188} INFO - [2025-11-19T21:11:53.857+0000] {dagbag.py:538} INFO - Filling up the DagBag from /opt/airflow/dags/pipeline_dag.py
[2025-11-19T21:11:53.884+0000] {processor.py:840} INFO - DAG(s) 'full_ml_pipeline_v2' retrieved from /opt/airflow/dags/pipeline_dag.py
[2025-11-19T21:11:53.915+0000] {logging_mixin.py:188} INFO - [2025-11-19T21:11:53.915+0000] {dag.py:3036} INFO - Sync 1 DAGs
[2025-11-19T21:11:53.937+0000] {logging_mixin.py:188} INFO - [2025-11-19T21:11:53.936+0000] {dag.py:3823} INFO - Setting next_dagrun for full_ml_pipeline_v2 to 2025-11-18 00:00:00+00:00, run_after=2025-11-19 00:00:00+00:00
[2025-11-19T21:11:53.959+0000] {processor.py:183} INFO - Processing /opt/airflow/dags/pipeline_dag.py took 0.108 seconds
[2025-11-19T21:12:24.176+0000] {processor.py:161} INFO - Started process (PID=69) to work on /opt/airflow/dags/pipeline_dag.py
[2025-11-19T21:12:24.177+0000] {processor.py:830} INFO - Processing file /opt/airflow/dags/pipeline_dag.py for tasks to queue
[2025-11-19T21:12:24.178+0000] {logging_mixin.py:188} INFO - [2025-11-19T21:12:24.178+0000] {dagbag.py:538} INFO - Filling up the DagBag from /opt/airflow/dags/pipeline_dag.py
[2025-11-19T21:12:24.204+0000] {processor.py:840} INFO - DAG(s) 'full_ml_pipeline_v2' retrieved from /opt/airflow/dags/pipeline_dag.py
[2025-11-19T21:12:24.234+0000] {logging_mixin.py:188} INFO - [2025-11-19T21:12:24.234+0000] {dag.py:3036} INFO - Sync 1 DAGs
[2025-11-19T21:12:24.264+0000] {logging_mixin.py:188} INFO - [2025-11-19T21:12:24.264+0000] {dag.py:3823} INFO - Setting next_dagrun for full_ml_pipeline_v2 to 2025-11-18 00:00:00+00:00, run_after=2025-11-19 00:00:00+00:00
[2025-11-19T21:12:24.525+0000] {processor.py:183} INFO - Processing /opt/airflow/dags/pipeline_dag.py took 0.353 seconds
[2025-11-19T21:12:54.738+0000] {processor.py:161} INFO - Started process (PID=70) to work on /opt/airflow/dags/pipeline_dag.py
[2025-11-19T21:12:54.739+0000] {processor.py:830} INFO - Processing file /opt/airflow/dags/pipeline_dag.py for tasks to queue
[2025-11-19T21:12:54.741+0000] {logging_mixin.py:188} INFO - [2025-11-19T21:12:54.740+0000] {dagbag.py:538} INFO - Filling up the DagBag from /opt/airflow/dags/pipeline_dag.py
[2025-11-19T21:12:54.767+0000] {processor.py:840} INFO - DAG(s) 'full_ml_pipeline_v2' retrieved from /opt/airflow/dags/pipeline_dag.py
[2025-11-19T21:12:54.798+0000] {logging_mixin.py:188} INFO - [2025-11-19T21:12:54.798+0000] {dag.py:3036} INFO - Sync 1 DAGs
[2025-11-19T21:12:54.825+0000] {logging_mixin.py:188} INFO - [2025-11-19T21:12:54.825+0000] {dag.py:3823} INFO - Setting next_dagrun for full_ml_pipeline_v2 to 2025-11-18 00:00:00+00:00, run_after=2025-11-19 00:00:00+00:00
[2025-11-19T21:12:55.169+0000] {processor.py:183} INFO - Processing /opt/airflow/dags/pipeline_dag.py took 0.435 seconds
[2025-11-19T21:13:25.439+0000] {processor.py:161} INFO - Started process (PID=71) to work on /opt/airflow/dags/pipeline_dag.py
[2025-11-19T21:13:25.440+0000] {processor.py:830} INFO - Processing file /opt/airflow/dags/pipeline_dag.py for tasks to queue
[2025-11-19T21:13:25.441+0000] {logging_mixin.py:188} INFO - [2025-11-19T21:13:25.441+0000] {dagbag.py:538} INFO - Filling up the DagBag from /opt/airflow/dags/pipeline_dag.py
[2025-11-19T21:13:25.472+0000] {processor.py:840} INFO - DAG(s) 'full_ml_pipeline_v2' retrieved from /opt/airflow/dags/pipeline_dag.py
[2025-11-19T21:13:25.545+0000] {logging_mixin.py:188} INFO - [2025-11-19T21:13:25.545+0000] {dag.py:3036} INFO - Sync 1 DAGs
[2025-11-19T21:13:25.577+0000] {logging_mixin.py:188} INFO - [2025-11-19T21:13:25.577+0000] {dag.py:3823} INFO - Setting next_dagrun for full_ml_pipeline_v2 to 2025-11-18 00:00:00+00:00, run_after=2025-11-19 00:00:00+00:00
[2025-11-19T21:13:25.631+0000] {processor.py:183} INFO - Processing /opt/airflow/dags/pipeline_dag.py took 0.196 seconds
[2025-11-19T21:13:55.860+0000] {processor.py:161} INFO - Started process (PID=72) to work on /opt/airflow/dags/pipeline_dag.py
[2025-11-19T21:13:55.861+0000] {processor.py:830} INFO - Processing file /opt/airflow/dags/pipeline_dag.py for tasks to queue
[2025-11-19T21:13:55.863+0000] {logging_mixin.py:188} INFO - [2025-11-19T21:13:55.863+0000] {dagbag.py:538} INFO - Filling up the DagBag from /opt/airflow/dags/pipeline_dag.py
[2025-11-19T21:13:55.898+0000] {processor.py:840} INFO - DAG(s) 'full_ml_pipeline_v2' retrieved from /opt/airflow/dags/pipeline_dag.py
[2025-11-19T21:13:55.940+0000] {logging_mixin.py:188} INFO - [2025-11-19T21:13:55.939+0000] {dag.py:3036} INFO - Sync 1 DAGs
[2025-11-19T21:13:55.977+0000] {logging_mixin.py:188} INFO - [2025-11-19T21:13:55.977+0000] {dag.py:3823} INFO - Setting next_dagrun for full_ml_pipeline_v2 to 2025-11-18 00:00:00+00:00, run_after=2025-11-19 00:00:00+00:00
[2025-11-19T21:13:56.004+0000] {processor.py:183} INFO - Processing /opt/airflow/dags/pipeline_dag.py took 0.148 seconds
[2025-11-19T21:14:26.057+0000] {processor.py:161} INFO - Started process (PID=73) to work on /opt/airflow/dags/pipeline_dag.py
[2025-11-19T21:14:26.060+0000] {processor.py:830} INFO - Processing file /opt/airflow/dags/pipeline_dag.py for tasks to queue
[2025-11-19T21:14:26.061+0000] {logging_mixin.py:188} INFO - [2025-11-19T21:14:26.061+0000] {dagbag.py:538} INFO - Filling up the DagBag from /opt/airflow/dags/pipeline_dag.py
[2025-11-19T21:14:26.089+0000] {processor.py:840} INFO - DAG(s) 'full_ml_pipeline_v2' retrieved from /opt/airflow/dags/pipeline_dag.py
[2025-11-19T21:14:26.122+0000] {logging_mixin.py:188} INFO - [2025-11-19T21:14:26.122+0000] {dag.py:3036} INFO - Sync 1 DAGs
[2025-11-19T21:14:26.149+0000] {logging_mixin.py:188} INFO - [2025-11-19T21:14:26.149+0000] {dag.py:3823} INFO - Setting next_dagrun for full_ml_pipeline_v2 to 2025-11-18 00:00:00+00:00, run_after=2025-11-19 00:00:00+00:00
[2025-11-19T21:14:26.177+0000] {processor.py:183} INFO - Processing /opt/airflow/dags/pipeline_dag.py took 0.126 seconds
[2025-11-19T21:14:56.382+0000] {processor.py:161} INFO - Started process (PID=74) to work on /opt/airflow/dags/pipeline_dag.py
[2025-11-19T21:14:56.383+0000] {processor.py:830} INFO - Processing file /opt/airflow/dags/pipeline_dag.py for tasks to queue
[2025-11-19T21:14:56.385+0000] {logging_mixin.py:188} INFO - [2025-11-19T21:14:56.384+0000] {dagbag.py:538} INFO - Filling up the DagBag from /opt/airflow/dags/pipeline_dag.py
[2025-11-19T21:14:56.413+0000] {processor.py:840} INFO - DAG(s) 'full_ml_pipeline_v2' retrieved from /opt/airflow/dags/pipeline_dag.py
[2025-11-19T21:14:56.444+0000] {logging_mixin.py:188} INFO - [2025-11-19T21:14:56.443+0000] {dag.py:3036} INFO - Sync 1 DAGs
[2025-11-19T21:14:56.467+0000] {logging_mixin.py:188} INFO - [2025-11-19T21:14:56.467+0000] {dag.py:3823} INFO - Setting next_dagrun for full_ml_pipeline_v2 to 2025-11-18 00:00:00+00:00, run_after=2025-11-19 00:00:00+00:00
[2025-11-19T21:14:56.491+0000] {processor.py:183} INFO - Processing /opt/airflow/dags/pipeline_dag.py took 0.113 seconds
[2025-11-19T21:15:26.679+0000] {processor.py:161} INFO - Started process (PID=75) to work on /opt/airflow/dags/pipeline_dag.py
[2025-11-19T21:15:26.680+0000] {processor.py:830} INFO - Processing file /opt/airflow/dags/pipeline_dag.py for tasks to queue
[2025-11-19T21:15:26.681+0000] {logging_mixin.py:188} INFO - [2025-11-19T21:15:26.681+0000] {dagbag.py:538} INFO - Filling up the DagBag from /opt/airflow/dags/pipeline_dag.py
[2025-11-19T21:15:26.706+0000] {processor.py:840} INFO - DAG(s) 'full_ml_pipeline_v2' retrieved from /opt/airflow/dags/pipeline_dag.py
[2025-11-19T21:15:26.734+0000] {logging_mixin.py:188} INFO - [2025-11-19T21:15:26.734+0000] {dag.py:3036} INFO - Sync 1 DAGs
[2025-11-19T21:15:26.756+0000] {logging_mixin.py:188} INFO - [2025-11-19T21:15:26.756+0000] {dag.py:3823} INFO - Setting next_dagrun for full_ml_pipeline_v2 to 2025-11-18 00:00:00+00:00, run_after=2025-11-19 00:00:00+00:00
[2025-11-19T21:15:26.777+0000] {processor.py:183} INFO - Processing /opt/airflow/dags/pipeline_dag.py took 0.103 seconds
[2025-11-19T21:15:57.033+0000] {processor.py:161} INFO - Started process (PID=76) to work on /opt/airflow/dags/pipeline_dag.py
[2025-11-19T21:15:57.035+0000] {processor.py:830} INFO - Processing file /opt/airflow/dags/pipeline_dag.py for tasks to queue
[2025-11-19T21:15:57.036+0000] {logging_mixin.py:188} INFO - [2025-11-19T21:15:57.036+0000] {dagbag.py:538} INFO - Filling up the DagBag from /opt/airflow/dags/pipeline_dag.py
[2025-11-19T21:15:57.061+0000] {processor.py:840} INFO - DAG(s) 'full_ml_pipeline_v2' retrieved from /opt/airflow/dags/pipeline_dag.py
[2025-11-19T21:15:57.089+0000] {logging_mixin.py:188} INFO - [2025-11-19T21:15:57.089+0000] {dag.py:3036} INFO - Sync 1 DAGs
[2025-11-19T21:15:57.113+0000] {logging_mixin.py:188} INFO - [2025-11-19T21:15:57.113+0000] {dag.py:3823} INFO - Setting next_dagrun for full_ml_pipeline_v2 to 2025-11-18 00:00:00+00:00, run_after=2025-11-19 00:00:00+00:00
[2025-11-19T21:15:57.137+0000] {processor.py:183} INFO - Processing /opt/airflow/dags/pipeline_dag.py took 0.107 seconds
[2025-11-19T21:17:49.731+0000] {processor.py:161} INFO - Started process (PID=42) to work on /opt/airflow/dags/pipeline_dag.py
[2025-11-19T21:17:49.732+0000] {processor.py:830} INFO - Processing file /opt/airflow/dags/pipeline_dag.py for tasks to queue
[2025-11-19T21:17:49.733+0000] {logging_mixin.py:188} INFO - [2025-11-19T21:17:49.733+0000] {dagbag.py:538} INFO - Filling up the DagBag from /opt/airflow/dags/pipeline_dag.py
[2025-11-19T21:17:49.757+0000] {processor.py:840} INFO - DAG(s) 'full_ml_pipeline_v2' retrieved from /opt/airflow/dags/pipeline_dag.py
[2025-11-19T21:17:49.890+0000] {logging_mixin.py:188} INFO - [2025-11-19T21:17:49.889+0000] {dag.py:3036} INFO - Sync 1 DAGs
[2025-11-19T21:17:49.909+0000] {logging_mixin.py:188} INFO - [2025-11-19T21:17:49.909+0000] {dag.py:3823} INFO - Setting next_dagrun for full_ml_pipeline_v2 to 2025-11-18 00:00:00+00:00, run_after=2025-11-19 00:00:00+00:00
[2025-11-19T21:17:49.931+0000] {processor.py:183} INFO - Processing /opt/airflow/dags/pipeline_dag.py took 0.203 seconds
[2025-11-19T21:18:20.016+0000] {processor.py:161} INFO - Started process (PID=43) to work on /opt/airflow/dags/pipeline_dag.py
[2025-11-19T21:18:20.018+0000] {processor.py:830} INFO - Processing file /opt/airflow/dags/pipeline_dag.py for tasks to queue
[2025-11-19T21:18:20.019+0000] {logging_mixin.py:188} INFO - [2025-11-19T21:18:20.018+0000] {dagbag.py:538} INFO - Filling up the DagBag from /opt/airflow/dags/pipeline_dag.py
[2025-11-19T21:18:20.048+0000] {processor.py:840} INFO - DAG(s) 'full_ml_pipeline_v2' retrieved from /opt/airflow/dags/pipeline_dag.py
[2025-11-19T21:18:20.080+0000] {logging_mixin.py:188} INFO - [2025-11-19T21:18:20.080+0000] {dag.py:3036} INFO - Sync 1 DAGs
[2025-11-19T21:18:20.109+0000] {logging_mixin.py:188} INFO - [2025-11-19T21:18:20.109+0000] {dag.py:3823} INFO - Setting next_dagrun for full_ml_pipeline_v2 to 2025-11-18 00:00:00+00:00, run_after=2025-11-19 00:00:00+00:00
[2025-11-19T21:18:20.131+0000] {processor.py:183} INFO - Processing /opt/airflow/dags/pipeline_dag.py took 0.120 seconds
[2025-11-19T21:27:37.438+0000] {processor.py:161} INFO - Started process (PID=42) to work on /opt/airflow/dags/pipeline_dag.py
[2025-11-19T21:27:37.439+0000] {processor.py:830} INFO - Processing file /opt/airflow/dags/pipeline_dag.py for tasks to queue
[2025-11-19T21:27:37.441+0000] {logging_mixin.py:188} INFO - [2025-11-19T21:27:37.440+0000] {dagbag.py:538} INFO - Filling up the DagBag from /opt/airflow/dags/pipeline_dag.py
[2025-11-19T21:27:37.478+0000] {processor.py:840} INFO - DAG(s) 'full_ml_pipeline_v2' retrieved from /opt/airflow/dags/pipeline_dag.py
[2025-11-19T21:27:37.728+0000] {logging_mixin.py:188} INFO - [2025-11-19T21:27:37.728+0000] {dag.py:3036} INFO - Sync 1 DAGs
[2025-11-19T21:27:37.755+0000] {logging_mixin.py:188} INFO - [2025-11-19T21:27:37.754+0000] {dag.py:3823} INFO - Setting next_dagrun for full_ml_pipeline_v2 to 2025-11-18 00:00:00+00:00, run_after=2025-11-19 00:00:00+00:00
[2025-11-19T21:27:37.798+0000] {processor.py:183} INFO - Processing /opt/airflow/dags/pipeline_dag.py took 0.364 seconds
[2025-11-19T21:28:08.097+0000] {processor.py:161} INFO - Started process (PID=43) to work on /opt/airflow/dags/pipeline_dag.py
[2025-11-19T21:28:08.099+0000] {processor.py:830} INFO - Processing file /opt/airflow/dags/pipeline_dag.py for tasks to queue
[2025-11-19T21:28:08.101+0000] {logging_mixin.py:188} INFO - [2025-11-19T21:28:08.100+0000] {dagbag.py:538} INFO - Filling up the DagBag from /opt/airflow/dags/pipeline_dag.py
[2025-11-19T21:28:08.137+0000] {processor.py:840} INFO - DAG(s) 'full_ml_pipeline_v2' retrieved from /opt/airflow/dags/pipeline_dag.py
[2025-11-19T21:28:08.170+0000] {logging_mixin.py:188} INFO - [2025-11-19T21:28:08.170+0000] {dag.py:3036} INFO - Sync 1 DAGs
[2025-11-19T21:28:08.196+0000] {logging_mixin.py:188} INFO - [2025-11-19T21:28:08.196+0000] {dag.py:3823} INFO - Setting next_dagrun for full_ml_pipeline_v2 to 2025-11-18 00:00:00+00:00, run_after=2025-11-19 00:00:00+00:00
[2025-11-19T21:28:08.333+0000] {processor.py:183} INFO - Processing /opt/airflow/dags/pipeline_dag.py took 0.241 seconds
[2025-11-19T21:28:38.404+0000] {processor.py:161} INFO - Started process (PID=44) to work on /opt/airflow/dags/pipeline_dag.py
[2025-11-19T21:28:38.405+0000] {processor.py:830} INFO - Processing file /opt/airflow/dags/pipeline_dag.py for tasks to queue
[2025-11-19T21:28:38.406+0000] {logging_mixin.py:188} INFO - [2025-11-19T21:28:38.406+0000] {dagbag.py:538} INFO - Filling up the DagBag from /opt/airflow/dags/pipeline_dag.py
[2025-11-19T21:28:38.437+0000] {processor.py:840} INFO - DAG(s) 'full_ml_pipeline_v2' retrieved from /opt/airflow/dags/pipeline_dag.py
[2025-11-19T21:28:38.474+0000] {logging_mixin.py:188} INFO - [2025-11-19T21:28:38.473+0000] {dag.py:3036} INFO - Sync 1 DAGs
[2025-11-19T21:28:38.500+0000] {logging_mixin.py:188} INFO - [2025-11-19T21:28:38.500+0000] {dag.py:3823} INFO - Setting next_dagrun for full_ml_pipeline_v2 to 2025-11-18 00:00:00+00:00, run_after=2025-11-19 00:00:00+00:00
[2025-11-19T21:28:38.524+0000] {processor.py:183} INFO - Processing /opt/airflow/dags/pipeline_dag.py took 0.123 seconds
[2025-11-19T21:29:08.630+0000] {processor.py:161} INFO - Started process (PID=45) to work on /opt/airflow/dags/pipeline_dag.py
[2025-11-19T21:29:08.632+0000] {processor.py:830} INFO - Processing file /opt/airflow/dags/pipeline_dag.py for tasks to queue
[2025-11-19T21:29:08.633+0000] {logging_mixin.py:188} INFO - [2025-11-19T21:29:08.633+0000] {dagbag.py:538} INFO - Filling up the DagBag from /opt/airflow/dags/pipeline_dag.py
[2025-11-19T21:29:08.658+0000] {processor.py:840} INFO - DAG(s) 'full_ml_pipeline_v2' retrieved from /opt/airflow/dags/pipeline_dag.py
[2025-11-19T21:29:08.690+0000] {logging_mixin.py:188} INFO - [2025-11-19T21:29:08.690+0000] {dag.py:3036} INFO - Sync 1 DAGs
[2025-11-19T21:29:08.720+0000] {logging_mixin.py:188} INFO - [2025-11-19T21:29:08.720+0000] {dag.py:3823} INFO - Setting next_dagrun for full_ml_pipeline_v2 to 2025-11-18 00:00:00+00:00, run_after=2025-11-19 00:00:00+00:00
[2025-11-19T21:29:08.749+0000] {processor.py:183} INFO - Processing /opt/airflow/dags/pipeline_dag.py took 0.123 seconds
[2025-11-19T21:29:38.838+0000] {processor.py:161} INFO - Started process (PID=46) to work on /opt/airflow/dags/pipeline_dag.py
[2025-11-19T21:29:38.840+0000] {processor.py:830} INFO - Processing file /opt/airflow/dags/pipeline_dag.py for tasks to queue
[2025-11-19T21:29:38.841+0000] {logging_mixin.py:188} INFO - [2025-11-19T21:29:38.841+0000] {dagbag.py:538} INFO - Filling up the DagBag from /opt/airflow/dags/pipeline_dag.py
[2025-11-19T21:29:38.893+0000] {processor.py:840} INFO - DAG(s) 'full_ml_pipeline_v2' retrieved from /opt/airflow/dags/pipeline_dag.py
[2025-11-19T21:29:38.956+0000] {logging_mixin.py:188} INFO - [2025-11-19T21:29:38.955+0000] {dag.py:3036} INFO - Sync 1 DAGs
[2025-11-19T21:29:39.007+0000] {logging_mixin.py:188} INFO - [2025-11-19T21:29:39.006+0000] {dag.py:3823} INFO - Setting next_dagrun for full_ml_pipeline_v2 to 2025-11-18 00:00:00+00:00, run_after=2025-11-19 00:00:00+00:00
[2025-11-19T21:29:39.045+0000] {processor.py:183} INFO - Processing /opt/airflow/dags/pipeline_dag.py took 0.212 seconds
[2025-11-19T21:30:09.253+0000] {processor.py:161} INFO - Started process (PID=47) to work on /opt/airflow/dags/pipeline_dag.py
[2025-11-19T21:30:09.254+0000] {processor.py:830} INFO - Processing file /opt/airflow/dags/pipeline_dag.py for tasks to queue
[2025-11-19T21:30:09.255+0000] {logging_mixin.py:188} INFO - [2025-11-19T21:30:09.255+0000] {dagbag.py:538} INFO - Filling up the DagBag from /opt/airflow/dags/pipeline_dag.py
[2025-11-19T21:30:09.292+0000] {processor.py:840} INFO - DAG(s) 'full_ml_pipeline_v2' retrieved from /opt/airflow/dags/pipeline_dag.py
[2025-11-19T21:30:09.342+0000] {logging_mixin.py:188} INFO - [2025-11-19T21:30:09.342+0000] {dag.py:3036} INFO - Sync 1 DAGs
[2025-11-19T21:30:09.380+0000] {logging_mixin.py:188} INFO - [2025-11-19T21:30:09.380+0000] {dag.py:3823} INFO - Setting next_dagrun for full_ml_pipeline_v2 to 2025-11-18 00:00:00+00:00, run_after=2025-11-19 00:00:00+00:00
[2025-11-19T21:30:09.411+0000] {processor.py:183} INFO - Processing /opt/airflow/dags/pipeline_dag.py took 0.171 seconds
[2025-11-19T21:30:39.628+0000] {processor.py:161} INFO - Started process (PID=48) to work on /opt/airflow/dags/pipeline_dag.py
[2025-11-19T21:30:39.630+0000] {processor.py:830} INFO - Processing file /opt/airflow/dags/pipeline_dag.py for tasks to queue
[2025-11-19T21:30:39.631+0000] {logging_mixin.py:188} INFO - [2025-11-19T21:30:39.630+0000] {dagbag.py:538} INFO - Filling up the DagBag from /opt/airflow/dags/pipeline_dag.py
[2025-11-19T21:30:39.657+0000] {processor.py:840} INFO - DAG(s) 'full_ml_pipeline_v2' retrieved from /opt/airflow/dags/pipeline_dag.py
[2025-11-19T21:30:39.685+0000] {logging_mixin.py:188} INFO - [2025-11-19T21:30:39.685+0000] {dag.py:3036} INFO - Sync 1 DAGs
[2025-11-19T21:30:39.706+0000] {logging_mixin.py:188} INFO - [2025-11-19T21:30:39.706+0000] {dag.py:3823} INFO - Setting next_dagrun for full_ml_pipeline_v2 to 2025-11-18 00:00:00+00:00, run_after=2025-11-19 00:00:00+00:00
[2025-11-19T21:30:39.732+0000] {processor.py:183} INFO - Processing /opt/airflow/dags/pipeline_dag.py took 0.108 seconds
[2025-11-19T21:31:09.896+0000] {processor.py:161} INFO - Started process (PID=181) to work on /opt/airflow/dags/pipeline_dag.py
[2025-11-19T21:31:09.897+0000] {processor.py:830} INFO - Processing file /opt/airflow/dags/pipeline_dag.py for tasks to queue
[2025-11-19T21:31:09.908+0000] {logging_mixin.py:188} INFO - [2025-11-19T21:31:09.898+0000] {dagbag.py:538} INFO - Filling up the DagBag from /opt/airflow/dags/pipeline_dag.py
[2025-11-19T21:31:10.018+0000] {processor.py:840} INFO - DAG(s) 'full_ml_pipeline_v2' retrieved from /opt/airflow/dags/pipeline_dag.py
[2025-11-19T21:31:10.078+0000] {logging_mixin.py:188} INFO - [2025-11-19T21:31:10.078+0000] {dag.py:3036} INFO - Sync 1 DAGs
[2025-11-19T21:31:10.121+0000] {logging_mixin.py:188} INFO - [2025-11-19T21:31:10.121+0000] {dag.py:3823} INFO - Setting next_dagrun for full_ml_pipeline_v2 to 2025-11-19 00:00:00+00:00, run_after=2025-11-20 00:00:00+00:00
[2025-11-19T21:31:10.157+0000] {processor.py:183} INFO - Processing /opt/airflow/dags/pipeline_dag.py took 0.270 seconds
[2025-11-19T21:31:40.374+0000] {processor.py:161} INFO - Started process (PID=357) to work on /opt/airflow/dags/pipeline_dag.py
[2025-11-19T21:31:40.376+0000] {processor.py:830} INFO - Processing file /opt/airflow/dags/pipeline_dag.py for tasks to queue
[2025-11-19T21:31:40.378+0000] {logging_mixin.py:188} INFO - [2025-11-19T21:31:40.377+0000] {dagbag.py:538} INFO - Filling up the DagBag from /opt/airflow/dags/pipeline_dag.py
[2025-11-19T21:31:40.411+0000] {processor.py:840} INFO - DAG(s) 'full_ml_pipeline_v2' retrieved from /opt/airflow/dags/pipeline_dag.py
[2025-11-19T21:31:40.461+0000] {logging_mixin.py:188} INFO - [2025-11-19T21:31:40.460+0000] {dag.py:3036} INFO - Sync 1 DAGs
[2025-11-19T21:31:40.498+0000] {logging_mixin.py:188} INFO - [2025-11-19T21:31:40.498+0000] {dag.py:3823} INFO - Setting next_dagrun for full_ml_pipeline_v2 to 2025-11-19 00:00:00+00:00, run_after=2025-11-20 00:00:00+00:00
[2025-11-19T21:31:40.526+0000] {processor.py:183} INFO - Processing /opt/airflow/dags/pipeline_dag.py took 0.157 seconds
[2025-11-19T21:32:10.590+0000] {processor.py:161} INFO - Started process (PID=395) to work on /opt/airflow/dags/pipeline_dag.py
[2025-11-19T21:32:10.591+0000] {processor.py:830} INFO - Processing file /opt/airflow/dags/pipeline_dag.py for tasks to queue
[2025-11-19T21:32:10.593+0000] {logging_mixin.py:188} INFO - [2025-11-19T21:32:10.592+0000] {dagbag.py:538} INFO - Filling up the DagBag from /opt/airflow/dags/pipeline_dag.py
[2025-11-19T21:32:10.621+0000] {processor.py:840} INFO - DAG(s) 'full_ml_pipeline_v2' retrieved from /opt/airflow/dags/pipeline_dag.py
[2025-11-19T21:32:10.653+0000] {logging_mixin.py:188} INFO - [2025-11-19T21:32:10.653+0000] {dag.py:3036} INFO - Sync 1 DAGs
[2025-11-19T21:32:10.679+0000] {logging_mixin.py:188} INFO - [2025-11-19T21:32:10.679+0000] {dag.py:3823} INFO - Setting next_dagrun for full_ml_pipeline_v2 to 2025-11-19 00:00:00+00:00, run_after=2025-11-20 00:00:00+00:00
[2025-11-19T21:32:10.705+0000] {processor.py:183} INFO - Processing /opt/airflow/dags/pipeline_dag.py took 0.118 seconds
[2025-11-19T21:32:40.884+0000] {processor.py:161} INFO - Started process (PID=396) to work on /opt/airflow/dags/pipeline_dag.py
[2025-11-19T21:32:40.886+0000] {processor.py:830} INFO - Processing file /opt/airflow/dags/pipeline_dag.py for tasks to queue
[2025-11-19T21:32:40.888+0000] {logging_mixin.py:188} INFO - [2025-11-19T21:32:40.888+0000] {dagbag.py:538} INFO - Filling up the DagBag from /opt/airflow/dags/pipeline_dag.py
[2025-11-19T21:32:40.925+0000] {processor.py:840} INFO - DAG(s) 'full_ml_pipeline_v2' retrieved from /opt/airflow/dags/pipeline_dag.py
[2025-11-19T21:32:40.962+0000] {logging_mixin.py:188} INFO - [2025-11-19T21:32:40.961+0000] {dag.py:3036} INFO - Sync 1 DAGs
[2025-11-19T21:32:40.993+0000] {logging_mixin.py:188} INFO - [2025-11-19T21:32:40.993+0000] {dag.py:3823} INFO - Setting next_dagrun for full_ml_pipeline_v2 to 2025-11-19 00:00:00+00:00, run_after=2025-11-20 00:00:00+00:00
[2025-11-19T21:32:41.026+0000] {processor.py:183} INFO - Processing /opt/airflow/dags/pipeline_dag.py took 0.148 seconds
[2025-11-19T21:33:11.278+0000] {processor.py:161} INFO - Started process (PID=397) to work on /opt/airflow/dags/pipeline_dag.py
[2025-11-19T21:33:11.279+0000] {processor.py:830} INFO - Processing file /opt/airflow/dags/pipeline_dag.py for tasks to queue
[2025-11-19T21:33:11.280+0000] {logging_mixin.py:188} INFO - [2025-11-19T21:33:11.280+0000] {dagbag.py:538} INFO - Filling up the DagBag from /opt/airflow/dags/pipeline_dag.py
[2025-11-19T21:33:11.308+0000] {processor.py:840} INFO - DAG(s) 'full_ml_pipeline_v2' retrieved from /opt/airflow/dags/pipeline_dag.py
[2025-11-19T21:33:11.340+0000] {logging_mixin.py:188} INFO - [2025-11-19T21:33:11.340+0000] {dag.py:3036} INFO - Sync 1 DAGs
[2025-11-19T21:33:11.361+0000] {logging_mixin.py:188} INFO - [2025-11-19T21:33:11.361+0000] {dag.py:3823} INFO - Setting next_dagrun for full_ml_pipeline_v2 to 2025-11-19 00:00:00+00:00, run_after=2025-11-20 00:00:00+00:00
[2025-11-19T21:33:11.383+0000] {processor.py:183} INFO - Processing /opt/airflow/dags/pipeline_dag.py took 0.110 seconds
[2025-11-19T21:33:41.588+0000] {processor.py:161} INFO - Started process (PID=398) to work on /opt/airflow/dags/pipeline_dag.py
[2025-11-19T21:33:41.590+0000] {processor.py:830} INFO - Processing file /opt/airflow/dags/pipeline_dag.py for tasks to queue
[2025-11-19T21:33:41.593+0000] {logging_mixin.py:188} INFO - [2025-11-19T21:33:41.592+0000] {dagbag.py:538} INFO - Filling up the DagBag from /opt/airflow/dags/pipeline_dag.py
[2025-11-19T21:33:41.644+0000] {processor.py:840} INFO - DAG(s) 'full_ml_pipeline_v2' retrieved from /opt/airflow/dags/pipeline_dag.py
[2025-11-19T21:33:41.703+0000] {logging_mixin.py:188} INFO - [2025-11-19T21:33:41.702+0000] {dag.py:3036} INFO - Sync 1 DAGs
[2025-11-19T21:33:41.757+0000] {logging_mixin.py:188} INFO - [2025-11-19T21:33:41.757+0000] {dag.py:3823} INFO - Setting next_dagrun for full_ml_pipeline_v2 to 2025-11-19 00:00:00+00:00, run_after=2025-11-20 00:00:00+00:00
[2025-11-19T21:33:41.790+0000] {processor.py:183} INFO - Processing /opt/airflow/dags/pipeline_dag.py took 0.208 seconds
[2025-11-19T21:34:11.890+0000] {processor.py:161} INFO - Started process (PID=399) to work on /opt/airflow/dags/pipeline_dag.py
[2025-11-19T21:34:11.892+0000] {processor.py:830} INFO - Processing file /opt/airflow/dags/pipeline_dag.py for tasks to queue
[2025-11-19T21:34:11.893+0000] {logging_mixin.py:188} INFO - [2025-11-19T21:34:11.892+0000] {dagbag.py:538} INFO - Filling up the DagBag from /opt/airflow/dags/pipeline_dag.py
[2025-11-19T21:34:11.925+0000] {processor.py:840} INFO - DAG(s) 'full_ml_pipeline_v2' retrieved from /opt/airflow/dags/pipeline_dag.py
[2025-11-19T21:34:11.956+0000] {logging_mixin.py:188} INFO - [2025-11-19T21:34:11.956+0000] {dag.py:3036} INFO - Sync 1 DAGs
[2025-11-19T21:34:11.981+0000] {logging_mixin.py:188} INFO - [2025-11-19T21:34:11.981+0000] {dag.py:3823} INFO - Setting next_dagrun for full_ml_pipeline_v2 to 2025-11-19 00:00:00+00:00, run_after=2025-11-20 00:00:00+00:00
[2025-11-19T21:34:12.006+0000] {processor.py:183} INFO - Processing /opt/airflow/dags/pipeline_dag.py took 0.122 seconds
[2025-11-19T21:34:42.274+0000] {processor.py:161} INFO - Started process (PID=400) to work on /opt/airflow/dags/pipeline_dag.py
[2025-11-19T21:34:42.275+0000] {processor.py:830} INFO - Processing file /opt/airflow/dags/pipeline_dag.py for tasks to queue
[2025-11-19T21:34:42.276+0000] {logging_mixin.py:188} INFO - [2025-11-19T21:34:42.276+0000] {dagbag.py:538} INFO - Filling up the DagBag from /opt/airflow/dags/pipeline_dag.py
[2025-11-19T21:34:42.299+0000] {processor.py:840} INFO - DAG(s) 'full_ml_pipeline_v2' retrieved from /opt/airflow/dags/pipeline_dag.py
[2025-11-19T21:34:42.331+0000] {logging_mixin.py:188} INFO - [2025-11-19T21:34:42.331+0000] {dag.py:3036} INFO - Sync 1 DAGs
[2025-11-19T21:34:42.357+0000] {logging_mixin.py:188} INFO - [2025-11-19T21:34:42.357+0000] {dag.py:3823} INFO - Setting next_dagrun for full_ml_pipeline_v2 to 2025-11-19 00:00:00+00:00, run_after=2025-11-20 00:00:00+00:00
[2025-11-19T21:34:42.382+0000] {processor.py:183} INFO - Processing /opt/airflow/dags/pipeline_dag.py took 0.111 seconds
[2025-11-19T21:35:12.590+0000] {processor.py:161} INFO - Started process (PID=401) to work on /opt/airflow/dags/pipeline_dag.py
[2025-11-19T21:35:12.591+0000] {processor.py:830} INFO - Processing file /opt/airflow/dags/pipeline_dag.py for tasks to queue
[2025-11-19T21:35:12.592+0000] {logging_mixin.py:188} INFO - [2025-11-19T21:35:12.592+0000] {dagbag.py:538} INFO - Filling up the DagBag from /opt/airflow/dags/pipeline_dag.py
[2025-11-19T21:35:12.621+0000] {processor.py:840} INFO - DAG(s) 'full_ml_pipeline_v2' retrieved from /opt/airflow/dags/pipeline_dag.py
[2025-11-19T21:35:12.657+0000] {logging_mixin.py:188} INFO - [2025-11-19T21:35:12.656+0000] {dag.py:3036} INFO - Sync 1 DAGs
[2025-11-19T21:35:12.688+0000] {logging_mixin.py:188} INFO - [2025-11-19T21:35:12.688+0000] {dag.py:3823} INFO - Setting next_dagrun for full_ml_pipeline_v2 to 2025-11-19 00:00:00+00:00, run_after=2025-11-20 00:00:00+00:00
[2025-11-19T21:35:12.716+0000] {processor.py:183} INFO - Processing /opt/airflow/dags/pipeline_dag.py took 0.132 seconds
[2025-11-19T21:35:42.900+0000] {processor.py:161} INFO - Started process (PID=402) to work on /opt/airflow/dags/pipeline_dag.py
[2025-11-19T21:35:42.902+0000] {processor.py:830} INFO - Processing file /opt/airflow/dags/pipeline_dag.py for tasks to queue
[2025-11-19T21:35:42.903+0000] {logging_mixin.py:188} INFO - [2025-11-19T21:35:42.902+0000] {dagbag.py:538} INFO - Filling up the DagBag from /opt/airflow/dags/pipeline_dag.py
[2025-11-19T21:35:42.935+0000] {processor.py:840} INFO - DAG(s) 'full_ml_pipeline_v2' retrieved from /opt/airflow/dags/pipeline_dag.py
[2025-11-19T21:35:42.976+0000] {logging_mixin.py:188} INFO - [2025-11-19T21:35:42.975+0000] {dag.py:3036} INFO - Sync 1 DAGs
[2025-11-19T21:35:43.006+0000] {logging_mixin.py:188} INFO - [2025-11-19T21:35:43.006+0000] {dag.py:3823} INFO - Setting next_dagrun for full_ml_pipeline_v2 to 2025-11-19 00:00:00+00:00, run_after=2025-11-20 00:00:00+00:00
[2025-11-19T21:35:43.163+0000] {processor.py:183} INFO - Processing /opt/airflow/dags/pipeline_dag.py took 0.267 seconds
[2025-11-19T21:36:13.257+0000] {processor.py:161} INFO - Started process (PID=403) to work on /opt/airflow/dags/pipeline_dag.py
[2025-11-19T21:36:13.258+0000] {processor.py:830} INFO - Processing file /opt/airflow/dags/pipeline_dag.py for tasks to queue
[2025-11-19T21:36:13.260+0000] {logging_mixin.py:188} INFO - [2025-11-19T21:36:13.259+0000] {dagbag.py:538} INFO - Filling up the DagBag from /opt/airflow/dags/pipeline_dag.py
[2025-11-19T21:36:13.287+0000] {processor.py:840} INFO - DAG(s) 'full_ml_pipeline_v2' retrieved from /opt/airflow/dags/pipeline_dag.py
[2025-11-19T21:36:13.317+0000] {logging_mixin.py:188} INFO - [2025-11-19T21:36:13.317+0000] {dag.py:3036} INFO - Sync 1 DAGs
[2025-11-19T21:36:13.341+0000] {logging_mixin.py:188} INFO - [2025-11-19T21:36:13.341+0000] {dag.py:3823} INFO - Setting next_dagrun for full_ml_pipeline_v2 to 2025-11-19 00:00:00+00:00, run_after=2025-11-20 00:00:00+00:00
[2025-11-19T21:36:13.372+0000] {processor.py:183} INFO - Processing /opt/airflow/dags/pipeline_dag.py took 0.119 seconds
[2025-11-19T21:36:43.534+0000] {processor.py:161} INFO - Started process (PID=443) to work on /opt/airflow/dags/pipeline_dag.py
[2025-11-19T21:36:43.536+0000] {processor.py:830} INFO - Processing file /opt/airflow/dags/pipeline_dag.py for tasks to queue
[2025-11-19T21:36:43.539+0000] {logging_mixin.py:188} INFO - [2025-11-19T21:36:43.538+0000] {dagbag.py:538} INFO - Filling up the DagBag from /opt/airflow/dags/pipeline_dag.py
[2025-11-19T21:36:43.571+0000] {processor.py:840} INFO - DAG(s) 'full_ml_pipeline_v2' retrieved from /opt/airflow/dags/pipeline_dag.py
[2025-11-19T21:36:43.601+0000] {logging_mixin.py:188} INFO - [2025-11-19T21:36:43.601+0000] {dag.py:3036} INFO - Sync 1 DAGs
[2025-11-19T21:36:43.624+0000] {logging_mixin.py:188} INFO - [2025-11-19T21:36:43.624+0000] {dag.py:3823} INFO - Setting next_dagrun for full_ml_pipeline_v2 to 2025-11-19 00:00:00+00:00, run_after=2025-11-20 00:00:00+00:00
[2025-11-19T21:36:43.646+0000] {processor.py:183} INFO - Processing /opt/airflow/dags/pipeline_dag.py took 0.118 seconds
[2025-11-19T21:37:13.799+0000] {processor.py:161} INFO - Started process (PID=483) to work on /opt/airflow/dags/pipeline_dag.py
[2025-11-19T21:37:13.800+0000] {processor.py:830} INFO - Processing file /opt/airflow/dags/pipeline_dag.py for tasks to queue
[2025-11-19T21:37:13.801+0000] {logging_mixin.py:188} INFO - [2025-11-19T21:37:13.801+0000] {dagbag.py:538} INFO - Filling up the DagBag from /opt/airflow/dags/pipeline_dag.py
[2025-11-19T21:37:13.828+0000] {processor.py:840} INFO - DAG(s) 'full_ml_pipeline_v2' retrieved from /opt/airflow/dags/pipeline_dag.py
[2025-11-19T21:37:13.873+0000] {logging_mixin.py:188} INFO - [2025-11-19T21:37:13.873+0000] {dag.py:3036} INFO - Sync 1 DAGs
[2025-11-19T21:37:13.900+0000] {logging_mixin.py:188} INFO - [2025-11-19T21:37:13.899+0000] {dag.py:3823} INFO - Setting next_dagrun for full_ml_pipeline_v2 to 2025-11-19 00:00:00+00:00, run_after=2025-11-20 00:00:00+00:00
[2025-11-19T21:37:13.924+0000] {processor.py:183} INFO - Processing /opt/airflow/dags/pipeline_dag.py took 0.129 seconds
[2025-11-19T21:37:44.206+0000] {processor.py:161} INFO - Started process (PID=484) to work on /opt/airflow/dags/pipeline_dag.py
[2025-11-19T21:37:44.207+0000] {processor.py:830} INFO - Processing file /opt/airflow/dags/pipeline_dag.py for tasks to queue
[2025-11-19T21:37:44.209+0000] {logging_mixin.py:188} INFO - [2025-11-19T21:37:44.208+0000] {dagbag.py:538} INFO - Filling up the DagBag from /opt/airflow/dags/pipeline_dag.py
[2025-11-19T21:37:44.234+0000] {processor.py:840} INFO - DAG(s) 'full_ml_pipeline_v2' retrieved from /opt/airflow/dags/pipeline_dag.py
[2025-11-19T21:37:44.266+0000] {logging_mixin.py:188} INFO - [2025-11-19T21:37:44.266+0000] {dag.py:3036} INFO - Sync 1 DAGs
[2025-11-19T21:37:44.297+0000] {logging_mixin.py:188} INFO - [2025-11-19T21:37:44.297+0000] {dag.py:3823} INFO - Setting next_dagrun for full_ml_pipeline_v2 to 2025-11-19 00:00:00+00:00, run_after=2025-11-20 00:00:00+00:00
[2025-11-19T21:37:44.337+0000] {processor.py:183} INFO - Processing /opt/airflow/dags/pipeline_dag.py took 0.134 seconds
[2025-11-19T21:38:14.485+0000] {processor.py:161} INFO - Started process (PID=485) to work on /opt/airflow/dags/pipeline_dag.py
[2025-11-19T21:38:14.486+0000] {processor.py:830} INFO - Processing file /opt/airflow/dags/pipeline_dag.py for tasks to queue
[2025-11-19T21:38:14.488+0000] {logging_mixin.py:188} INFO - [2025-11-19T21:38:14.488+0000] {dagbag.py:538} INFO - Filling up the DagBag from /opt/airflow/dags/pipeline_dag.py
[2025-11-19T21:38:14.514+0000] {processor.py:840} INFO - DAG(s) 'full_ml_pipeline_v2' retrieved from /opt/airflow/dags/pipeline_dag.py
[2025-11-19T21:38:14.552+0000] {logging_mixin.py:188} INFO - [2025-11-19T21:38:14.551+0000] {dag.py:3036} INFO - Sync 1 DAGs
[2025-11-19T21:38:14.577+0000] {logging_mixin.py:188} INFO - [2025-11-19T21:38:14.577+0000] {dag.py:3823} INFO - Setting next_dagrun for full_ml_pipeline_v2 to 2025-11-19 00:00:00+00:00, run_after=2025-11-20 00:00:00+00:00
[2025-11-19T21:38:14.601+0000] {processor.py:183} INFO - Processing /opt/airflow/dags/pipeline_dag.py took 0.120 seconds
[2025-11-19T21:38:44.824+0000] {processor.py:161} INFO - Started process (PID=486) to work on /opt/airflow/dags/pipeline_dag.py
[2025-11-19T21:38:44.825+0000] {processor.py:830} INFO - Processing file /opt/airflow/dags/pipeline_dag.py for tasks to queue
[2025-11-19T21:38:44.826+0000] {logging_mixin.py:188} INFO - [2025-11-19T21:38:44.826+0000] {dagbag.py:538} INFO - Filling up the DagBag from /opt/airflow/dags/pipeline_dag.py
[2025-11-19T21:38:44.854+0000] {processor.py:840} INFO - DAG(s) 'full_ml_pipeline_v2' retrieved from /opt/airflow/dags/pipeline_dag.py
[2025-11-19T21:38:44.885+0000] {logging_mixin.py:188} INFO - [2025-11-19T21:38:44.884+0000] {dag.py:3036} INFO - Sync 1 DAGs
[2025-11-19T21:38:44.914+0000] {logging_mixin.py:188} INFO - [2025-11-19T21:38:44.914+0000] {dag.py:3823} INFO - Setting next_dagrun for full_ml_pipeline_v2 to 2025-11-19 00:00:00+00:00, run_after=2025-11-20 00:00:00+00:00
[2025-11-19T21:38:44.940+0000] {processor.py:183} INFO - Processing /opt/airflow/dags/pipeline_dag.py took 0.120 seconds
[2025-11-19T21:39:15.065+0000] {processor.py:161} INFO - Started process (PID=487) to work on /opt/airflow/dags/pipeline_dag.py
[2025-11-19T21:39:15.066+0000] {processor.py:830} INFO - Processing file /opt/airflow/dags/pipeline_dag.py for tasks to queue
[2025-11-19T21:39:15.067+0000] {logging_mixin.py:188} INFO - [2025-11-19T21:39:15.067+0000] {dagbag.py:538} INFO - Filling up the DagBag from /opt/airflow/dags/pipeline_dag.py
[2025-11-19T21:39:15.097+0000] {processor.py:840} INFO - DAG(s) 'full_ml_pipeline_v2' retrieved from /opt/airflow/dags/pipeline_dag.py
[2025-11-19T21:39:15.132+0000] {logging_mixin.py:188} INFO - [2025-11-19T21:39:15.132+0000] {dag.py:3036} INFO - Sync 1 DAGs
[2025-11-19T21:39:15.160+0000] {logging_mixin.py:188} INFO - [2025-11-19T21:39:15.160+0000] {dag.py:3823} INFO - Setting next_dagrun for full_ml_pipeline_v2 to 2025-11-19 00:00:00+00:00, run_after=2025-11-20 00:00:00+00:00
[2025-11-19T21:39:15.188+0000] {processor.py:183} INFO - Processing /opt/airflow/dags/pipeline_dag.py took 0.127 seconds
[2025-11-19T21:39:45.368+0000] {processor.py:161} INFO - Started process (PID=666) to work on /opt/airflow/dags/pipeline_dag.py
[2025-11-19T21:39:45.370+0000] {processor.py:830} INFO - Processing file /opt/airflow/dags/pipeline_dag.py for tasks to queue
[2025-11-19T21:39:45.373+0000] {logging_mixin.py:188} INFO - [2025-11-19T21:39:45.373+0000] {dagbag.py:538} INFO - Filling up the DagBag from /opt/airflow/dags/pipeline_dag.py
[2025-11-19T21:39:45.436+0000] {processor.py:840} INFO - DAG(s) 'full_ml_pipeline_v2' retrieved from /opt/airflow/dags/pipeline_dag.py
[2025-11-19T21:39:45.484+0000] {logging_mixin.py:188} INFO - [2025-11-19T21:39:45.484+0000] {dag.py:3036} INFO - Sync 1 DAGs
[2025-11-19T21:39:45.516+0000] {logging_mixin.py:188} INFO - [2025-11-19T21:39:45.516+0000] {dag.py:3823} INFO - Setting next_dagrun for full_ml_pipeline_v2 to 2025-11-19 00:00:00+00:00, run_after=2025-11-20 00:00:00+00:00
[2025-11-19T21:39:45.549+0000] {processor.py:183} INFO - Processing /opt/airflow/dags/pipeline_dag.py took 0.187 seconds
[2025-11-19T21:40:15.751+0000] {processor.py:161} INFO - Started process (PID=667) to work on /opt/airflow/dags/pipeline_dag.py
[2025-11-19T21:40:15.752+0000] {processor.py:830} INFO - Processing file /opt/airflow/dags/pipeline_dag.py for tasks to queue
[2025-11-19T21:40:15.754+0000] {logging_mixin.py:188} INFO - [2025-11-19T21:40:15.753+0000] {dagbag.py:538} INFO - Filling up the DagBag from /opt/airflow/dags/pipeline_dag.py
[2025-11-19T21:40:15.781+0000] {processor.py:840} INFO - DAG(s) 'full_ml_pipeline_v2' retrieved from /opt/airflow/dags/pipeline_dag.py
[2025-11-19T21:40:15.824+0000] {logging_mixin.py:188} INFO - [2025-11-19T21:40:15.824+0000] {dag.py:3036} INFO - Sync 1 DAGs
[2025-11-19T21:40:15.852+0000] {logging_mixin.py:188} INFO - [2025-11-19T21:40:15.852+0000] {dag.py:3823} INFO - Setting next_dagrun for full_ml_pipeline_v2 to 2025-11-19 00:00:00+00:00, run_after=2025-11-20 00:00:00+00:00
[2025-11-19T21:40:15.875+0000] {processor.py:183} INFO - Processing /opt/airflow/dags/pipeline_dag.py took 0.128 seconds
[2025-11-19T21:40:46.186+0000] {processor.py:161} INFO - Started process (PID=668) to work on /opt/airflow/dags/pipeline_dag.py
[2025-11-19T21:40:46.187+0000] {processor.py:830} INFO - Processing file /opt/airflow/dags/pipeline_dag.py for tasks to queue
[2025-11-19T21:40:46.189+0000] {logging_mixin.py:188} INFO - [2025-11-19T21:40:46.188+0000] {dagbag.py:538} INFO - Filling up the DagBag from /opt/airflow/dags/pipeline_dag.py
[2025-11-19T21:40:46.231+0000] {processor.py:840} INFO - DAG(s) 'full_ml_pipeline_v2' retrieved from /opt/airflow/dags/pipeline_dag.py
[2025-11-19T21:40:46.286+0000] {logging_mixin.py:188} INFO - [2025-11-19T21:40:46.286+0000] {dag.py:3036} INFO - Sync 1 DAGs
[2025-11-19T21:40:46.342+0000] {logging_mixin.py:188} INFO - [2025-11-19T21:40:46.342+0000] {dag.py:3823} INFO - Setting next_dagrun for full_ml_pipeline_v2 to 2025-11-19 00:00:00+00:00, run_after=2025-11-20 00:00:00+00:00
[2025-11-19T21:40:46.392+0000] {processor.py:183} INFO - Processing /opt/airflow/dags/pipeline_dag.py took 0.211 seconds
[2025-11-19T21:41:16.818+0000] {processor.py:161} INFO - Started process (PID=669) to work on /opt/airflow/dags/pipeline_dag.py
[2025-11-19T21:41:16.819+0000] {processor.py:830} INFO - Processing file /opt/airflow/dags/pipeline_dag.py for tasks to queue
[2025-11-19T21:41:16.821+0000] {logging_mixin.py:188} INFO - [2025-11-19T21:41:16.821+0000] {dagbag.py:538} INFO - Filling up the DagBag from /opt/airflow/dags/pipeline_dag.py
[2025-11-19T21:41:16.871+0000] {processor.py:840} INFO - DAG(s) 'full_ml_pipeline_v2' retrieved from /opt/airflow/dags/pipeline_dag.py
[2025-11-19T21:41:16.923+0000] {logging_mixin.py:188} INFO - [2025-11-19T21:41:16.923+0000] {dag.py:3036} INFO - Sync 1 DAGs
[2025-11-19T21:41:16.962+0000] {logging_mixin.py:188} INFO - [2025-11-19T21:41:16.961+0000] {dag.py:3823} INFO - Setting next_dagrun for full_ml_pipeline_v2 to 2025-11-19 00:00:00+00:00, run_after=2025-11-20 00:00:00+00:00
[2025-11-19T21:41:16.994+0000] {processor.py:183} INFO - Processing /opt/airflow/dags/pipeline_dag.py took 0.183 seconds
[2025-11-19T21:41:47.867+0000] {processor.py:161} INFO - Started process (PID=670) to work on /opt/airflow/dags/pipeline_dag.py
[2025-11-19T21:41:47.870+0000] {processor.py:830} INFO - Processing file /opt/airflow/dags/pipeline_dag.py for tasks to queue
[2025-11-19T21:41:47.873+0000] {logging_mixin.py:188} INFO - [2025-11-19T21:41:47.872+0000] {dagbag.py:538} INFO - Filling up the DagBag from /opt/airflow/dags/pipeline_dag.py
[2025-11-19T21:41:47.973+0000] {processor.py:840} INFO - DAG(s) 'full_ml_pipeline_v2' retrieved from /opt/airflow/dags/pipeline_dag.py
[2025-11-19T21:41:48.081+0000] {logging_mixin.py:188} INFO - [2025-11-19T21:41:48.080+0000] {dag.py:3036} INFO - Sync 1 DAGs
[2025-11-19T21:41:48.158+0000] {logging_mixin.py:188} INFO - [2025-11-19T21:41:48.158+0000] {dag.py:3823} INFO - Setting next_dagrun for full_ml_pipeline_v2 to 2025-11-19 00:00:00+00:00, run_after=2025-11-20 00:00:00+00:00
[2025-11-19T21:41:48.214+0000] {processor.py:183} INFO - Processing /opt/airflow/dags/pipeline_dag.py took 0.370 seconds
[2025-11-19T21:42:18.321+0000] {processor.py:161} INFO - Started process (PID=671) to work on /opt/airflow/dags/pipeline_dag.py
[2025-11-19T21:42:18.322+0000] {processor.py:830} INFO - Processing file /opt/airflow/dags/pipeline_dag.py for tasks to queue
[2025-11-19T21:42:18.324+0000] {logging_mixin.py:188} INFO - [2025-11-19T21:42:18.323+0000] {dagbag.py:538} INFO - Filling up the DagBag from /opt/airflow/dags/pipeline_dag.py
[2025-11-19T21:42:18.366+0000] {processor.py:840} INFO - DAG(s) 'full_ml_pipeline_v2' retrieved from /opt/airflow/dags/pipeline_dag.py
[2025-11-19T21:42:18.408+0000] {logging_mixin.py:188} INFO - [2025-11-19T21:42:18.407+0000] {dag.py:3036} INFO - Sync 1 DAGs
[2025-11-19T21:42:18.442+0000] {logging_mixin.py:188} INFO - [2025-11-19T21:42:18.442+0000] {dag.py:3823} INFO - Setting next_dagrun for full_ml_pipeline_v2 to 2025-11-19 00:00:00+00:00, run_after=2025-11-20 00:00:00+00:00
[2025-11-19T21:42:18.472+0000] {processor.py:183} INFO - Processing /opt/airflow/dags/pipeline_dag.py took 0.158 seconds
[2025-11-19T21:42:48.690+0000] {processor.py:161} INFO - Started process (PID=672) to work on /opt/airflow/dags/pipeline_dag.py
[2025-11-19T21:42:48.692+0000] {processor.py:830} INFO - Processing file /opt/airflow/dags/pipeline_dag.py for tasks to queue
[2025-11-19T21:42:48.694+0000] {logging_mixin.py:188} INFO - [2025-11-19T21:42:48.693+0000] {dagbag.py:538} INFO - Filling up the DagBag from /opt/airflow/dags/pipeline_dag.py
[2025-11-19T21:42:48.734+0000] {processor.py:840} INFO - DAG(s) 'full_ml_pipeline_v2' retrieved from /opt/airflow/dags/pipeline_dag.py
[2025-11-19T21:42:48.776+0000] {logging_mixin.py:188} INFO - [2025-11-19T21:42:48.776+0000] {dag.py:3036} INFO - Sync 1 DAGs
[2025-11-19T21:42:48.811+0000] {logging_mixin.py:188} INFO - [2025-11-19T21:42:48.811+0000] {dag.py:3823} INFO - Setting next_dagrun for full_ml_pipeline_v2 to 2025-11-19 00:00:00+00:00, run_after=2025-11-20 00:00:00+00:00
[2025-11-19T21:42:48.847+0000] {processor.py:183} INFO - Processing /opt/airflow/dags/pipeline_dag.py took 0.164 seconds
[2025-11-19T21:43:19.132+0000] {processor.py:161} INFO - Started process (PID=699) to work on /opt/airflow/dags/pipeline_dag.py
[2025-11-19T21:43:19.134+0000] {processor.py:830} INFO - Processing file /opt/airflow/dags/pipeline_dag.py for tasks to queue
[2025-11-19T21:43:19.135+0000] {logging_mixin.py:188} INFO - [2025-11-19T21:43:19.135+0000] {dagbag.py:538} INFO - Filling up the DagBag from /opt/airflow/dags/pipeline_dag.py
[2025-11-19T21:43:19.170+0000] {processor.py:840} INFO - DAG(s) 'full_ml_pipeline_v2' retrieved from /opt/airflow/dags/pipeline_dag.py
[2025-11-19T21:43:19.202+0000] {logging_mixin.py:188} INFO - [2025-11-19T21:43:19.201+0000] {dag.py:3036} INFO - Sync 1 DAGs
[2025-11-19T21:43:19.232+0000] {logging_mixin.py:188} INFO - [2025-11-19T21:43:19.231+0000] {dag.py:3823} INFO - Setting next_dagrun for full_ml_pipeline_v2 to 2025-11-19 00:00:00+00:00, run_after=2025-11-20 00:00:00+00:00
[2025-11-19T21:43:19.258+0000] {processor.py:183} INFO - Processing /opt/airflow/dags/pipeline_dag.py took 0.131 seconds
[2025-11-19T21:43:49.419+0000] {processor.py:161} INFO - Started process (PID=700) to work on /opt/airflow/dags/pipeline_dag.py
[2025-11-19T21:43:49.420+0000] {processor.py:830} INFO - Processing file /opt/airflow/dags/pipeline_dag.py for tasks to queue
[2025-11-19T21:43:49.422+0000] {logging_mixin.py:188} INFO - [2025-11-19T21:43:49.421+0000] {dagbag.py:538} INFO - Filling up the DagBag from /opt/airflow/dags/pipeline_dag.py
[2025-11-19T21:43:49.451+0000] {processor.py:840} INFO - DAG(s) 'full_ml_pipeline_v2' retrieved from /opt/airflow/dags/pipeline_dag.py
[2025-11-19T21:43:49.481+0000] {logging_mixin.py:188} INFO - [2025-11-19T21:43:49.481+0000] {dag.py:3036} INFO - Sync 1 DAGs
[2025-11-19T21:43:49.506+0000] {logging_mixin.py:188} INFO - [2025-11-19T21:43:49.505+0000] {dag.py:3823} INFO - Setting next_dagrun for full_ml_pipeline_v2 to 2025-11-19 00:00:00+00:00, run_after=2025-11-20 00:00:00+00:00
[2025-11-19T21:43:49.527+0000] {processor.py:183} INFO - Processing /opt/airflow/dags/pipeline_dag.py took 0.113 seconds
[2025-11-19T21:44:19.875+0000] {processor.py:161} INFO - Started process (PID=701) to work on /opt/airflow/dags/pipeline_dag.py
[2025-11-19T21:44:19.877+0000] {processor.py:830} INFO - Processing file /opt/airflow/dags/pipeline_dag.py for tasks to queue
[2025-11-19T21:44:19.879+0000] {logging_mixin.py:188} INFO - [2025-11-19T21:44:19.878+0000] {dagbag.py:538} INFO - Filling up the DagBag from /opt/airflow/dags/pipeline_dag.py
[2025-11-19T21:44:19.908+0000] {processor.py:840} INFO - DAG(s) 'full_ml_pipeline_v2' retrieved from /opt/airflow/dags/pipeline_dag.py
[2025-11-19T21:44:19.939+0000] {logging_mixin.py:188} INFO - [2025-11-19T21:44:19.939+0000] {dag.py:3036} INFO - Sync 1 DAGs
[2025-11-19T21:44:19.967+0000] {logging_mixin.py:188} INFO - [2025-11-19T21:44:19.966+0000] {dag.py:3823} INFO - Setting next_dagrun for full_ml_pipeline_v2 to 2025-11-19 00:00:00+00:00, run_after=2025-11-20 00:00:00+00:00
[2025-11-19T21:44:19.991+0000] {processor.py:183} INFO - Processing /opt/airflow/dags/pipeline_dag.py took 0.122 seconds
[2025-11-19T21:44:50.103+0000] {processor.py:161} INFO - Started process (PID=702) to work on /opt/airflow/dags/pipeline_dag.py
[2025-11-19T21:44:50.104+0000] {processor.py:830} INFO - Processing file /opt/airflow/dags/pipeline_dag.py for tasks to queue
[2025-11-19T21:44:50.107+0000] {logging_mixin.py:188} INFO - [2025-11-19T21:44:50.106+0000] {dagbag.py:538} INFO - Filling up the DagBag from /opt/airflow/dags/pipeline_dag.py
[2025-11-19T21:44:50.140+0000] {processor.py:840} INFO - DAG(s) 'full_ml_pipeline_v2' retrieved from /opt/airflow/dags/pipeline_dag.py
[2025-11-19T21:44:50.169+0000] {logging_mixin.py:188} INFO - [2025-11-19T21:44:50.169+0000] {dag.py:3036} INFO - Sync 1 DAGs
[2025-11-19T21:44:50.193+0000] {logging_mixin.py:188} INFO - [2025-11-19T21:44:50.192+0000] {dag.py:3823} INFO - Setting next_dagrun for full_ml_pipeline_v2 to 2025-11-19 00:00:00+00:00, run_after=2025-11-20 00:00:00+00:00
[2025-11-19T21:44:50.218+0000] {processor.py:183} INFO - Processing /opt/airflow/dags/pipeline_dag.py took 0.120 seconds
[2025-11-19T21:45:20.473+0000] {processor.py:161} INFO - Started process (PID=703) to work on /opt/airflow/dags/pipeline_dag.py
[2025-11-19T21:45:20.475+0000] {processor.py:830} INFO - Processing file /opt/airflow/dags/pipeline_dag.py for tasks to queue
[2025-11-19T21:45:20.476+0000] {logging_mixin.py:188} INFO - [2025-11-19T21:45:20.475+0000] {dagbag.py:538} INFO - Filling up the DagBag from /opt/airflow/dags/pipeline_dag.py
[2025-11-19T21:45:20.500+0000] {processor.py:840} INFO - DAG(s) 'full_ml_pipeline_v2' retrieved from /opt/airflow/dags/pipeline_dag.py
[2025-11-19T21:45:20.530+0000] {logging_mixin.py:188} INFO - [2025-11-19T21:45:20.530+0000] {dag.py:3036} INFO - Sync 1 DAGs
[2025-11-19T21:45:20.553+0000] {logging_mixin.py:188} INFO - [2025-11-19T21:45:20.552+0000] {dag.py:3823} INFO - Setting next_dagrun for full_ml_pipeline_v2 to 2025-11-19 00:00:00+00:00, run_after=2025-11-20 00:00:00+00:00
[2025-11-19T21:45:20.575+0000] {processor.py:183} INFO - Processing /opt/airflow/dags/pipeline_dag.py took 0.104 seconds
[2025-11-19T21:45:50.769+0000] {processor.py:161} INFO - Started process (PID=704) to work on /opt/airflow/dags/pipeline_dag.py
[2025-11-19T21:45:50.771+0000] {processor.py:830} INFO - Processing file /opt/airflow/dags/pipeline_dag.py for tasks to queue
[2025-11-19T21:45:50.772+0000] {logging_mixin.py:188} INFO - [2025-11-19T21:45:50.772+0000] {dagbag.py:538} INFO - Filling up the DagBag from /opt/airflow/dags/pipeline_dag.py
[2025-11-19T21:45:50.801+0000] {processor.py:840} INFO - DAG(s) 'full_ml_pipeline_v2' retrieved from /opt/airflow/dags/pipeline_dag.py
[2025-11-19T21:45:50.828+0000] {logging_mixin.py:188} INFO - [2025-11-19T21:45:50.828+0000] {dag.py:3036} INFO - Sync 1 DAGs
[2025-11-19T21:45:50.850+0000] {logging_mixin.py:188} INFO - [2025-11-19T21:45:50.850+0000] {dag.py:3823} INFO - Setting next_dagrun for full_ml_pipeline_v2 to 2025-11-19 00:00:00+00:00, run_after=2025-11-20 00:00:00+00:00
[2025-11-19T21:45:50.872+0000] {processor.py:183} INFO - Processing /opt/airflow/dags/pipeline_dag.py took 0.108 seconds
[2025-11-19T21:46:21.061+0000] {processor.py:161} INFO - Started process (PID=705) to work on /opt/airflow/dags/pipeline_dag.py
[2025-11-19T21:46:21.062+0000] {processor.py:830} INFO - Processing file /opt/airflow/dags/pipeline_dag.py for tasks to queue
[2025-11-19T21:46:21.063+0000] {logging_mixin.py:188} INFO - [2025-11-19T21:46:21.063+0000] {dagbag.py:538} INFO - Filling up the DagBag from /opt/airflow/dags/pipeline_dag.py
[2025-11-19T21:46:21.088+0000] {processor.py:840} INFO - DAG(s) 'full_ml_pipeline_v2' retrieved from /opt/airflow/dags/pipeline_dag.py
[2025-11-19T21:46:21.115+0000] {logging_mixin.py:188} INFO - [2025-11-19T21:46:21.115+0000] {dag.py:3036} INFO - Sync 1 DAGs
[2025-11-19T21:46:21.137+0000] {logging_mixin.py:188} INFO - [2025-11-19T21:46:21.137+0000] {dag.py:3823} INFO - Setting next_dagrun for full_ml_pipeline_v2 to 2025-11-19 00:00:00+00:00, run_after=2025-11-20 00:00:00+00:00
[2025-11-19T21:46:21.161+0000] {processor.py:183} INFO - Processing /opt/airflow/dags/pipeline_dag.py took 0.104 seconds
[2025-11-19T21:46:51.338+0000] {processor.py:161} INFO - Started process (PID=706) to work on /opt/airflow/dags/pipeline_dag.py
[2025-11-19T21:46:51.340+0000] {processor.py:830} INFO - Processing file /opt/airflow/dags/pipeline_dag.py for tasks to queue
[2025-11-19T21:46:51.341+0000] {logging_mixin.py:188} INFO - [2025-11-19T21:46:51.341+0000] {dagbag.py:538} INFO - Filling up the DagBag from /opt/airflow/dags/pipeline_dag.py
[2025-11-19T21:46:51.369+0000] {processor.py:840} INFO - DAG(s) 'full_ml_pipeline_v2' retrieved from /opt/airflow/dags/pipeline_dag.py
[2025-11-19T21:46:51.413+0000] {logging_mixin.py:188} INFO - [2025-11-19T21:46:51.412+0000] {dag.py:3036} INFO - Sync 1 DAGs
[2025-11-19T21:46:51.442+0000] {logging_mixin.py:188} INFO - [2025-11-19T21:46:51.441+0000] {dag.py:3823} INFO - Setting next_dagrun for full_ml_pipeline_v2 to 2025-11-19 00:00:00+00:00, run_after=2025-11-20 00:00:00+00:00
[2025-11-19T21:46:51.465+0000] {processor.py:183} INFO - Processing /opt/airflow/dags/pipeline_dag.py took 0.131 seconds
[2025-11-19T21:47:21.656+0000] {processor.py:161} INFO - Started process (PID=707) to work on /opt/airflow/dags/pipeline_dag.py
[2025-11-19T21:47:21.658+0000] {processor.py:830} INFO - Processing file /opt/airflow/dags/pipeline_dag.py for tasks to queue
[2025-11-19T21:47:21.660+0000] {logging_mixin.py:188} INFO - [2025-11-19T21:47:21.660+0000] {dagbag.py:538} INFO - Filling up the DagBag from /opt/airflow/dags/pipeline_dag.py
[2025-11-19T21:47:21.697+0000] {processor.py:840} INFO - DAG(s) 'full_ml_pipeline_v2' retrieved from /opt/airflow/dags/pipeline_dag.py
[2025-11-19T21:47:21.728+0000] {logging_mixin.py:188} INFO - [2025-11-19T21:47:21.728+0000] {dag.py:3036} INFO - Sync 1 DAGs
[2025-11-19T21:47:21.754+0000] {logging_mixin.py:188} INFO - [2025-11-19T21:47:21.754+0000] {dag.py:3823} INFO - Setting next_dagrun for full_ml_pipeline_v2 to 2025-11-19 00:00:00+00:00, run_after=2025-11-20 00:00:00+00:00
[2025-11-19T21:47:21.778+0000] {processor.py:183} INFO - Processing /opt/airflow/dags/pipeline_dag.py took 0.130 seconds
[2025-11-19T21:47:52.039+0000] {processor.py:161} INFO - Started process (PID=708) to work on /opt/airflow/dags/pipeline_dag.py
[2025-11-19T21:47:52.040+0000] {processor.py:830} INFO - Processing file /opt/airflow/dags/pipeline_dag.py for tasks to queue
[2025-11-19T21:47:52.041+0000] {logging_mixin.py:188} INFO - [2025-11-19T21:47:52.041+0000] {dagbag.py:538} INFO - Filling up the DagBag from /opt/airflow/dags/pipeline_dag.py
[2025-11-19T21:47:52.069+0000] {processor.py:840} INFO - DAG(s) 'full_ml_pipeline_v2' retrieved from /opt/airflow/dags/pipeline_dag.py
[2025-11-19T21:47:52.097+0000] {logging_mixin.py:188} INFO - [2025-11-19T21:47:52.097+0000] {dag.py:3036} INFO - Sync 1 DAGs
[2025-11-19T21:47:52.119+0000] {logging_mixin.py:188} INFO - [2025-11-19T21:47:52.118+0000] {dag.py:3823} INFO - Setting next_dagrun for full_ml_pipeline_v2 to 2025-11-19 00:00:00+00:00, run_after=2025-11-20 00:00:00+00:00
[2025-11-19T21:47:52.141+0000] {processor.py:183} INFO - Processing /opt/airflow/dags/pipeline_dag.py took 0.107 seconds
[2025-11-19T21:48:22.408+0000] {processor.py:161} INFO - Started process (PID=755) to work on /opt/airflow/dags/pipeline_dag.py
[2025-11-19T21:48:22.410+0000] {processor.py:830} INFO - Processing file /opt/airflow/dags/pipeline_dag.py for tasks to queue
[2025-11-19T21:48:22.413+0000] {logging_mixin.py:188} INFO - [2025-11-19T21:48:22.412+0000] {dagbag.py:538} INFO - Filling up the DagBag from /opt/airflow/dags/pipeline_dag.py
[2025-11-19T21:48:22.462+0000] {processor.py:840} INFO - DAG(s) 'full_ml_pipeline_v2' retrieved from /opt/airflow/dags/pipeline_dag.py
[2025-11-19T21:48:22.544+0000] {logging_mixin.py:188} INFO - [2025-11-19T21:48:22.544+0000] {dag.py:3036} INFO - Sync 1 DAGs
[2025-11-19T21:48:22.591+0000] {logging_mixin.py:188} INFO - [2025-11-19T21:48:22.590+0000] {dag.py:3823} INFO - Setting next_dagrun for full_ml_pipeline_v2 to 2025-11-19 00:00:00+00:00, run_after=2025-11-20 00:00:00+00:00
[2025-11-19T21:48:22.617+0000] {processor.py:183} INFO - Processing /opt/airflow/dags/pipeline_dag.py took 0.214 seconds
[2025-11-19T21:48:52.801+0000] {processor.py:161} INFO - Started process (PID=756) to work on /opt/airflow/dags/pipeline_dag.py
[2025-11-19T21:48:52.803+0000] {processor.py:830} INFO - Processing file /opt/airflow/dags/pipeline_dag.py for tasks to queue
[2025-11-19T21:48:52.804+0000] {logging_mixin.py:188} INFO - [2025-11-19T21:48:52.804+0000] {dagbag.py:538} INFO - Filling up the DagBag from /opt/airflow/dags/pipeline_dag.py
[2025-11-19T21:48:52.865+0000] {processor.py:840} INFO - DAG(s) 'full_ml_pipeline_v2' retrieved from /opt/airflow/dags/pipeline_dag.py
[2025-11-19T21:48:52.980+0000] {logging_mixin.py:188} INFO - [2025-11-19T21:48:52.980+0000] {dag.py:3036} INFO - Sync 1 DAGs
[2025-11-19T21:48:53.060+0000] {logging_mixin.py:188} INFO - [2025-11-19T21:48:53.059+0000] {dag.py:3823} INFO - Setting next_dagrun for full_ml_pipeline_v2 to 2025-11-19 00:00:00+00:00, run_after=2025-11-20 00:00:00+00:00
[2025-11-19T21:48:53.129+0000] {processor.py:183} INFO - Processing /opt/airflow/dags/pipeline_dag.py took 0.334 seconds
[2025-11-19T21:49:23.290+0000] {processor.py:161} INFO - Started process (PID=757) to work on /opt/airflow/dags/pipeline_dag.py
[2025-11-19T21:49:23.296+0000] {processor.py:830} INFO - Processing file /opt/airflow/dags/pipeline_dag.py for tasks to queue
[2025-11-19T21:49:23.298+0000] {logging_mixin.py:188} INFO - [2025-11-19T21:49:23.297+0000] {dagbag.py:538} INFO - Filling up the DagBag from /opt/airflow/dags/pipeline_dag.py
[2025-11-19T21:49:23.344+0000] {processor.py:840} INFO - DAG(s) 'full_ml_pipeline_v2' retrieved from /opt/airflow/dags/pipeline_dag.py
[2025-11-19T21:49:23.408+0000] {logging_mixin.py:188} INFO - [2025-11-19T21:49:23.408+0000] {dag.py:3036} INFO - Sync 1 DAGs
[2025-11-19T21:49:23.461+0000] {logging_mixin.py:188} INFO - [2025-11-19T21:49:23.461+0000] {dag.py:3823} INFO - Setting next_dagrun for full_ml_pipeline_v2 to 2025-11-19 00:00:00+00:00, run_after=2025-11-20 00:00:00+00:00
[2025-11-19T21:49:23.502+0000] {processor.py:183} INFO - Processing /opt/airflow/dags/pipeline_dag.py took 0.218 seconds
[2025-11-19T21:49:53.725+0000] {processor.py:161} INFO - Started process (PID=758) to work on /opt/airflow/dags/pipeline_dag.py
[2025-11-19T21:49:53.728+0000] {processor.py:830} INFO - Processing file /opt/airflow/dags/pipeline_dag.py for tasks to queue
[2025-11-19T21:49:53.729+0000] {logging_mixin.py:188} INFO - [2025-11-19T21:49:53.729+0000] {dagbag.py:538} INFO - Filling up the DagBag from /opt/airflow/dags/pipeline_dag.py
[2025-11-19T21:49:53.788+0000] {processor.py:840} INFO - DAG(s) 'full_ml_pipeline_v2' retrieved from /opt/airflow/dags/pipeline_dag.py
[2025-11-19T21:49:53.909+0000] {logging_mixin.py:188} INFO - [2025-11-19T21:49:53.909+0000] {dag.py:3036} INFO - Sync 1 DAGs
[2025-11-19T21:49:53.980+0000] {logging_mixin.py:188} INFO - [2025-11-19T21:49:53.979+0000] {dag.py:3823} INFO - Setting next_dagrun for full_ml_pipeline_v2 to 2025-11-19 00:00:00+00:00, run_after=2025-11-20 00:00:00+00:00
[2025-11-19T21:49:54.034+0000] {processor.py:183} INFO - Processing /opt/airflow/dags/pipeline_dag.py took 0.314 seconds
[2025-11-19T21:50:24.266+0000] {processor.py:161} INFO - Started process (PID=759) to work on /opt/airflow/dags/pipeline_dag.py
[2025-11-19T21:50:24.267+0000] {processor.py:830} INFO - Processing file /opt/airflow/dags/pipeline_dag.py for tasks to queue
[2025-11-19T21:50:24.269+0000] {logging_mixin.py:188} INFO - [2025-11-19T21:50:24.269+0000] {dagbag.py:538} INFO - Filling up the DagBag from /opt/airflow/dags/pipeline_dag.py
[2025-11-19T21:50:24.328+0000] {processor.py:840} INFO - DAG(s) 'full_ml_pipeline_v2' retrieved from /opt/airflow/dags/pipeline_dag.py
[2025-11-19T21:50:24.391+0000] {logging_mixin.py:188} INFO - [2025-11-19T21:50:24.391+0000] {dag.py:3036} INFO - Sync 1 DAGs
[2025-11-19T21:50:24.448+0000] {logging_mixin.py:188} INFO - [2025-11-19T21:50:24.448+0000] {dag.py:3823} INFO - Setting next_dagrun for full_ml_pipeline_v2 to 2025-11-19 00:00:00+00:00, run_after=2025-11-20 00:00:00+00:00
[2025-11-19T21:50:24.488+0000] {processor.py:183} INFO - Processing /opt/airflow/dags/pipeline_dag.py took 0.232 seconds
[2025-11-19T21:50:54.773+0000] {processor.py:161} INFO - Started process (PID=786) to work on /opt/airflow/dags/pipeline_dag.py
[2025-11-19T21:50:54.775+0000] {processor.py:830} INFO - Processing file /opt/airflow/dags/pipeline_dag.py for tasks to queue
[2025-11-19T21:50:54.778+0000] {logging_mixin.py:188} INFO - [2025-11-19T21:50:54.776+0000] {dagbag.py:538} INFO - Filling up the DagBag from /opt/airflow/dags/pipeline_dag.py
[2025-11-19T21:50:54.812+0000] {processor.py:840} INFO - DAG(s) 'full_ml_pipeline_v2' retrieved from /opt/airflow/dags/pipeline_dag.py
[2025-11-19T21:50:54.855+0000] {logging_mixin.py:188} INFO - [2025-11-19T21:50:54.855+0000] {dag.py:3036} INFO - Sync 1 DAGs
[2025-11-19T21:50:54.882+0000] {logging_mixin.py:188} INFO - [2025-11-19T21:50:54.882+0000] {dag.py:3823} INFO - Setting next_dagrun for full_ml_pipeline_v2 to 2025-11-19 00:00:00+00:00, run_after=2025-11-20 00:00:00+00:00
[2025-11-19T21:50:54.904+0000] {processor.py:183} INFO - Processing /opt/airflow/dags/pipeline_dag.py took 0.136 seconds
[2025-11-19T21:51:25.044+0000] {processor.py:161} INFO - Started process (PID=787) to work on /opt/airflow/dags/pipeline_dag.py
[2025-11-19T21:51:25.045+0000] {processor.py:830} INFO - Processing file /opt/airflow/dags/pipeline_dag.py for tasks to queue
[2025-11-19T21:51:25.046+0000] {logging_mixin.py:188} INFO - [2025-11-19T21:51:25.046+0000] {dagbag.py:538} INFO - Filling up the DagBag from /opt/airflow/dags/pipeline_dag.py
[2025-11-19T21:51:25.074+0000] {processor.py:840} INFO - DAG(s) 'full_ml_pipeline_v2' retrieved from /opt/airflow/dags/pipeline_dag.py
[2025-11-19T21:51:25.131+0000] {logging_mixin.py:188} INFO - [2025-11-19T21:51:25.130+0000] {dag.py:3036} INFO - Sync 1 DAGs
[2025-11-19T21:51:25.178+0000] {logging_mixin.py:188} INFO - [2025-11-19T21:51:25.177+0000] {dag.py:3823} INFO - Setting next_dagrun for full_ml_pipeline_v2 to 2025-11-19 00:00:00+00:00, run_after=2025-11-20 00:00:00+00:00
[2025-11-19T21:51:25.210+0000] {processor.py:183} INFO - Processing /opt/airflow/dags/pipeline_dag.py took 0.171 seconds
[2025-11-19T21:51:55.467+0000] {processor.py:161} INFO - Started process (PID=788) to work on /opt/airflow/dags/pipeline_dag.py
[2025-11-19T21:51:55.470+0000] {processor.py:830} INFO - Processing file /opt/airflow/dags/pipeline_dag.py for tasks to queue
[2025-11-19T21:51:55.472+0000] {logging_mixin.py:188} INFO - [2025-11-19T21:51:55.472+0000] {dagbag.py:538} INFO - Filling up the DagBag from /opt/airflow/dags/pipeline_dag.py
[2025-11-19T21:51:55.513+0000] {processor.py:840} INFO - DAG(s) 'full_ml_pipeline_v2' retrieved from /opt/airflow/dags/pipeline_dag.py
[2025-11-19T21:51:55.596+0000] {logging_mixin.py:188} INFO - [2025-11-19T21:51:55.595+0000] {dag.py:3036} INFO - Sync 1 DAGs
[2025-11-19T21:51:55.646+0000] {logging_mixin.py:188} INFO - [2025-11-19T21:51:55.646+0000] {dag.py:3823} INFO - Setting next_dagrun for full_ml_pipeline_v2 to 2025-11-19 00:00:00+00:00, run_after=2025-11-20 00:00:00+00:00
[2025-11-19T21:51:55.682+0000] {processor.py:183} INFO - Processing /opt/airflow/dags/pipeline_dag.py took 0.225 seconds
[2025-11-19T21:52:25.903+0000] {processor.py:161} INFO - Started process (PID=789) to work on /opt/airflow/dags/pipeline_dag.py
[2025-11-19T21:52:25.905+0000] {processor.py:830} INFO - Processing file /opt/airflow/dags/pipeline_dag.py for tasks to queue
[2025-11-19T21:52:25.907+0000] {logging_mixin.py:188} INFO - [2025-11-19T21:52:25.906+0000] {dagbag.py:538} INFO - Filling up the DagBag from /opt/airflow/dags/pipeline_dag.py
[2025-11-19T21:52:25.943+0000] {processor.py:840} INFO - DAG(s) 'full_ml_pipeline_v2' retrieved from /opt/airflow/dags/pipeline_dag.py
[2025-11-19T21:52:25.985+0000] {logging_mixin.py:188} INFO - [2025-11-19T21:52:25.984+0000] {dag.py:3036} INFO - Sync 1 DAGs
[2025-11-19T21:52:26.021+0000] {logging_mixin.py:188} INFO - [2025-11-19T21:52:26.020+0000] {dag.py:3823} INFO - Setting next_dagrun for full_ml_pipeline_v2 to 2025-11-19 00:00:00+00:00, run_after=2025-11-20 00:00:00+00:00
[2025-11-19T21:52:26.065+0000] {processor.py:183} INFO - Processing /opt/airflow/dags/pipeline_dag.py took 0.169 seconds
[2025-11-19T21:52:56.225+0000] {processor.py:161} INFO - Started process (PID=790) to work on /opt/airflow/dags/pipeline_dag.py
[2025-11-19T21:52:56.227+0000] {processor.py:830} INFO - Processing file /opt/airflow/dags/pipeline_dag.py for tasks to queue
[2025-11-19T21:52:56.228+0000] {logging_mixin.py:188} INFO - [2025-11-19T21:52:56.228+0000] {dagbag.py:538} INFO - Filling up the DagBag from /opt/airflow/dags/pipeline_dag.py
[2025-11-19T21:52:56.257+0000] {processor.py:840} INFO - DAG(s) 'full_ml_pipeline_v2' retrieved from /opt/airflow/dags/pipeline_dag.py
[2025-11-19T21:52:56.288+0000] {logging_mixin.py:188} INFO - [2025-11-19T21:52:56.288+0000] {dag.py:3036} INFO - Sync 1 DAGs
[2025-11-19T21:52:56.312+0000] {logging_mixin.py:188} INFO - [2025-11-19T21:52:56.311+0000] {dag.py:3823} INFO - Setting next_dagrun for full_ml_pipeline_v2 to 2025-11-19 00:00:00+00:00, run_after=2025-11-20 00:00:00+00:00
[2025-11-19T21:52:56.333+0000] {processor.py:183} INFO - Processing /opt/airflow/dags/pipeline_dag.py took 0.113 seconds
[2025-11-19T21:53:26.607+0000] {processor.py:161} INFO - Started process (PID=791) to work on /opt/airflow/dags/pipeline_dag.py
[2025-11-19T21:53:26.608+0000] {processor.py:830} INFO - Processing file /opt/airflow/dags/pipeline_dag.py for tasks to queue
[2025-11-19T21:53:26.609+0000] {logging_mixin.py:188} INFO - [2025-11-19T21:53:26.609+0000] {dagbag.py:538} INFO - Filling up the DagBag from /opt/airflow/dags/pipeline_dag.py
[2025-11-19T21:53:26.634+0000] {processor.py:840} INFO - DAG(s) 'full_ml_pipeline_v2' retrieved from /opt/airflow/dags/pipeline_dag.py
[2025-11-19T21:53:26.662+0000] {logging_mixin.py:188} INFO - [2025-11-19T21:53:26.662+0000] {dag.py:3036} INFO - Sync 1 DAGs
[2025-11-19T21:53:26.686+0000] {logging_mixin.py:188} INFO - [2025-11-19T21:53:26.686+0000] {dag.py:3823} INFO - Setting next_dagrun for full_ml_pipeline_v2 to 2025-11-19 00:00:00+00:00, run_after=2025-11-20 00:00:00+00:00
[2025-11-19T21:53:26.707+0000] {processor.py:183} INFO - Processing /opt/airflow/dags/pipeline_dag.py took 0.103 seconds
[2025-11-19T21:53:56.859+0000] {processor.py:161} INFO - Started process (PID=792) to work on /opt/airflow/dags/pipeline_dag.py
[2025-11-19T21:53:56.861+0000] {processor.py:830} INFO - Processing file /opt/airflow/dags/pipeline_dag.py for tasks to queue
[2025-11-19T21:53:56.862+0000] {logging_mixin.py:188} INFO - [2025-11-19T21:53:56.861+0000] {dagbag.py:538} INFO - Filling up the DagBag from /opt/airflow/dags/pipeline_dag.py
[2025-11-19T21:53:56.886+0000] {processor.py:840} INFO - DAG(s) 'full_ml_pipeline_v2' retrieved from /opt/airflow/dags/pipeline_dag.py
[2025-11-19T21:53:56.917+0000] {logging_mixin.py:188} INFO - [2025-11-19T21:53:56.917+0000] {dag.py:3036} INFO - Sync 1 DAGs
[2025-11-19T21:53:56.940+0000] {logging_mixin.py:188} INFO - [2025-11-19T21:53:56.940+0000] {dag.py:3823} INFO - Setting next_dagrun for full_ml_pipeline_v2 to 2025-11-19 00:00:00+00:00, run_after=2025-11-20 00:00:00+00:00
[2025-11-19T21:53:56.963+0000] {processor.py:183} INFO - Processing /opt/airflow/dags/pipeline_dag.py took 0.108 seconds
[2025-11-19T21:54:27.148+0000] {processor.py:161} INFO - Started process (PID=793) to work on /opt/airflow/dags/pipeline_dag.py
[2025-11-19T21:54:27.149+0000] {processor.py:830} INFO - Processing file /opt/airflow/dags/pipeline_dag.py for tasks to queue
[2025-11-19T21:54:27.151+0000] {logging_mixin.py:188} INFO - [2025-11-19T21:54:27.150+0000] {dagbag.py:538} INFO - Filling up the DagBag from /opt/airflow/dags/pipeline_dag.py
[2025-11-19T21:54:27.175+0000] {processor.py:840} INFO - DAG(s) 'full_ml_pipeline_v2' retrieved from /opt/airflow/dags/pipeline_dag.py
[2025-11-19T21:54:27.207+0000] {logging_mixin.py:188} INFO - [2025-11-19T21:54:27.206+0000] {dag.py:3036} INFO - Sync 1 DAGs
[2025-11-19T21:54:27.235+0000] {logging_mixin.py:188} INFO - [2025-11-19T21:54:27.235+0000] {dag.py:3823} INFO - Setting next_dagrun for full_ml_pipeline_v2 to 2025-11-19 00:00:00+00:00, run_after=2025-11-20 00:00:00+00:00
[2025-11-19T21:54:27.261+0000] {processor.py:183} INFO - Processing /opt/airflow/dags/pipeline_dag.py took 0.117 seconds
[2025-11-19T21:54:57.522+0000] {processor.py:161} INFO - Started process (PID=794) to work on /opt/airflow/dags/pipeline_dag.py
[2025-11-19T21:54:57.524+0000] {processor.py:830} INFO - Processing file /opt/airflow/dags/pipeline_dag.py for tasks to queue
[2025-11-19T21:54:57.526+0000] {logging_mixin.py:188} INFO - [2025-11-19T21:54:57.525+0000] {dagbag.py:538} INFO - Filling up the DagBag from /opt/airflow/dags/pipeline_dag.py
[2025-11-19T21:54:57.568+0000] {processor.py:840} INFO - DAG(s) 'full_ml_pipeline_v2' retrieved from /opt/airflow/dags/pipeline_dag.py
[2025-11-19T21:54:57.598+0000] {logging_mixin.py:188} INFO - [2025-11-19T21:54:57.598+0000] {dag.py:3036} INFO - Sync 1 DAGs
[2025-11-19T21:54:57.619+0000] {logging_mixin.py:188} INFO - [2025-11-19T21:54:57.618+0000] {dag.py:3823} INFO - Setting next_dagrun for full_ml_pipeline_v2 to 2025-11-19 00:00:00+00:00, run_after=2025-11-20 00:00:00+00:00
[2025-11-19T21:54:57.639+0000] {processor.py:183} INFO - Processing /opt/airflow/dags/pipeline_dag.py took 0.124 seconds
[2025-11-19T21:55:27.825+0000] {processor.py:161} INFO - Started process (PID=795) to work on /opt/airflow/dags/pipeline_dag.py
[2025-11-19T21:55:27.827+0000] {processor.py:830} INFO - Processing file /opt/airflow/dags/pipeline_dag.py for tasks to queue
[2025-11-19T21:55:27.830+0000] {logging_mixin.py:188} INFO - [2025-11-19T21:55:27.829+0000] {dagbag.py:538} INFO - Filling up the DagBag from /opt/airflow/dags/pipeline_dag.py
[2025-11-19T21:55:27.906+0000] {processor.py:840} INFO - DAG(s) 'full_ml_pipeline_v2' retrieved from /opt/airflow/dags/pipeline_dag.py
[2025-11-19T21:55:27.952+0000] {logging_mixin.py:188} INFO - [2025-11-19T21:55:27.951+0000] {dag.py:3036} INFO - Sync 1 DAGs
[2025-11-19T21:55:27.988+0000] {logging_mixin.py:188} INFO - [2025-11-19T21:55:27.988+0000] {dag.py:3823} INFO - Setting next_dagrun for full_ml_pipeline_v2 to 2025-11-19 00:00:00+00:00, run_after=2025-11-20 00:00:00+00:00
[2025-11-19T21:55:28.020+0000] {processor.py:183} INFO - Processing /opt/airflow/dags/pipeline_dag.py took 0.200 seconds
[2025-11-19T21:55:58.090+0000] {processor.py:161} INFO - Started process (PID=796) to work on /opt/airflow/dags/pipeline_dag.py
[2025-11-19T21:55:58.091+0000] {processor.py:830} INFO - Processing file /opt/airflow/dags/pipeline_dag.py for tasks to queue
[2025-11-19T21:55:58.092+0000] {logging_mixin.py:188} INFO - [2025-11-19T21:55:58.092+0000] {dagbag.py:538} INFO - Filling up the DagBag from /opt/airflow/dags/pipeline_dag.py
[2025-11-19T21:55:58.120+0000] {processor.py:840} INFO - DAG(s) 'full_ml_pipeline_v2' retrieved from /opt/airflow/dags/pipeline_dag.py
[2025-11-19T21:55:58.152+0000] {logging_mixin.py:188} INFO - [2025-11-19T21:55:58.151+0000] {dag.py:3036} INFO - Sync 1 DAGs
[2025-11-19T21:55:58.177+0000] {logging_mixin.py:188} INFO - [2025-11-19T21:55:58.176+0000] {dag.py:3823} INFO - Setting next_dagrun for full_ml_pipeline_v2 to 2025-11-19 00:00:00+00:00, run_after=2025-11-20 00:00:00+00:00
[2025-11-19T21:55:58.200+0000] {processor.py:183} INFO - Processing /opt/airflow/dags/pipeline_dag.py took 0.115 seconds
[2025-11-19T21:56:28.324+0000] {processor.py:161} INFO - Started process (PID=797) to work on /opt/airflow/dags/pipeline_dag.py
[2025-11-19T21:56:28.326+0000] {processor.py:830} INFO - Processing file /opt/airflow/dags/pipeline_dag.py for tasks to queue
[2025-11-19T21:56:28.327+0000] {logging_mixin.py:188} INFO - [2025-11-19T21:56:28.327+0000] {dagbag.py:538} INFO - Filling up the DagBag from /opt/airflow/dags/pipeline_dag.py
[2025-11-19T21:56:28.362+0000] {processor.py:840} INFO - DAG(s) 'full_ml_pipeline_v2' retrieved from /opt/airflow/dags/pipeline_dag.py
[2025-11-19T21:56:28.403+0000] {logging_mixin.py:188} INFO - [2025-11-19T21:56:28.402+0000] {dag.py:3036} INFO - Sync 1 DAGs
[2025-11-19T21:56:28.437+0000] {logging_mixin.py:188} INFO - [2025-11-19T21:56:28.437+0000] {dag.py:3823} INFO - Setting next_dagrun for full_ml_pipeline_v2 to 2025-11-19 00:00:00+00:00, run_after=2025-11-20 00:00:00+00:00
[2025-11-19T21:56:28.467+0000] {processor.py:183} INFO - Processing /opt/airflow/dags/pipeline_dag.py took 0.148 seconds
[2025-11-19T21:56:58.680+0000] {processor.py:161} INFO - Started process (PID=798) to work on /opt/airflow/dags/pipeline_dag.py
[2025-11-19T21:56:58.682+0000] {processor.py:830} INFO - Processing file /opt/airflow/dags/pipeline_dag.py for tasks to queue
[2025-11-19T21:56:58.683+0000] {logging_mixin.py:188} INFO - [2025-11-19T21:56:58.683+0000] {dagbag.py:538} INFO - Filling up the DagBag from /opt/airflow/dags/pipeline_dag.py
[2025-11-19T21:56:58.712+0000] {processor.py:840} INFO - DAG(s) 'full_ml_pipeline_v2' retrieved from /opt/airflow/dags/pipeline_dag.py
[2025-11-19T21:56:58.743+0000] {logging_mixin.py:188} INFO - [2025-11-19T21:56:58.742+0000] {dag.py:3036} INFO - Sync 1 DAGs
[2025-11-19T21:56:58.768+0000] {logging_mixin.py:188} INFO - [2025-11-19T21:56:58.768+0000] {dag.py:3823} INFO - Setting next_dagrun for full_ml_pipeline_v2 to 2025-11-19 00:00:00+00:00, run_after=2025-11-20 00:00:00+00:00
[2025-11-19T21:56:58.793+0000] {processor.py:183} INFO - Processing /opt/airflow/dags/pipeline_dag.py took 0.118 seconds
[2025-11-19T21:57:29.041+0000] {processor.py:161} INFO - Started process (PID=799) to work on /opt/airflow/dags/pipeline_dag.py
[2025-11-19T21:57:29.043+0000] {processor.py:830} INFO - Processing file /opt/airflow/dags/pipeline_dag.py for tasks to queue
[2025-11-19T21:57:29.044+0000] {logging_mixin.py:188} INFO - [2025-11-19T21:57:29.044+0000] {dagbag.py:538} INFO - Filling up the DagBag from /opt/airflow/dags/pipeline_dag.py
[2025-11-19T21:57:29.077+0000] {processor.py:840} INFO - DAG(s) 'full_ml_pipeline_v2' retrieved from /opt/airflow/dags/pipeline_dag.py
[2025-11-19T21:57:29.112+0000] {logging_mixin.py:188} INFO - [2025-11-19T21:57:29.111+0000] {dag.py:3036} INFO - Sync 1 DAGs
[2025-11-19T21:57:29.140+0000] {logging_mixin.py:188} INFO - [2025-11-19T21:57:29.139+0000] {dag.py:3823} INFO - Setting next_dagrun for full_ml_pipeline_v2 to 2025-11-19 00:00:00+00:00, run_after=2025-11-20 00:00:00+00:00
[2025-11-19T21:57:29.165+0000] {processor.py:183} INFO - Processing /opt/airflow/dags/pipeline_dag.py took 0.129 seconds
[2025-11-19T21:57:59.527+0000] {processor.py:161} INFO - Started process (PID=800) to work on /opt/airflow/dags/pipeline_dag.py
[2025-11-19T21:57:59.529+0000] {processor.py:830} INFO - Processing file /opt/airflow/dags/pipeline_dag.py for tasks to queue
[2025-11-19T21:57:59.530+0000] {logging_mixin.py:188} INFO - [2025-11-19T21:57:59.530+0000] {dagbag.py:538} INFO - Filling up the DagBag from /opt/airflow/dags/pipeline_dag.py
[2025-11-19T21:57:59.558+0000] {processor.py:840} INFO - DAG(s) 'full_ml_pipeline_v2' retrieved from /opt/airflow/dags/pipeline_dag.py
[2025-11-19T21:57:59.586+0000] {logging_mixin.py:188} INFO - [2025-11-19T21:57:59.586+0000] {dag.py:3036} INFO - Sync 1 DAGs
[2025-11-19T21:57:59.608+0000] {logging_mixin.py:188} INFO - [2025-11-19T21:57:59.607+0000] {dag.py:3823} INFO - Setting next_dagrun for full_ml_pipeline_v2 to 2025-11-19 00:00:00+00:00, run_after=2025-11-20 00:00:00+00:00
[2025-11-19T21:57:59.630+0000] {processor.py:183} INFO - Processing /opt/airflow/dags/pipeline_dag.py took 0.108 seconds
[2025-11-19T21:58:29.812+0000] {processor.py:161} INFO - Started process (PID=801) to work on /opt/airflow/dags/pipeline_dag.py
[2025-11-19T21:58:29.814+0000] {processor.py:830} INFO - Processing file /opt/airflow/dags/pipeline_dag.py for tasks to queue
[2025-11-19T21:58:29.815+0000] {logging_mixin.py:188} INFO - [2025-11-19T21:58:29.815+0000] {dagbag.py:538} INFO - Filling up the DagBag from /opt/airflow/dags/pipeline_dag.py
[2025-11-19T21:58:29.841+0000] {processor.py:840} INFO - DAG(s) 'full_ml_pipeline_v2' retrieved from /opt/airflow/dags/pipeline_dag.py
[2025-11-19T21:58:29.869+0000] {logging_mixin.py:188} INFO - [2025-11-19T21:58:29.868+0000] {dag.py:3036} INFO - Sync 1 DAGs
[2025-11-19T21:58:29.897+0000] {logging_mixin.py:188} INFO - [2025-11-19T21:58:29.896+0000] {dag.py:3823} INFO - Setting next_dagrun for full_ml_pipeline_v2 to 2025-11-19 00:00:00+00:00, run_after=2025-11-20 00:00:00+00:00
[2025-11-19T21:58:29.945+0000] {processor.py:183} INFO - Processing /opt/airflow/dags/pipeline_dag.py took 0.136 seconds
[2025-11-19T21:59:00.108+0000] {processor.py:161} INFO - Started process (PID=802) to work on /opt/airflow/dags/pipeline_dag.py
[2025-11-19T21:59:00.110+0000] {processor.py:830} INFO - Processing file /opt/airflow/dags/pipeline_dag.py for tasks to queue
[2025-11-19T21:59:00.111+0000] {logging_mixin.py:188} INFO - [2025-11-19T21:59:00.111+0000] {dagbag.py:538} INFO - Filling up the DagBag from /opt/airflow/dags/pipeline_dag.py
[2025-11-19T21:59:00.135+0000] {processor.py:840} INFO - DAG(s) 'full_ml_pipeline_v2' retrieved from /opt/airflow/dags/pipeline_dag.py
[2025-11-19T21:59:00.162+0000] {logging_mixin.py:188} INFO - [2025-11-19T21:59:00.162+0000] {dag.py:3036} INFO - Sync 1 DAGs
[2025-11-19T21:59:00.184+0000] {logging_mixin.py:188} INFO - [2025-11-19T21:59:00.184+0000] {dag.py:3823} INFO - Setting next_dagrun for full_ml_pipeline_v2 to 2025-11-19 00:00:00+00:00, run_after=2025-11-20 00:00:00+00:00
[2025-11-19T21:59:00.207+0000] {processor.py:183} INFO - Processing /opt/airflow/dags/pipeline_dag.py took 0.105 seconds
[2025-11-19T21:59:30.440+0000] {processor.py:161} INFO - Started process (PID=803) to work on /opt/airflow/dags/pipeline_dag.py
[2025-11-19T21:59:30.442+0000] {processor.py:830} INFO - Processing file /opt/airflow/dags/pipeline_dag.py for tasks to queue
[2025-11-19T21:59:30.443+0000] {logging_mixin.py:188} INFO - [2025-11-19T21:59:30.442+0000] {dagbag.py:538} INFO - Filling up the DagBag from /opt/airflow/dags/pipeline_dag.py
[2025-11-19T21:59:30.468+0000] {processor.py:840} INFO - DAG(s) 'full_ml_pipeline_v2' retrieved from /opt/airflow/dags/pipeline_dag.py
[2025-11-19T21:59:30.500+0000] {logging_mixin.py:188} INFO - [2025-11-19T21:59:30.499+0000] {dag.py:3036} INFO - Sync 1 DAGs
[2025-11-19T21:59:30.525+0000] {logging_mixin.py:188} INFO - [2025-11-19T21:59:30.525+0000] {dag.py:3823} INFO - Setting next_dagrun for full_ml_pipeline_v2 to 2025-11-19 00:00:00+00:00, run_after=2025-11-20 00:00:00+00:00
[2025-11-19T21:59:30.553+0000] {processor.py:183} INFO - Processing /opt/airflow/dags/pipeline_dag.py took 0.116 seconds
[2025-11-19T22:00:00.698+0000] {processor.py:161} INFO - Started process (PID=804) to work on /opt/airflow/dags/pipeline_dag.py
[2025-11-19T22:00:00.699+0000] {processor.py:830} INFO - Processing file /opt/airflow/dags/pipeline_dag.py for tasks to queue
[2025-11-19T22:00:00.701+0000] {logging_mixin.py:188} INFO - [2025-11-19T22:00:00.700+0000] {dagbag.py:538} INFO - Filling up the DagBag from /opt/airflow/dags/pipeline_dag.py
[2025-11-19T22:00:00.729+0000] {processor.py:840} INFO - DAG(s) 'full_ml_pipeline_v2' retrieved from /opt/airflow/dags/pipeline_dag.py
[2025-11-19T22:00:00.829+0000] {logging_mixin.py:188} INFO - [2025-11-19T22:00:00.829+0000] {dag.py:3036} INFO - Sync 1 DAGs
[2025-11-19T22:00:00.866+0000] {logging_mixin.py:188} INFO - [2025-11-19T22:00:00.866+0000] {dag.py:3823} INFO - Setting next_dagrun for full_ml_pipeline_v2 to 2025-11-19 00:00:00+00:00, run_after=2025-11-20 00:00:00+00:00
[2025-11-19T22:00:00.894+0000] {processor.py:183} INFO - Processing /opt/airflow/dags/pipeline_dag.py took 0.200 seconds
[2025-11-19T22:00:31.256+0000] {processor.py:161} INFO - Started process (PID=805) to work on /opt/airflow/dags/pipeline_dag.py
[2025-11-19T22:00:31.257+0000] {processor.py:830} INFO - Processing file /opt/airflow/dags/pipeline_dag.py for tasks to queue
[2025-11-19T22:00:31.258+0000] {logging_mixin.py:188} INFO - [2025-11-19T22:00:31.258+0000] {dagbag.py:538} INFO - Filling up the DagBag from /opt/airflow/dags/pipeline_dag.py
[2025-11-19T22:00:31.285+0000] {processor.py:840} INFO - DAG(s) 'full_ml_pipeline_v2' retrieved from /opt/airflow/dags/pipeline_dag.py
[2025-11-19T22:00:31.314+0000] {logging_mixin.py:188} INFO - [2025-11-19T22:00:31.314+0000] {dag.py:3036} INFO - Sync 1 DAGs
[2025-11-19T22:00:31.339+0000] {logging_mixin.py:188} INFO - [2025-11-19T22:00:31.338+0000] {dag.py:3823} INFO - Setting next_dagrun for full_ml_pipeline_v2 to 2025-11-19 00:00:00+00:00, run_after=2025-11-20 00:00:00+00:00
[2025-11-19T22:00:31.361+0000] {processor.py:183} INFO - Processing /opt/airflow/dags/pipeline_dag.py took 0.109 seconds
[2025-11-19T22:19:01.898+0000] {processor.py:161} INFO - Started process (PID=42) to work on /opt/airflow/dags/pipeline_dag.py
[2025-11-19T22:19:01.899+0000] {processor.py:830} INFO - Processing file /opt/airflow/dags/pipeline_dag.py for tasks to queue
[2025-11-19T22:19:01.901+0000] {logging_mixin.py:188} INFO - [2025-11-19T22:19:01.900+0000] {dagbag.py:538} INFO - Filling up the DagBag from /opt/airflow/dags/pipeline_dag.py
[2025-11-19T22:19:01.957+0000] {processor.py:840} INFO - DAG(s) 'full_ml_pipeline_v2' retrieved from /opt/airflow/dags/pipeline_dag.py
[2025-11-19T22:19:02.180+0000] {logging_mixin.py:188} INFO - [2025-11-19T22:19:02.180+0000] {dag.py:3036} INFO - Sync 1 DAGs
[2025-11-19T22:19:02.304+0000] {logging_mixin.py:188} INFO - [2025-11-19T22:19:02.303+0000] {dag.py:3823} INFO - Setting next_dagrun for full_ml_pipeline_v2 to 2025-11-19 00:00:00+00:00, run_after=2025-11-20 00:00:00+00:00
[2025-11-19T22:19:02.521+0000] {processor.py:183} INFO - Processing /opt/airflow/dags/pipeline_dag.py took 0.629 seconds
[2025-11-19T22:19:32.728+0000] {processor.py:161} INFO - Started process (PID=43) to work on /opt/airflow/dags/pipeline_dag.py
[2025-11-19T22:19:32.730+0000] {processor.py:830} INFO - Processing file /opt/airflow/dags/pipeline_dag.py for tasks to queue
[2025-11-19T22:19:32.731+0000] {logging_mixin.py:188} INFO - [2025-11-19T22:19:32.731+0000] {dagbag.py:538} INFO - Filling up the DagBag from /opt/airflow/dags/pipeline_dag.py
[2025-11-19T22:19:32.805+0000] {processor.py:840} INFO - DAG(s) 'full_ml_pipeline_v2' retrieved from /opt/airflow/dags/pipeline_dag.py
[2025-11-19T22:19:32.846+0000] {logging_mixin.py:188} INFO - [2025-11-19T22:19:32.846+0000] {dag.py:3036} INFO - Sync 1 DAGs
[2025-11-19T22:19:32.870+0000] {logging_mixin.py:188} INFO - [2025-11-19T22:19:32.870+0000] {dag.py:3823} INFO - Setting next_dagrun for full_ml_pipeline_v2 to 2025-11-19 00:00:00+00:00, run_after=2025-11-20 00:00:00+00:00
[2025-11-19T22:19:33.016+0000] {processor.py:183} INFO - Processing /opt/airflow/dags/pipeline_dag.py took 0.293 seconds
[2025-11-19T22:20:03.412+0000] {processor.py:161} INFO - Started process (PID=110) to work on /opt/airflow/dags/pipeline_dag.py
[2025-11-19T22:20:03.414+0000] {processor.py:830} INFO - Processing file /opt/airflow/dags/pipeline_dag.py for tasks to queue
[2025-11-19T22:20:03.415+0000] {logging_mixin.py:188} INFO - [2025-11-19T22:20:03.415+0000] {dagbag.py:538} INFO - Filling up the DagBag from /opt/airflow/dags/pipeline_dag.py
[2025-11-19T22:20:03.444+0000] {processor.py:840} INFO - DAG(s) 'full_ml_pipeline_v2' retrieved from /opt/airflow/dags/pipeline_dag.py
[2025-11-19T22:20:03.480+0000] {logging_mixin.py:188} INFO - [2025-11-19T22:20:03.479+0000] {dag.py:3036} INFO - Sync 1 DAGs
[2025-11-19T22:20:03.506+0000] {logging_mixin.py:188} INFO - [2025-11-19T22:20:03.506+0000] {dag.py:3823} INFO - Setting next_dagrun for full_ml_pipeline_v2 to 2025-11-19 00:00:00+00:00, run_after=2025-11-20 00:00:00+00:00
[2025-11-19T22:20:03.531+0000] {processor.py:183} INFO - Processing /opt/airflow/dags/pipeline_dag.py took 0.124 seconds
[2025-11-19T22:20:33.708+0000] {processor.py:161} INFO - Started process (PID=223) to work on /opt/airflow/dags/pipeline_dag.py
[2025-11-19T22:20:33.711+0000] {processor.py:830} INFO - Processing file /opt/airflow/dags/pipeline_dag.py for tasks to queue
[2025-11-19T22:20:33.714+0000] {logging_mixin.py:188} INFO - [2025-11-19T22:20:33.714+0000] {dagbag.py:538} INFO - Filling up the DagBag from /opt/airflow/dags/pipeline_dag.py
[2025-11-19T22:20:33.855+0000] {processor.py:840} INFO - DAG(s) 'full_ml_pipeline_v2' retrieved from /opt/airflow/dags/pipeline_dag.py
[2025-11-19T22:20:33.900+0000] {logging_mixin.py:188} INFO - [2025-11-19T22:20:33.900+0000] {dag.py:3036} INFO - Sync 1 DAGs
[2025-11-19T22:20:33.934+0000] {logging_mixin.py:188} INFO - [2025-11-19T22:20:33.933+0000] {dag.py:3823} INFO - Setting next_dagrun for full_ml_pipeline_v2 to 2025-11-19 00:00:00+00:00, run_after=2025-11-20 00:00:00+00:00
[2025-11-19T22:20:33.982+0000] {processor.py:183} INFO - Processing /opt/airflow/dags/pipeline_dag.py took 0.280 seconds
[2025-11-19T22:21:04.277+0000] {processor.py:161} INFO - Started process (PID=224) to work on /opt/airflow/dags/pipeline_dag.py
[2025-11-19T22:21:04.279+0000] {processor.py:830} INFO - Processing file /opt/airflow/dags/pipeline_dag.py for tasks to queue
[2025-11-19T22:21:04.280+0000] {logging_mixin.py:188} INFO - [2025-11-19T22:21:04.280+0000] {dagbag.py:538} INFO - Filling up the DagBag from /opt/airflow/dags/pipeline_dag.py
[2025-11-19T22:21:04.313+0000] {processor.py:840} INFO - DAG(s) 'full_ml_pipeline_v2' retrieved from /opt/airflow/dags/pipeline_dag.py
[2025-11-19T22:21:04.352+0000] {logging_mixin.py:188} INFO - [2025-11-19T22:21:04.351+0000] {dag.py:3036} INFO - Sync 1 DAGs
[2025-11-19T22:21:04.386+0000] {logging_mixin.py:188} INFO - [2025-11-19T22:21:04.386+0000] {dag.py:3823} INFO - Setting next_dagrun for full_ml_pipeline_v2 to 2025-11-19 00:00:00+00:00, run_after=2025-11-20 00:00:00+00:00
[2025-11-19T22:21:04.422+0000] {processor.py:183} INFO - Processing /opt/airflow/dags/pipeline_dag.py took 0.150 seconds
[2025-11-19T22:21:34.797+0000] {processor.py:161} INFO - Started process (PID=225) to work on /opt/airflow/dags/pipeline_dag.py
[2025-11-19T22:21:34.799+0000] {processor.py:830} INFO - Processing file /opt/airflow/dags/pipeline_dag.py for tasks to queue
[2025-11-19T22:21:34.801+0000] {logging_mixin.py:188} INFO - [2025-11-19T22:21:34.801+0000] {dagbag.py:538} INFO - Filling up the DagBag from /opt/airflow/dags/pipeline_dag.py
[2025-11-19T22:21:34.918+0000] {processor.py:840} INFO - DAG(s) 'full_ml_pipeline_v2' retrieved from /opt/airflow/dags/pipeline_dag.py
[2025-11-19T22:21:34.973+0000] {logging_mixin.py:188} INFO - [2025-11-19T22:21:34.973+0000] {dag.py:3036} INFO - Sync 1 DAGs
[2025-11-19T22:21:35.020+0000] {logging_mixin.py:188} INFO - [2025-11-19T22:21:35.020+0000] {dag.py:3823} INFO - Setting next_dagrun for full_ml_pipeline_v2 to 2025-11-19 00:00:00+00:00, run_after=2025-11-20 00:00:00+00:00
[2025-11-19T22:21:35.061+0000] {processor.py:183} INFO - Processing /opt/airflow/dags/pipeline_dag.py took 0.268 seconds
[2025-11-19T22:22:05.154+0000] {processor.py:161} INFO - Started process (PID=226) to work on /opt/airflow/dags/pipeline_dag.py
[2025-11-19T22:22:05.161+0000] {processor.py:830} INFO - Processing file /opt/airflow/dags/pipeline_dag.py for tasks to queue
[2025-11-19T22:22:05.163+0000] {logging_mixin.py:188} INFO - [2025-11-19T22:22:05.163+0000] {dagbag.py:538} INFO - Filling up the DagBag from /opt/airflow/dags/pipeline_dag.py
[2025-11-19T22:22:05.208+0000] {processor.py:840} INFO - DAG(s) 'full_ml_pipeline_v2' retrieved from /opt/airflow/dags/pipeline_dag.py
[2025-11-19T22:22:05.259+0000] {logging_mixin.py:188} INFO - [2025-11-19T22:22:05.258+0000] {dag.py:3036} INFO - Sync 1 DAGs
[2025-11-19T22:22:05.298+0000] {logging_mixin.py:188} INFO - [2025-11-19T22:22:05.298+0000] {dag.py:3823} INFO - Setting next_dagrun for full_ml_pipeline_v2 to 2025-11-19 00:00:00+00:00, run_after=2025-11-20 00:00:00+00:00
[2025-11-19T22:22:05.352+0000] {processor.py:183} INFO - Processing /opt/airflow/dags/pipeline_dag.py took 0.205 seconds
[2025-11-19T22:22:35.757+0000] {processor.py:161} INFO - Started process (PID=227) to work on /opt/airflow/dags/pipeline_dag.py
[2025-11-19T22:22:35.762+0000] {processor.py:830} INFO - Processing file /opt/airflow/dags/pipeline_dag.py for tasks to queue
[2025-11-19T22:22:35.765+0000] {logging_mixin.py:188} INFO - [2025-11-19T22:22:35.765+0000] {dagbag.py:538} INFO - Filling up the DagBag from /opt/airflow/dags/pipeline_dag.py
[2025-11-19T22:22:35.862+0000] {processor.py:840} INFO - DAG(s) 'full_ml_pipeline_v2' retrieved from /opt/airflow/dags/pipeline_dag.py
[2025-11-19T22:22:35.928+0000] {logging_mixin.py:188} INFO - [2025-11-19T22:22:35.928+0000] {dag.py:3036} INFO - Sync 1 DAGs
[2025-11-19T22:22:35.977+0000] {logging_mixin.py:188} INFO - [2025-11-19T22:22:35.976+0000] {dag.py:3823} INFO - Setting next_dagrun for full_ml_pipeline_v2 to 2025-11-19 00:00:00+00:00, run_after=2025-11-20 00:00:00+00:00
[2025-11-19T22:22:36.041+0000] {processor.py:183} INFO - Processing /opt/airflow/dags/pipeline_dag.py took 0.294 seconds
[2025-11-19T22:23:06.314+0000] {processor.py:161} INFO - Started process (PID=254) to work on /opt/airflow/dags/pipeline_dag.py
[2025-11-19T22:23:06.316+0000] {processor.py:830} INFO - Processing file /opt/airflow/dags/pipeline_dag.py for tasks to queue
[2025-11-19T22:23:06.317+0000] {logging_mixin.py:188} INFO - [2025-11-19T22:23:06.317+0000] {dagbag.py:538} INFO - Filling up the DagBag from /opt/airflow/dags/pipeline_dag.py
[2025-11-19T22:23:06.346+0000] {processor.py:840} INFO - DAG(s) 'full_ml_pipeline_v2' retrieved from /opt/airflow/dags/pipeline_dag.py
[2025-11-19T22:23:06.379+0000] {logging_mixin.py:188} INFO - [2025-11-19T22:23:06.379+0000] {dag.py:3036} INFO - Sync 1 DAGs
[2025-11-19T22:23:06.405+0000] {logging_mixin.py:188} INFO - [2025-11-19T22:23:06.404+0000] {dag.py:3823} INFO - Setting next_dagrun for full_ml_pipeline_v2 to 2025-11-19 00:00:00+00:00, run_after=2025-11-20 00:00:00+00:00
[2025-11-19T22:23:06.429+0000] {processor.py:183} INFO - Processing /opt/airflow/dags/pipeline_dag.py took 0.119 seconds
[2025-11-19T22:23:36.603+0000] {processor.py:161} INFO - Started process (PID=255) to work on /opt/airflow/dags/pipeline_dag.py
[2025-11-19T22:23:36.604+0000] {processor.py:830} INFO - Processing file /opt/airflow/dags/pipeline_dag.py for tasks to queue
[2025-11-19T22:23:36.606+0000] {logging_mixin.py:188} INFO - [2025-11-19T22:23:36.605+0000] {dagbag.py:538} INFO - Filling up the DagBag from /opt/airflow/dags/pipeline_dag.py
[2025-11-19T22:23:36.630+0000] {processor.py:840} INFO - DAG(s) 'full_ml_pipeline_v2' retrieved from /opt/airflow/dags/pipeline_dag.py
[2025-11-19T22:23:36.658+0000] {logging_mixin.py:188} INFO - [2025-11-19T22:23:36.658+0000] {dag.py:3036} INFO - Sync 1 DAGs
[2025-11-19T22:23:36.680+0000] {logging_mixin.py:188} INFO - [2025-11-19T22:23:36.680+0000] {dag.py:3823} INFO - Setting next_dagrun for full_ml_pipeline_v2 to 2025-11-19 00:00:00+00:00, run_after=2025-11-20 00:00:00+00:00
[2025-11-19T22:23:36.706+0000] {processor.py:183} INFO - Processing /opt/airflow/dags/pipeline_dag.py took 0.108 seconds
[2025-11-19T22:24:07.099+0000] {processor.py:161} INFO - Started process (PID=256) to work on /opt/airflow/dags/pipeline_dag.py
[2025-11-19T22:24:07.101+0000] {processor.py:830} INFO - Processing file /opt/airflow/dags/pipeline_dag.py for tasks to queue
[2025-11-19T22:24:07.102+0000] {logging_mixin.py:188} INFO - [2025-11-19T22:24:07.102+0000] {dagbag.py:538} INFO - Filling up the DagBag from /opt/airflow/dags/pipeline_dag.py
[2025-11-19T22:24:07.130+0000] {processor.py:840} INFO - DAG(s) 'full_ml_pipeline_v2' retrieved from /opt/airflow/dags/pipeline_dag.py
[2025-11-19T22:24:07.158+0000] {logging_mixin.py:188} INFO - [2025-11-19T22:24:07.158+0000] {dag.py:3036} INFO - Sync 1 DAGs
[2025-11-19T22:24:07.180+0000] {logging_mixin.py:188} INFO - [2025-11-19T22:24:07.180+0000] {dag.py:3823} INFO - Setting next_dagrun for full_ml_pipeline_v2 to 2025-11-19 00:00:00+00:00, run_after=2025-11-20 00:00:00+00:00
[2025-11-19T22:24:07.201+0000] {processor.py:183} INFO - Processing /opt/airflow/dags/pipeline_dag.py took 0.105 seconds
[2025-11-19T22:24:37.360+0000] {processor.py:161} INFO - Started process (PID=257) to work on /opt/airflow/dags/pipeline_dag.py
[2025-11-19T22:24:37.361+0000] {processor.py:830} INFO - Processing file /opt/airflow/dags/pipeline_dag.py for tasks to queue
[2025-11-19T22:24:37.363+0000] {logging_mixin.py:188} INFO - [2025-11-19T22:24:37.362+0000] {dagbag.py:538} INFO - Filling up the DagBag from /opt/airflow/dags/pipeline_dag.py
[2025-11-19T22:24:37.390+0000] {processor.py:840} INFO - DAG(s) 'full_ml_pipeline_v2' retrieved from /opt/airflow/dags/pipeline_dag.py
[2025-11-19T22:24:37.419+0000] {logging_mixin.py:188} INFO - [2025-11-19T22:24:37.419+0000] {dag.py:3036} INFO - Sync 1 DAGs
[2025-11-19T22:24:37.443+0000] {logging_mixin.py:188} INFO - [2025-11-19T22:24:37.443+0000] {dag.py:3823} INFO - Setting next_dagrun for full_ml_pipeline_v2 to 2025-11-19 00:00:00+00:00, run_after=2025-11-20 00:00:00+00:00
[2025-11-19T22:24:37.466+0000] {processor.py:183} INFO - Processing /opt/airflow/dags/pipeline_dag.py took 0.110 seconds
[2025-11-19T22:25:07.662+0000] {processor.py:161} INFO - Started process (PID=258) to work on /opt/airflow/dags/pipeline_dag.py
[2025-11-19T22:25:07.663+0000] {processor.py:830} INFO - Processing file /opt/airflow/dags/pipeline_dag.py for tasks to queue
[2025-11-19T22:25:07.664+0000] {logging_mixin.py:188} INFO - [2025-11-19T22:25:07.664+0000] {dagbag.py:538} INFO - Filling up the DagBag from /opt/airflow/dags/pipeline_dag.py
[2025-11-19T22:25:07.691+0000] {processor.py:840} INFO - DAG(s) 'full_ml_pipeline_v2' retrieved from /opt/airflow/dags/pipeline_dag.py
[2025-11-19T22:25:07.723+0000] {logging_mixin.py:188} INFO - [2025-11-19T22:25:07.723+0000] {dag.py:3036} INFO - Sync 1 DAGs
[2025-11-19T22:25:07.750+0000] {logging_mixin.py:188} INFO - [2025-11-19T22:25:07.750+0000] {dag.py:3823} INFO - Setting next_dagrun for full_ml_pipeline_v2 to 2025-11-19 00:00:00+00:00, run_after=2025-11-20 00:00:00+00:00
[2025-11-19T22:25:07.777+0000] {processor.py:183} INFO - Processing /opt/airflow/dags/pipeline_dag.py took 0.119 seconds
[2025-11-19T22:25:37.995+0000] {processor.py:161} INFO - Started process (PID=259) to work on /opt/airflow/dags/pipeline_dag.py
[2025-11-19T22:25:37.996+0000] {processor.py:830} INFO - Processing file /opt/airflow/dags/pipeline_dag.py for tasks to queue
[2025-11-19T22:25:37.997+0000] {logging_mixin.py:188} INFO - [2025-11-19T22:25:37.997+0000] {dagbag.py:538} INFO - Filling up the DagBag from /opt/airflow/dags/pipeline_dag.py
[2025-11-19T22:25:38.021+0000] {processor.py:840} INFO - DAG(s) 'full_ml_pipeline_v2' retrieved from /opt/airflow/dags/pipeline_dag.py
[2025-11-19T22:25:38.051+0000] {logging_mixin.py:188} INFO - [2025-11-19T22:25:38.050+0000] {dag.py:3036} INFO - Sync 1 DAGs
[2025-11-19T22:25:38.076+0000] {logging_mixin.py:188} INFO - [2025-11-19T22:25:38.076+0000] {dag.py:3823} INFO - Setting next_dagrun for full_ml_pipeline_v2 to 2025-11-19 00:00:00+00:00, run_after=2025-11-20 00:00:00+00:00
[2025-11-19T22:25:38.102+0000] {processor.py:183} INFO - Processing /opt/airflow/dags/pipeline_dag.py took 0.111 seconds
[2025-11-19T22:26:08.209+0000] {processor.py:161} INFO - Started process (PID=260) to work on /opt/airflow/dags/pipeline_dag.py
[2025-11-19T22:26:08.211+0000] {processor.py:830} INFO - Processing file /opt/airflow/dags/pipeline_dag.py for tasks to queue
[2025-11-19T22:26:08.212+0000] {logging_mixin.py:188} INFO - [2025-11-19T22:26:08.212+0000] {dagbag.py:538} INFO - Filling up the DagBag from /opt/airflow/dags/pipeline_dag.py
[2025-11-19T22:26:08.243+0000] {processor.py:840} INFO - DAG(s) 'full_ml_pipeline_v2' retrieved from /opt/airflow/dags/pipeline_dag.py
[2025-11-19T22:26:08.288+0000] {logging_mixin.py:188} INFO - [2025-11-19T22:26:08.287+0000] {dag.py:3036} INFO - Sync 1 DAGs
[2025-11-19T22:26:08.467+0000] {logging_mixin.py:188} INFO - [2025-11-19T22:26:08.465+0000] {dag.py:3823} INFO - Setting next_dagrun for full_ml_pipeline_v2 to 2025-11-19 00:00:00+00:00, run_after=2025-11-20 00:00:00+00:00
[2025-11-19T22:26:08.598+0000] {processor.py:183} INFO - Processing /opt/airflow/dags/pipeline_dag.py took 0.392 seconds
[2025-11-19T22:26:38.838+0000] {processor.py:161} INFO - Started process (PID=261) to work on /opt/airflow/dags/pipeline_dag.py
[2025-11-19T22:26:38.840+0000] {processor.py:830} INFO - Processing file /opt/airflow/dags/pipeline_dag.py for tasks to queue
[2025-11-19T22:26:38.841+0000] {logging_mixin.py:188} INFO - [2025-11-19T22:26:38.840+0000] {dagbag.py:538} INFO - Filling up the DagBag from /opt/airflow/dags/pipeline_dag.py
[2025-11-19T22:26:38.871+0000] {processor.py:840} INFO - DAG(s) 'full_ml_pipeline_v2' retrieved from /opt/airflow/dags/pipeline_dag.py
[2025-11-19T22:26:38.910+0000] {logging_mixin.py:188} INFO - [2025-11-19T22:26:38.909+0000] {dag.py:3036} INFO - Sync 1 DAGs
[2025-11-19T22:26:38.944+0000] {logging_mixin.py:188} INFO - [2025-11-19T22:26:38.944+0000] {dag.py:3823} INFO - Setting next_dagrun for full_ml_pipeline_v2 to 2025-11-19 00:00:00+00:00, run_after=2025-11-20 00:00:00+00:00
[2025-11-19T22:26:38.976+0000] {processor.py:183} INFO - Processing /opt/airflow/dags/pipeline_dag.py took 0.142 seconds
[2025-11-19T22:27:09.074+0000] {processor.py:161} INFO - Started process (PID=262) to work on /opt/airflow/dags/pipeline_dag.py
[2025-11-19T22:27:09.075+0000] {processor.py:830} INFO - Processing file /opt/airflow/dags/pipeline_dag.py for tasks to queue
[2025-11-19T22:27:09.077+0000] {logging_mixin.py:188} INFO - [2025-11-19T22:27:09.076+0000] {dagbag.py:538} INFO - Filling up the DagBag from /opt/airflow/dags/pipeline_dag.py
[2025-11-19T22:27:09.153+0000] {processor.py:840} INFO - DAG(s) 'full_ml_pipeline_v2' retrieved from /opt/airflow/dags/pipeline_dag.py
[2025-11-19T22:27:09.198+0000] {logging_mixin.py:188} INFO - [2025-11-19T22:27:09.197+0000] {dag.py:3036} INFO - Sync 1 DAGs
[2025-11-19T22:27:09.230+0000] {logging_mixin.py:188} INFO - [2025-11-19T22:27:09.230+0000] {dag.py:3823} INFO - Setting next_dagrun for full_ml_pipeline_v2 to 2025-11-19 00:00:00+00:00, run_after=2025-11-20 00:00:00+00:00
[2025-11-19T22:27:09.292+0000] {processor.py:183} INFO - Processing /opt/airflow/dags/pipeline_dag.py took 0.223 seconds
[2025-11-19T22:27:39.485+0000] {processor.py:161} INFO - Started process (PID=263) to work on /opt/airflow/dags/pipeline_dag.py
[2025-11-19T22:27:39.488+0000] {processor.py:830} INFO - Processing file /opt/airflow/dags/pipeline_dag.py for tasks to queue
[2025-11-19T22:27:39.489+0000] {logging_mixin.py:188} INFO - [2025-11-19T22:27:39.489+0000] {dagbag.py:538} INFO - Filling up the DagBag from /opt/airflow/dags/pipeline_dag.py
[2025-11-19T22:27:39.525+0000] {processor.py:840} INFO - DAG(s) 'full_ml_pipeline_v2' retrieved from /opt/airflow/dags/pipeline_dag.py
[2025-11-19T22:27:39.573+0000] {logging_mixin.py:188} INFO - [2025-11-19T22:27:39.573+0000] {dag.py:3036} INFO - Sync 1 DAGs
[2025-11-19T22:27:39.612+0000] {logging_mixin.py:188} INFO - [2025-11-19T22:27:39.612+0000] {dag.py:3823} INFO - Setting next_dagrun for full_ml_pipeline_v2 to 2025-11-19 00:00:00+00:00, run_after=2025-11-20 00:00:00+00:00
[2025-11-19T22:27:39.645+0000] {processor.py:183} INFO - Processing /opt/airflow/dags/pipeline_dag.py took 0.167 seconds
[2025-11-19T22:28:11.089+0000] {processor.py:161} INFO - Started process (PID=310) to work on /opt/airflow/dags/pipeline_dag.py
[2025-11-19T22:28:11.094+0000] {processor.py:830} INFO - Processing file /opt/airflow/dags/pipeline_dag.py for tasks to queue
[2025-11-19T22:28:11.137+0000] {logging_mixin.py:188} INFO - [2025-11-19T22:28:11.136+0000] {dagbag.py:538} INFO - Filling up the DagBag from /opt/airflow/dags/pipeline_dag.py
[2025-11-19T22:28:11.511+0000] {processor.py:840} INFO - DAG(s) 'full_ml_pipeline_v2' retrieved from /opt/airflow/dags/pipeline_dag.py
[2025-11-19T22:28:11.673+0000] {logging_mixin.py:188} INFO - [2025-11-19T22:28:11.672+0000] {dag.py:3036} INFO - Sync 1 DAGs
[2025-11-19T22:28:11.782+0000] {logging_mixin.py:188} INFO - [2025-11-19T22:28:11.782+0000] {dag.py:3823} INFO - Setting next_dagrun for full_ml_pipeline_v2 to 2025-11-19 00:00:00+00:00, run_after=2025-11-20 00:00:00+00:00
[2025-11-19T22:28:11.967+0000] {processor.py:183} INFO - Processing /opt/airflow/dags/pipeline_dag.py took 0.897 seconds
[2025-11-19T22:28:42.333+0000] {processor.py:161} INFO - Started process (PID=311) to work on /opt/airflow/dags/pipeline_dag.py
[2025-11-19T22:28:42.337+0000] {processor.py:830} INFO - Processing file /opt/airflow/dags/pipeline_dag.py for tasks to queue
[2025-11-19T22:28:42.339+0000] {logging_mixin.py:188} INFO - [2025-11-19T22:28:42.338+0000] {dagbag.py:538} INFO - Filling up the DagBag from /opt/airflow/dags/pipeline_dag.py
[2025-11-19T22:28:42.827+0000] {processor.py:840} INFO - DAG(s) 'full_ml_pipeline_v2' retrieved from /opt/airflow/dags/pipeline_dag.py
[2025-11-19T22:28:42.935+0000] {logging_mixin.py:188} INFO - [2025-11-19T22:28:42.935+0000] {dag.py:3036} INFO - Sync 1 DAGs
[2025-11-19T22:28:43.088+0000] {logging_mixin.py:188} INFO - [2025-11-19T22:28:43.088+0000] {dag.py:3823} INFO - Setting next_dagrun for full_ml_pipeline_v2 to 2025-11-19 00:00:00+00:00, run_after=2025-11-20 00:00:00+00:00
[2025-11-19T22:28:43.378+0000] {processor.py:183} INFO - Processing /opt/airflow/dags/pipeline_dag.py took 1.058 seconds
[2025-11-19T22:29:13.676+0000] {processor.py:161} INFO - Started process (PID=312) to work on /opt/airflow/dags/pipeline_dag.py
[2025-11-19T22:29:13.678+0000] {processor.py:830} INFO - Processing file /opt/airflow/dags/pipeline_dag.py for tasks to queue
[2025-11-19T22:29:13.680+0000] {logging_mixin.py:188} INFO - [2025-11-19T22:29:13.679+0000] {dagbag.py:538} INFO - Filling up the DagBag from /opt/airflow/dags/pipeline_dag.py
[2025-11-19T22:29:13.739+0000] {processor.py:840} INFO - DAG(s) 'full_ml_pipeline_v2' retrieved from /opt/airflow/dags/pipeline_dag.py
[2025-11-19T22:29:13.811+0000] {logging_mixin.py:188} INFO - [2025-11-19T22:29:13.810+0000] {dag.py:3036} INFO - Sync 1 DAGs
[2025-11-19T22:29:13.854+0000] {logging_mixin.py:188} INFO - [2025-11-19T22:29:13.854+0000] {dag.py:3823} INFO - Setting next_dagrun for full_ml_pipeline_v2 to 2025-11-19 00:00:00+00:00, run_after=2025-11-20 00:00:00+00:00
[2025-11-19T22:29:13.920+0000] {processor.py:183} INFO - Processing /opt/airflow/dags/pipeline_dag.py took 0.251 seconds
[2025-11-19T22:29:44.447+0000] {processor.py:161} INFO - Started process (PID=313) to work on /opt/airflow/dags/pipeline_dag.py
[2025-11-19T22:29:44.454+0000] {processor.py:830} INFO - Processing file /opt/airflow/dags/pipeline_dag.py for tasks to queue
[2025-11-19T22:29:44.458+0000] {logging_mixin.py:188} INFO - [2025-11-19T22:29:44.457+0000] {dagbag.py:538} INFO - Filling up the DagBag from /opt/airflow/dags/pipeline_dag.py
[2025-11-19T22:29:44.634+0000] {processor.py:840} INFO - DAG(s) 'full_ml_pipeline_v2' retrieved from /opt/airflow/dags/pipeline_dag.py
[2025-11-19T22:29:44.729+0000] {logging_mixin.py:188} INFO - [2025-11-19T22:29:44.729+0000] {dag.py:3036} INFO - Sync 1 DAGs
[2025-11-19T22:29:44.798+0000] {logging_mixin.py:188} INFO - [2025-11-19T22:29:44.798+0000] {dag.py:3823} INFO - Setting next_dagrun for full_ml_pipeline_v2 to 2025-11-19 00:00:00+00:00, run_after=2025-11-20 00:00:00+00:00
[2025-11-19T22:29:44.865+0000] {processor.py:183} INFO - Processing /opt/airflow/dags/pipeline_dag.py took 0.429 seconds
[2025-11-19T22:30:15.675+0000] {processor.py:161} INFO - Started process (PID=314) to work on /opt/airflow/dags/pipeline_dag.py
[2025-11-19T22:30:15.676+0000] {processor.py:830} INFO - Processing file /opt/airflow/dags/pipeline_dag.py for tasks to queue
[2025-11-19T22:30:15.678+0000] {logging_mixin.py:188} INFO - [2025-11-19T22:30:15.678+0000] {dagbag.py:538} INFO - Filling up the DagBag from /opt/airflow/dags/pipeline_dag.py
[2025-11-19T22:30:15.719+0000] {processor.py:840} INFO - DAG(s) 'full_ml_pipeline_v2' retrieved from /opt/airflow/dags/pipeline_dag.py
[2025-11-19T22:30:15.769+0000] {logging_mixin.py:188} INFO - [2025-11-19T22:30:15.769+0000] {dag.py:3036} INFO - Sync 1 DAGs
[2025-11-19T22:30:15.816+0000] {logging_mixin.py:188} INFO - [2025-11-19T22:30:15.816+0000] {dag.py:3823} INFO - Setting next_dagrun for full_ml_pipeline_v2 to 2025-11-19 00:00:00+00:00, run_after=2025-11-20 00:00:00+00:00
[2025-11-19T22:30:15.857+0000] {processor.py:183} INFO - Processing /opt/airflow/dags/pipeline_dag.py took 0.187 seconds
[2025-11-19T22:30:46.440+0000] {processor.py:161} INFO - Started process (PID=315) to work on /opt/airflow/dags/pipeline_dag.py
[2025-11-19T22:30:46.448+0000] {processor.py:830} INFO - Processing file /opt/airflow/dags/pipeline_dag.py for tasks to queue
[2025-11-19T22:30:46.458+0000] {logging_mixin.py:188} INFO - [2025-11-19T22:30:46.458+0000] {dagbag.py:538} INFO - Filling up the DagBag from /opt/airflow/dags/pipeline_dag.py
[2025-11-19T22:30:46.639+0000] {processor.py:840} INFO - DAG(s) 'full_ml_pipeline_v2' retrieved from /opt/airflow/dags/pipeline_dag.py
[2025-11-19T22:30:46.734+0000] {logging_mixin.py:188} INFO - [2025-11-19T22:30:46.733+0000] {dag.py:3036} INFO - Sync 1 DAGs
[2025-11-19T22:30:46.825+0000] {logging_mixin.py:188} INFO - [2025-11-19T22:30:46.824+0000] {dag.py:3823} INFO - Setting next_dagrun for full_ml_pipeline_v2 to 2025-11-19 00:00:00+00:00, run_after=2025-11-20 00:00:00+00:00
[2025-11-19T22:30:46.897+0000] {processor.py:183} INFO - Processing /opt/airflow/dags/pipeline_dag.py took 0.467 seconds
[2025-11-19T22:31:17.415+0000] {processor.py:161} INFO - Started process (PID=316) to work on /opt/airflow/dags/pipeline_dag.py
[2025-11-19T22:31:17.420+0000] {processor.py:830} INFO - Processing file /opt/airflow/dags/pipeline_dag.py for tasks to queue
[2025-11-19T22:31:17.425+0000] {logging_mixin.py:188} INFO - [2025-11-19T22:31:17.424+0000] {dagbag.py:538} INFO - Filling up the DagBag from /opt/airflow/dags/pipeline_dag.py
[2025-11-19T22:31:17.485+0000] {processor.py:840} INFO - DAG(s) 'full_ml_pipeline_v2' retrieved from /opt/airflow/dags/pipeline_dag.py
[2025-11-19T22:31:17.545+0000] {logging_mixin.py:188} INFO - [2025-11-19T22:31:17.544+0000] {dag.py:3036} INFO - Sync 1 DAGs
[2025-11-19T22:31:17.593+0000] {logging_mixin.py:188} INFO - [2025-11-19T22:31:17.592+0000] {dag.py:3823} INFO - Setting next_dagrun for full_ml_pipeline_v2 to 2025-11-19 00:00:00+00:00, run_after=2025-11-20 00:00:00+00:00
[2025-11-19T22:31:17.655+0000] {processor.py:183} INFO - Processing /opt/airflow/dags/pipeline_dag.py took 0.248 seconds
[2025-11-19T22:31:48.294+0000] {processor.py:161} INFO - Started process (PID=317) to work on /opt/airflow/dags/pipeline_dag.py
[2025-11-19T22:31:48.298+0000] {processor.py:830} INFO - Processing file /opt/airflow/dags/pipeline_dag.py for tasks to queue
[2025-11-19T22:31:48.303+0000] {logging_mixin.py:188} INFO - [2025-11-19T22:31:48.300+0000] {dagbag.py:538} INFO - Filling up the DagBag from /opt/airflow/dags/pipeline_dag.py
[2025-11-19T22:31:48.543+0000] {processor.py:840} INFO - DAG(s) 'full_ml_pipeline_v2' retrieved from /opt/airflow/dags/pipeline_dag.py
[2025-11-19T22:31:48.674+0000] {logging_mixin.py:188} INFO - [2025-11-19T22:31:48.673+0000] {dag.py:3036} INFO - Sync 1 DAGs
[2025-11-19T22:31:48.833+0000] {logging_mixin.py:188} INFO - [2025-11-19T22:31:48.833+0000] {dag.py:3823} INFO - Setting next_dagrun for full_ml_pipeline_v2 to 2025-11-19 00:00:00+00:00, run_after=2025-11-20 00:00:00+00:00
[2025-11-19T22:31:48.997+0000] {processor.py:183} INFO - Processing /opt/airflow/dags/pipeline_dag.py took 0.708 seconds
[2025-11-19T22:32:19.800+0000] {processor.py:161} INFO - Started process (PID=318) to work on /opt/airflow/dags/pipeline_dag.py
[2025-11-19T22:32:19.803+0000] {processor.py:830} INFO - Processing file /opt/airflow/dags/pipeline_dag.py for tasks to queue
[2025-11-19T22:32:19.804+0000] {logging_mixin.py:188} INFO - [2025-11-19T22:32:19.804+0000] {dagbag.py:538} INFO - Filling up the DagBag from /opt/airflow/dags/pipeline_dag.py
[2025-11-19T22:32:19.903+0000] {processor.py:840} INFO - DAG(s) 'full_ml_pipeline_v2' retrieved from /opt/airflow/dags/pipeline_dag.py
[2025-11-19T22:32:19.990+0000] {logging_mixin.py:188} INFO - [2025-11-19T22:32:19.990+0000] {dag.py:3036} INFO - Sync 1 DAGs
[2025-11-19T22:32:20.060+0000] {logging_mixin.py:188} INFO - [2025-11-19T22:32:20.059+0000] {dag.py:3823} INFO - Setting next_dagrun for full_ml_pipeline_v2 to 2025-11-19 00:00:00+00:00, run_after=2025-11-20 00:00:00+00:00
[2025-11-19T22:32:20.127+0000] {processor.py:183} INFO - Processing /opt/airflow/dags/pipeline_dag.py took 0.338 seconds
[2025-11-19T22:32:50.722+0000] {processor.py:161} INFO - Started process (PID=319) to work on /opt/airflow/dags/pipeline_dag.py
[2025-11-19T22:32:50.726+0000] {processor.py:830} INFO - Processing file /opt/airflow/dags/pipeline_dag.py for tasks to queue
[2025-11-19T22:32:50.732+0000] {logging_mixin.py:188} INFO - [2025-11-19T22:32:50.731+0000] {dagbag.py:538} INFO - Filling up the DagBag from /opt/airflow/dags/pipeline_dag.py
[2025-11-19T22:32:50.807+0000] {processor.py:840} INFO - DAG(s) 'full_ml_pipeline_v2' retrieved from /opt/airflow/dags/pipeline_dag.py
[2025-11-19T22:32:50.867+0000] {logging_mixin.py:188} INFO - [2025-11-19T22:32:50.866+0000] {dag.py:3036} INFO - Sync 1 DAGs
[2025-11-19T22:32:50.911+0000] {logging_mixin.py:188} INFO - [2025-11-19T22:32:50.911+0000] {dag.py:3823} INFO - Setting next_dagrun for full_ml_pipeline_v2 to 2025-11-19 00:00:00+00:00, run_after=2025-11-20 00:00:00+00:00
[2025-11-19T22:32:51.596+0000] {processor.py:183} INFO - Processing /opt/airflow/dags/pipeline_dag.py took 0.881 seconds
[2025-11-19T22:33:22.083+0000] {processor.py:161} INFO - Started process (PID=320) to work on /opt/airflow/dags/pipeline_dag.py
[2025-11-19T22:33:22.087+0000] {processor.py:830} INFO - Processing file /opt/airflow/dags/pipeline_dag.py for tasks to queue
[2025-11-19T22:33:22.089+0000] {logging_mixin.py:188} INFO - [2025-11-19T22:33:22.089+0000] {dagbag.py:538} INFO - Filling up the DagBag from /opt/airflow/dags/pipeline_dag.py
[2025-11-19T22:33:22.152+0000] {processor.py:840} INFO - DAG(s) 'full_ml_pipeline_v2' retrieved from /opt/airflow/dags/pipeline_dag.py
[2025-11-19T22:33:22.198+0000] {logging_mixin.py:188} INFO - [2025-11-19T22:33:22.197+0000] {dag.py:3036} INFO - Sync 1 DAGs
[2025-11-19T22:33:22.236+0000] {logging_mixin.py:188} INFO - [2025-11-19T22:33:22.236+0000] {dag.py:3823} INFO - Setting next_dagrun for full_ml_pipeline_v2 to 2025-11-19 00:00:00+00:00, run_after=2025-11-20 00:00:00+00:00
[2025-11-19T22:33:22.552+0000] {processor.py:183} INFO - Processing /opt/airflow/dags/pipeline_dag.py took 0.477 seconds
[2025-11-19T22:33:52.945+0000] {processor.py:161} INFO - Started process (PID=321) to work on /opt/airflow/dags/pipeline_dag.py
[2025-11-19T22:33:52.947+0000] {processor.py:830} INFO - Processing file /opt/airflow/dags/pipeline_dag.py for tasks to queue
[2025-11-19T22:33:52.948+0000] {logging_mixin.py:188} INFO - [2025-11-19T22:33:52.948+0000] {dagbag.py:538} INFO - Filling up the DagBag from /opt/airflow/dags/pipeline_dag.py
[2025-11-19T22:33:52.997+0000] {processor.py:840} INFO - DAG(s) 'full_ml_pipeline_v2' retrieved from /opt/airflow/dags/pipeline_dag.py
[2025-11-19T22:33:53.037+0000] {logging_mixin.py:188} INFO - [2025-11-19T22:33:53.037+0000] {dag.py:3036} INFO - Sync 1 DAGs
[2025-11-19T22:33:53.073+0000] {logging_mixin.py:188} INFO - [2025-11-19T22:33:53.072+0000] {dag.py:3823} INFO - Setting next_dagrun for full_ml_pipeline_v2 to 2025-11-19 00:00:00+00:00, run_after=2025-11-20 00:00:00+00:00
[2025-11-19T22:33:53.113+0000] {processor.py:183} INFO - Processing /opt/airflow/dags/pipeline_dag.py took 0.173 seconds
[2025-11-19T22:34:23.374+0000] {processor.py:161} INFO - Started process (PID=322) to work on /opt/airflow/dags/pipeline_dag.py
[2025-11-19T22:34:23.376+0000] {processor.py:830} INFO - Processing file /opt/airflow/dags/pipeline_dag.py for tasks to queue
[2025-11-19T22:34:23.377+0000] {logging_mixin.py:188} INFO - [2025-11-19T22:34:23.376+0000] {dagbag.py:538} INFO - Filling up the DagBag from /opt/airflow/dags/pipeline_dag.py
[2025-11-19T22:34:23.417+0000] {processor.py:840} INFO - DAG(s) 'full_ml_pipeline_v2' retrieved from /opt/airflow/dags/pipeline_dag.py
[2025-11-19T22:34:23.476+0000] {logging_mixin.py:188} INFO - [2025-11-19T22:34:23.476+0000] {dag.py:3036} INFO - Sync 1 DAGs
[2025-11-19T22:34:23.515+0000] {logging_mixin.py:188} INFO - [2025-11-19T22:34:23.515+0000] {dag.py:3823} INFO - Setting next_dagrun for full_ml_pipeline_v2 to 2025-11-19 00:00:00+00:00, run_after=2025-11-20 00:00:00+00:00
[2025-11-19T22:34:23.562+0000] {processor.py:183} INFO - Processing /opt/airflow/dags/pipeline_dag.py took 0.193 seconds
[2025-11-19T22:34:53.723+0000] {processor.py:161} INFO - Started process (PID=349) to work on /opt/airflow/dags/pipeline_dag.py
[2025-11-19T22:34:53.725+0000] {processor.py:830} INFO - Processing file /opt/airflow/dags/pipeline_dag.py for tasks to queue
[2025-11-19T22:34:53.727+0000] {logging_mixin.py:188} INFO - [2025-11-19T22:34:53.726+0000] {dagbag.py:538} INFO - Filling up the DagBag from /opt/airflow/dags/pipeline_dag.py
[2025-11-19T22:34:53.757+0000] {processor.py:840} INFO - DAG(s) 'full_ml_pipeline_v2' retrieved from /opt/airflow/dags/pipeline_dag.py
[2025-11-19T22:34:53.798+0000] {logging_mixin.py:188} INFO - [2025-11-19T22:34:53.797+0000] {dag.py:3036} INFO - Sync 1 DAGs
[2025-11-19T22:34:53.836+0000] {logging_mixin.py:188} INFO - [2025-11-19T22:34:53.836+0000] {dag.py:3823} INFO - Setting next_dagrun for full_ml_pipeline_v2 to 2025-11-19 00:00:00+00:00, run_after=2025-11-20 00:00:00+00:00
[2025-11-19T22:34:53.882+0000] {processor.py:183} INFO - Processing /opt/airflow/dags/pipeline_dag.py took 0.165 seconds
[2025-11-19T22:35:24.031+0000] {processor.py:161} INFO - Started process (PID=350) to work on /opt/airflow/dags/pipeline_dag.py
[2025-11-19T22:35:24.033+0000] {processor.py:830} INFO - Processing file /opt/airflow/dags/pipeline_dag.py for tasks to queue
[2025-11-19T22:35:24.037+0000] {logging_mixin.py:188} INFO - [2025-11-19T22:35:24.036+0000] {dagbag.py:538} INFO - Filling up the DagBag from /opt/airflow/dags/pipeline_dag.py
[2025-11-19T22:35:24.100+0000] {processor.py:840} INFO - DAG(s) 'full_ml_pipeline_v2' retrieved from /opt/airflow/dags/pipeline_dag.py
[2025-11-19T22:35:24.162+0000] {logging_mixin.py:188} INFO - [2025-11-19T22:35:24.161+0000] {dag.py:3036} INFO - Sync 1 DAGs
[2025-11-19T22:35:24.211+0000] {logging_mixin.py:188} INFO - [2025-11-19T22:35:24.210+0000] {dag.py:3823} INFO - Setting next_dagrun for full_ml_pipeline_v2 to 2025-11-19 00:00:00+00:00, run_after=2025-11-20 00:00:00+00:00
[2025-11-19T22:35:24.245+0000] {processor.py:183} INFO - Processing /opt/airflow/dags/pipeline_dag.py took 0.225 seconds
[2025-11-19T22:35:54.581+0000] {processor.py:161} INFO - Started process (PID=351) to work on /opt/airflow/dags/pipeline_dag.py
[2025-11-19T22:35:54.589+0000] {processor.py:830} INFO - Processing file /opt/airflow/dags/pipeline_dag.py for tasks to queue
[2025-11-19T22:35:54.606+0000] {logging_mixin.py:188} INFO - [2025-11-19T22:35:54.605+0000] {dagbag.py:538} INFO - Filling up the DagBag from /opt/airflow/dags/pipeline_dag.py
[2025-11-19T22:35:54.675+0000] {processor.py:840} INFO - DAG(s) 'full_ml_pipeline_v2' retrieved from /opt/airflow/dags/pipeline_dag.py
[2025-11-19T22:35:54.745+0000] {logging_mixin.py:188} INFO - [2025-11-19T22:35:54.743+0000] {dag.py:3036} INFO - Sync 1 DAGs
[2025-11-19T22:35:54.802+0000] {logging_mixin.py:188} INFO - [2025-11-19T22:35:54.801+0000] {dag.py:3823} INFO - Setting next_dagrun for full_ml_pipeline_v2 to 2025-11-19 00:00:00+00:00, run_after=2025-11-20 00:00:00+00:00
[2025-11-19T22:35:54.975+0000] {processor.py:183} INFO - Processing /opt/airflow/dags/pipeline_dag.py took 0.403 seconds
[2025-11-19T22:36:25.531+0000] {processor.py:161} INFO - Started process (PID=352) to work on /opt/airflow/dags/pipeline_dag.py
[2025-11-19T22:36:25.582+0000] {processor.py:830} INFO - Processing file /opt/airflow/dags/pipeline_dag.py for tasks to queue
[2025-11-19T22:36:25.584+0000] {logging_mixin.py:188} INFO - [2025-11-19T22:36:25.583+0000] {dagbag.py:538} INFO - Filling up the DagBag from /opt/airflow/dags/pipeline_dag.py
[2025-11-19T22:36:25.935+0000] {processor.py:840} INFO - DAG(s) 'full_ml_pipeline_v2' retrieved from /opt/airflow/dags/pipeline_dag.py
[2025-11-19T22:36:26.013+0000] {logging_mixin.py:188} INFO - [2025-11-19T22:36:26.012+0000] {dag.py:3036} INFO - Sync 1 DAGs
[2025-11-19T22:36:26.122+0000] {logging_mixin.py:188} INFO - [2025-11-19T22:36:26.121+0000] {dag.py:3823} INFO - Setting next_dagrun for full_ml_pipeline_v2 to 2025-11-19 00:00:00+00:00, run_after=2025-11-20 00:00:00+00:00
[2025-11-19T22:36:26.216+0000] {processor.py:183} INFO - Processing /opt/airflow/dags/pipeline_dag.py took 0.692 seconds
[2025-11-19T22:36:56.804+0000] {processor.py:161} INFO - Started process (PID=353) to work on /opt/airflow/dags/pipeline_dag.py
[2025-11-19T22:36:56.806+0000] {processor.py:830} INFO - Processing file /opt/airflow/dags/pipeline_dag.py for tasks to queue
[2025-11-19T22:36:56.808+0000] {logging_mixin.py:188} INFO - [2025-11-19T22:36:56.807+0000] {dagbag.py:538} INFO - Filling up the DagBag from /opt/airflow/dags/pipeline_dag.py
[2025-11-19T22:36:56.847+0000] {processor.py:840} INFO - DAG(s) 'full_ml_pipeline_v2' retrieved from /opt/airflow/dags/pipeline_dag.py
[2025-11-19T22:36:56.901+0000] {logging_mixin.py:188} INFO - [2025-11-19T22:36:56.901+0000] {dag.py:3036} INFO - Sync 1 DAGs
[2025-11-19T22:36:56.934+0000] {logging_mixin.py:188} INFO - [2025-11-19T22:36:56.934+0000] {dag.py:3823} INFO - Setting next_dagrun for full_ml_pipeline_v2 to 2025-11-19 00:00:00+00:00, run_after=2025-11-20 00:00:00+00:00
[2025-11-19T22:36:56.973+0000] {processor.py:183} INFO - Processing /opt/airflow/dags/pipeline_dag.py took 0.173 seconds
[2025-11-19T22:37:27.058+0000] {processor.py:161} INFO - Started process (PID=354) to work on /opt/airflow/dags/pipeline_dag.py
[2025-11-19T22:37:27.060+0000] {processor.py:830} INFO - Processing file /opt/airflow/dags/pipeline_dag.py for tasks to queue
[2025-11-19T22:37:27.062+0000] {logging_mixin.py:188} INFO - [2025-11-19T22:37:27.061+0000] {dagbag.py:538} INFO - Filling up the DagBag from /opt/airflow/dags/pipeline_dag.py
[2025-11-19T22:37:27.099+0000] {processor.py:840} INFO - DAG(s) 'full_ml_pipeline_v2' retrieved from /opt/airflow/dags/pipeline_dag.py
[2025-11-19T22:37:27.147+0000] {logging_mixin.py:188} INFO - [2025-11-19T22:37:27.147+0000] {dag.py:3036} INFO - Sync 1 DAGs
[2025-11-19T22:37:27.180+0000] {logging_mixin.py:188} INFO - [2025-11-19T22:37:27.179+0000] {dag.py:3823} INFO - Setting next_dagrun for full_ml_pipeline_v2 to 2025-11-19 00:00:00+00:00, run_after=2025-11-20 00:00:00+00:00
[2025-11-19T22:37:27.213+0000] {processor.py:183} INFO - Processing /opt/airflow/dags/pipeline_dag.py took 0.161 seconds
[2025-11-19T22:37:57.389+0000] {processor.py:161} INFO - Started process (PID=355) to work on /opt/airflow/dags/pipeline_dag.py
[2025-11-19T22:37:57.390+0000] {processor.py:830} INFO - Processing file /opt/airflow/dags/pipeline_dag.py for tasks to queue
[2025-11-19T22:37:57.392+0000] {logging_mixin.py:188} INFO - [2025-11-19T22:37:57.391+0000] {dagbag.py:538} INFO - Filling up the DagBag from /opt/airflow/dags/pipeline_dag.py
[2025-11-19T22:37:57.423+0000] {processor.py:840} INFO - DAG(s) 'full_ml_pipeline_v2' retrieved from /opt/airflow/dags/pipeline_dag.py
[2025-11-19T22:37:57.458+0000] {logging_mixin.py:188} INFO - [2025-11-19T22:37:57.458+0000] {dag.py:3036} INFO - Sync 1 DAGs
[2025-11-19T22:37:57.487+0000] {logging_mixin.py:188} INFO - [2025-11-19T22:37:57.487+0000] {dag.py:3823} INFO - Setting next_dagrun for full_ml_pipeline_v2 to 2025-11-19 00:00:00+00:00, run_after=2025-11-20 00:00:00+00:00
[2025-11-19T22:37:57.530+0000] {processor.py:183} INFO - Processing /opt/airflow/dags/pipeline_dag.py took 0.147 seconds
[2025-11-19T22:38:27.745+0000] {processor.py:161} INFO - Started process (PID=356) to work on /opt/airflow/dags/pipeline_dag.py
[2025-11-19T22:38:27.747+0000] {processor.py:830} INFO - Processing file /opt/airflow/dags/pipeline_dag.py for tasks to queue
[2025-11-19T22:38:27.749+0000] {logging_mixin.py:188} INFO - [2025-11-19T22:38:27.748+0000] {dagbag.py:538} INFO - Filling up the DagBag from /opt/airflow/dags/pipeline_dag.py
[2025-11-19T22:38:27.927+0000] {processor.py:840} INFO - DAG(s) 'full_ml_pipeline_v2' retrieved from /opt/airflow/dags/pipeline_dag.py
[2025-11-19T22:38:27.963+0000] {logging_mixin.py:188} INFO - [2025-11-19T22:38:27.962+0000] {dag.py:3036} INFO - Sync 1 DAGs
[2025-11-19T22:38:28.017+0000] {logging_mixin.py:188} INFO - [2025-11-19T22:38:28.016+0000] {dag.py:3823} INFO - Setting next_dagrun for full_ml_pipeline_v2 to 2025-11-19 00:00:00+00:00, run_after=2025-11-20 00:00:00+00:00
[2025-11-19T22:38:28.056+0000] {processor.py:183} INFO - Processing /opt/airflow/dags/pipeline_dag.py took 0.315 seconds
[2025-11-19T22:38:58.467+0000] {processor.py:161} INFO - Started process (PID=357) to work on /opt/airflow/dags/pipeline_dag.py
[2025-11-19T22:38:58.469+0000] {processor.py:830} INFO - Processing file /opt/airflow/dags/pipeline_dag.py for tasks to queue
[2025-11-19T22:38:58.471+0000] {logging_mixin.py:188} INFO - [2025-11-19T22:38:58.470+0000] {dagbag.py:538} INFO - Filling up the DagBag from /opt/airflow/dags/pipeline_dag.py
[2025-11-19T22:38:58.510+0000] {processor.py:840} INFO - DAG(s) 'full_ml_pipeline_v2' retrieved from /opt/airflow/dags/pipeline_dag.py
[2025-11-19T22:38:58.561+0000] {logging_mixin.py:188} INFO - [2025-11-19T22:38:58.561+0000] {dag.py:3036} INFO - Sync 1 DAGs
[2025-11-19T22:38:58.639+0000] {logging_mixin.py:188} INFO - [2025-11-19T22:38:58.638+0000] {dag.py:3823} INFO - Setting next_dagrun for full_ml_pipeline_v2 to 2025-11-19 00:00:00+00:00, run_after=2025-11-20 00:00:00+00:00
[2025-11-19T22:38:58.742+0000] {processor.py:183} INFO - Processing /opt/airflow/dags/pipeline_dag.py took 0.283 seconds
[2025-11-19T22:39:29.001+0000] {processor.py:161} INFO - Started process (PID=358) to work on /opt/airflow/dags/pipeline_dag.py
[2025-11-19T22:39:29.003+0000] {processor.py:830} INFO - Processing file /opt/airflow/dags/pipeline_dag.py for tasks to queue
[2025-11-19T22:39:29.005+0000] {logging_mixin.py:188} INFO - [2025-11-19T22:39:29.004+0000] {dagbag.py:538} INFO - Filling up the DagBag from /opt/airflow/dags/pipeline_dag.py
[2025-11-19T22:39:29.041+0000] {processor.py:840} INFO - DAG(s) 'full_ml_pipeline_v2' retrieved from /opt/airflow/dags/pipeline_dag.py
[2025-11-19T22:39:29.083+0000] {logging_mixin.py:188} INFO - [2025-11-19T22:39:29.083+0000] {dag.py:3036} INFO - Sync 1 DAGs
[2025-11-19T22:39:29.121+0000] {logging_mixin.py:188} INFO - [2025-11-19T22:39:29.121+0000] {dag.py:3823} INFO - Setting next_dagrun for full_ml_pipeline_v2 to 2025-11-19 00:00:00+00:00, run_after=2025-11-20 00:00:00+00:00
[2025-11-19T22:39:29.353+0000] {processor.py:183} INFO - Processing /opt/airflow/dags/pipeline_dag.py took 0.357 seconds
[2025-11-19T22:39:59.583+0000] {processor.py:161} INFO - Started process (PID=359) to work on /opt/airflow/dags/pipeline_dag.py
[2025-11-19T22:39:59.585+0000] {processor.py:830} INFO - Processing file /opt/airflow/dags/pipeline_dag.py for tasks to queue
[2025-11-19T22:39:59.588+0000] {logging_mixin.py:188} INFO - [2025-11-19T22:39:59.587+0000] {dagbag.py:538} INFO - Filling up the DagBag from /opt/airflow/dags/pipeline_dag.py
[2025-11-19T22:39:59.625+0000] {processor.py:840} INFO - DAG(s) 'full_ml_pipeline_v2' retrieved from /opt/airflow/dags/pipeline_dag.py
[2025-11-19T22:39:59.673+0000] {logging_mixin.py:188} INFO - [2025-11-19T22:39:59.672+0000] {dag.py:3036} INFO - Sync 1 DAGs
[2025-11-19T22:39:59.719+0000] {logging_mixin.py:188} INFO - [2025-11-19T22:39:59.718+0000] {dag.py:3823} INFO - Setting next_dagrun for full_ml_pipeline_v2 to 2025-11-19 00:00:00+00:00, run_after=2025-11-20 00:00:00+00:00
[2025-11-19T22:39:59.820+0000] {processor.py:183} INFO - Processing /opt/airflow/dags/pipeline_dag.py took 0.242 seconds
[2025-11-19T22:40:30.036+0000] {processor.py:161} INFO - Started process (PID=360) to work on /opt/airflow/dags/pipeline_dag.py
[2025-11-19T22:40:30.037+0000] {processor.py:830} INFO - Processing file /opt/airflow/dags/pipeline_dag.py for tasks to queue
[2025-11-19T22:40:30.039+0000] {logging_mixin.py:188} INFO - [2025-11-19T22:40:30.038+0000] {dagbag.py:538} INFO - Filling up the DagBag from /opt/airflow/dags/pipeline_dag.py
[2025-11-19T22:40:30.074+0000] {processor.py:840} INFO - DAG(s) 'full_ml_pipeline_v2' retrieved from /opt/airflow/dags/pipeline_dag.py
[2025-11-19T22:40:30.113+0000] {logging_mixin.py:188} INFO - [2025-11-19T22:40:30.113+0000] {dag.py:3036} INFO - Sync 1 DAGs
[2025-11-19T22:40:30.144+0000] {logging_mixin.py:188} INFO - [2025-11-19T22:40:30.143+0000] {dag.py:3823} INFO - Setting next_dagrun for full_ml_pipeline_v2 to 2025-11-19 00:00:00+00:00, run_after=2025-11-20 00:00:00+00:00
[2025-11-19T22:40:30.307+0000] {processor.py:183} INFO - Processing /opt/airflow/dags/pipeline_dag.py took 0.280 seconds
[2025-11-19T22:41:00.541+0000] {processor.py:161} INFO - Started process (PID=361) to work on /opt/airflow/dags/pipeline_dag.py
[2025-11-19T22:41:00.543+0000] {processor.py:830} INFO - Processing file /opt/airflow/dags/pipeline_dag.py for tasks to queue
[2025-11-19T22:41:00.545+0000] {logging_mixin.py:188} INFO - [2025-11-19T22:41:00.544+0000] {dagbag.py:538} INFO - Filling up the DagBag from /opt/airflow/dags/pipeline_dag.py
[2025-11-19T22:41:00.584+0000] {processor.py:840} INFO - DAG(s) 'full_ml_pipeline_v2' retrieved from /opt/airflow/dags/pipeline_dag.py
[2025-11-19T22:41:00.634+0000] {logging_mixin.py:188} INFO - [2025-11-19T22:41:00.634+0000] {dag.py:3036} INFO - Sync 1 DAGs
[2025-11-19T22:41:00.677+0000] {logging_mixin.py:188} INFO - [2025-11-19T22:41:00.676+0000] {dag.py:3823} INFO - Setting next_dagrun for full_ml_pipeline_v2 to 2025-11-19 00:00:00+00:00, run_after=2025-11-20 00:00:00+00:00
[2025-11-19T22:41:00.876+0000] {processor.py:183} INFO - Processing /opt/airflow/dags/pipeline_dag.py took 0.340 seconds
[2025-11-19T22:41:31.116+0000] {processor.py:161} INFO - Started process (PID=362) to work on /opt/airflow/dags/pipeline_dag.py
[2025-11-19T22:41:31.119+0000] {processor.py:830} INFO - Processing file /opt/airflow/dags/pipeline_dag.py for tasks to queue
[2025-11-19T22:41:31.121+0000] {logging_mixin.py:188} INFO - [2025-11-19T22:41:31.120+0000] {dagbag.py:538} INFO - Filling up the DagBag from /opt/airflow/dags/pipeline_dag.py
[2025-11-19T22:41:31.198+0000] {processor.py:840} INFO - DAG(s) 'full_ml_pipeline_v2' retrieved from /opt/airflow/dags/pipeline_dag.py
[2025-11-19T22:41:31.332+0000] {logging_mixin.py:188} INFO - [2025-11-19T22:41:31.332+0000] {dag.py:3036} INFO - Sync 1 DAGs
[2025-11-19T22:41:31.412+0000] {logging_mixin.py:188} INFO - [2025-11-19T22:41:31.412+0000] {dag.py:3823} INFO - Setting next_dagrun for full_ml_pipeline_v2 to 2025-11-19 00:00:00+00:00, run_after=2025-11-20 00:00:00+00:00
[2025-11-19T22:41:31.453+0000] {processor.py:183} INFO - Processing /opt/airflow/dags/pipeline_dag.py took 0.343 seconds
[2025-11-19T22:42:02.584+0000] {processor.py:161} INFO - Started process (PID=363) to work on /opt/airflow/dags/pipeline_dag.py
[2025-11-19T22:42:02.585+0000] {processor.py:830} INFO - Processing file /opt/airflow/dags/pipeline_dag.py for tasks to queue
[2025-11-19T22:42:02.587+0000] {logging_mixin.py:188} INFO - [2025-11-19T22:42:02.587+0000] {dagbag.py:538} INFO - Filling up the DagBag from /opt/airflow/dags/pipeline_dag.py
[2025-11-19T22:42:02.635+0000] {processor.py:840} INFO - DAG(s) 'full_ml_pipeline_v2' retrieved from /opt/airflow/dags/pipeline_dag.py
[2025-11-19T22:42:02.978+0000] {logging_mixin.py:188} INFO - [2025-11-19T22:42:02.978+0000] {dag.py:3036} INFO - Sync 1 DAGs
[2025-11-19T22:42:03.098+0000] {logging_mixin.py:188} INFO - [2025-11-19T22:42:03.097+0000] {dag.py:3823} INFO - Setting next_dagrun for full_ml_pipeline_v2 to 2025-11-19 00:00:00+00:00, run_after=2025-11-20 00:00:00+00:00
[2025-11-19T22:42:03.327+0000] {processor.py:183} INFO - Processing /opt/airflow/dags/pipeline_dag.py took 0.748 seconds
[2025-11-19T22:42:34.457+0000] {processor.py:161} INFO - Started process (PID=364) to work on /opt/airflow/dags/pipeline_dag.py
[2025-11-19T22:42:34.458+0000] {processor.py:830} INFO - Processing file /opt/airflow/dags/pipeline_dag.py for tasks to queue
[2025-11-19T22:42:34.460+0000] {logging_mixin.py:188} INFO - [2025-11-19T22:42:34.460+0000] {dagbag.py:538} INFO - Filling up the DagBag from /opt/airflow/dags/pipeline_dag.py
[2025-11-19T22:42:34.492+0000] {processor.py:840} INFO - DAG(s) 'full_ml_pipeline_v2' retrieved from /opt/airflow/dags/pipeline_dag.py
[2025-11-19T22:42:34.535+0000] {logging_mixin.py:188} INFO - [2025-11-19T22:42:34.535+0000] {dag.py:3036} INFO - Sync 1 DAGs
[2025-11-19T22:42:34.566+0000] {logging_mixin.py:188} INFO - [2025-11-19T22:42:34.566+0000] {dag.py:3823} INFO - Setting next_dagrun for full_ml_pipeline_v2 to 2025-11-19 00:00:00+00:00, run_after=2025-11-20 00:00:00+00:00
[2025-11-19T22:42:34.597+0000] {processor.py:183} INFO - Processing /opt/airflow/dags/pipeline_dag.py took 0.145 seconds
[2025-11-19T22:43:04.681+0000] {processor.py:161} INFO - Started process (PID=365) to work on /opt/airflow/dags/pipeline_dag.py
[2025-11-19T22:43:04.682+0000] {processor.py:830} INFO - Processing file /opt/airflow/dags/pipeline_dag.py for tasks to queue
[2025-11-19T22:43:04.683+0000] {logging_mixin.py:188} INFO - [2025-11-19T22:43:04.683+0000] {dagbag.py:538} INFO - Filling up the DagBag from /opt/airflow/dags/pipeline_dag.py
[2025-11-19T22:43:04.711+0000] {processor.py:840} INFO - DAG(s) 'full_ml_pipeline_v2' retrieved from /opt/airflow/dags/pipeline_dag.py
[2025-11-19T22:43:04.742+0000] {logging_mixin.py:188} INFO - [2025-11-19T22:43:04.741+0000] {dag.py:3036} INFO - Sync 1 DAGs
[2025-11-19T22:43:04.766+0000] {logging_mixin.py:188} INFO - [2025-11-19T22:43:04.766+0000] {dag.py:3823} INFO - Setting next_dagrun for full_ml_pipeline_v2 to 2025-11-19 00:00:00+00:00, run_after=2025-11-20 00:00:00+00:00
[2025-11-19T22:43:04.789+0000] {processor.py:183} INFO - Processing /opt/airflow/dags/pipeline_dag.py took 0.112 seconds
[2025-11-19T22:43:35.019+0000] {processor.py:161} INFO - Started process (PID=366) to work on /opt/airflow/dags/pipeline_dag.py
[2025-11-19T22:43:35.021+0000] {processor.py:830} INFO - Processing file /opt/airflow/dags/pipeline_dag.py for tasks to queue
[2025-11-19T22:43:35.022+0000] {logging_mixin.py:188} INFO - [2025-11-19T22:43:35.021+0000] {dagbag.py:538} INFO - Filling up the DagBag from /opt/airflow/dags/pipeline_dag.py
[2025-11-19T22:43:35.048+0000] {processor.py:840} INFO - DAG(s) 'full_ml_pipeline_v2' retrieved from /opt/airflow/dags/pipeline_dag.py
[2025-11-19T22:43:35.076+0000] {logging_mixin.py:188} INFO - [2025-11-19T22:43:35.076+0000] {dag.py:3036} INFO - Sync 1 DAGs
[2025-11-19T22:43:35.097+0000] {logging_mixin.py:188} INFO - [2025-11-19T22:43:35.097+0000] {dag.py:3823} INFO - Setting next_dagrun for full_ml_pipeline_v2 to 2025-11-19 00:00:00+00:00, run_after=2025-11-20 00:00:00+00:00
[2025-11-19T22:43:35.120+0000] {processor.py:183} INFO - Processing /opt/airflow/dags/pipeline_dag.py took 0.104 seconds
[2025-11-19T22:44:05.266+0000] {processor.py:161} INFO - Started process (PID=367) to work on /opt/airflow/dags/pipeline_dag.py
[2025-11-19T22:44:05.268+0000] {processor.py:830} INFO - Processing file /opt/airflow/dags/pipeline_dag.py for tasks to queue
[2025-11-19T22:44:05.270+0000] {logging_mixin.py:188} INFO - [2025-11-19T22:44:05.270+0000] {dagbag.py:538} INFO - Filling up the DagBag from /opt/airflow/dags/pipeline_dag.py
[2025-11-19T22:44:05.309+0000] {processor.py:840} INFO - DAG(s) 'full_ml_pipeline_v2' retrieved from /opt/airflow/dags/pipeline_dag.py
[2025-11-19T22:44:05.342+0000] {logging_mixin.py:188} INFO - [2025-11-19T22:44:05.342+0000] {dag.py:3036} INFO - Sync 1 DAGs
[2025-11-19T22:44:05.374+0000] {logging_mixin.py:188} INFO - [2025-11-19T22:44:05.374+0000] {dag.py:3823} INFO - Setting next_dagrun for full_ml_pipeline_v2 to 2025-11-19 00:00:00+00:00, run_after=2025-11-20 00:00:00+00:00
[2025-11-19T22:44:05.399+0000] {processor.py:183} INFO - Processing /opt/airflow/dags/pipeline_dag.py took 0.137 seconds
[2025-11-19T22:44:35.638+0000] {processor.py:161} INFO - Started process (PID=368) to work on /opt/airflow/dags/pipeline_dag.py
[2025-11-19T22:44:35.640+0000] {processor.py:830} INFO - Processing file /opt/airflow/dags/pipeline_dag.py for tasks to queue
[2025-11-19T22:44:35.641+0000] {logging_mixin.py:188} INFO - [2025-11-19T22:44:35.640+0000] {dagbag.py:538} INFO - Filling up the DagBag from /opt/airflow/dags/pipeline_dag.py
[2025-11-19T22:44:35.666+0000] {processor.py:840} INFO - DAG(s) 'full_ml_pipeline_v2' retrieved from /opt/airflow/dags/pipeline_dag.py
[2025-11-19T22:44:35.695+0000] {logging_mixin.py:188} INFO - [2025-11-19T22:44:35.694+0000] {dag.py:3036} INFO - Sync 1 DAGs
[2025-11-19T22:44:35.719+0000] {logging_mixin.py:188} INFO - [2025-11-19T22:44:35.718+0000] {dag.py:3823} INFO - Setting next_dagrun for full_ml_pipeline_v2 to 2025-11-19 00:00:00+00:00, run_after=2025-11-20 00:00:00+00:00
[2025-11-19T22:44:35.741+0000] {processor.py:183} INFO - Processing /opt/airflow/dags/pipeline_dag.py took 0.106 seconds
[2025-11-19T22:45:05.858+0000] {processor.py:161} INFO - Started process (PID=369) to work on /opt/airflow/dags/pipeline_dag.py
[2025-11-19T22:45:05.859+0000] {processor.py:830} INFO - Processing file /opt/airflow/dags/pipeline_dag.py for tasks to queue
[2025-11-19T22:45:05.861+0000] {logging_mixin.py:188} INFO - [2025-11-19T22:45:05.860+0000] {dagbag.py:538} INFO - Filling up the DagBag from /opt/airflow/dags/pipeline_dag.py
[2025-11-19T22:45:05.891+0000] {processor.py:840} INFO - DAG(s) 'full_ml_pipeline_v2' retrieved from /opt/airflow/dags/pipeline_dag.py
[2025-11-19T22:45:05.921+0000] {logging_mixin.py:188} INFO - [2025-11-19T22:45:05.920+0000] {dag.py:3036} INFO - Sync 1 DAGs
[2025-11-19T22:45:05.945+0000] {logging_mixin.py:188} INFO - [2025-11-19T22:45:05.944+0000] {dag.py:3823} INFO - Setting next_dagrun for full_ml_pipeline_v2 to 2025-11-19 00:00:00+00:00, run_after=2025-11-20 00:00:00+00:00
[2025-11-19T22:45:05.970+0000] {processor.py:183} INFO - Processing /opt/airflow/dags/pipeline_dag.py took 0.117 seconds
[2025-11-19T22:45:36.110+0000] {processor.py:161} INFO - Started process (PID=370) to work on /opt/airflow/dags/pipeline_dag.py
[2025-11-19T22:45:36.112+0000] {processor.py:830} INFO - Processing file /opt/airflow/dags/pipeline_dag.py for tasks to queue
[2025-11-19T22:45:36.113+0000] {logging_mixin.py:188} INFO - [2025-11-19T22:45:36.112+0000] {dagbag.py:538} INFO - Filling up the DagBag from /opt/airflow/dags/pipeline_dag.py
[2025-11-19T22:45:36.141+0000] {processor.py:840} INFO - DAG(s) 'full_ml_pipeline_v2' retrieved from /opt/airflow/dags/pipeline_dag.py
[2025-11-19T22:45:36.171+0000] {logging_mixin.py:188} INFO - [2025-11-19T22:45:36.171+0000] {dag.py:3036} INFO - Sync 1 DAGs
[2025-11-19T22:45:36.196+0000] {logging_mixin.py:188} INFO - [2025-11-19T22:45:36.195+0000] {dag.py:3823} INFO - Setting next_dagrun for full_ml_pipeline_v2 to 2025-11-19 00:00:00+00:00, run_after=2025-11-20 00:00:00+00:00
[2025-11-19T22:45:36.221+0000] {processor.py:183} INFO - Processing /opt/airflow/dags/pipeline_dag.py took 0.115 seconds
[2025-11-19T22:46:06.332+0000] {processor.py:161} INFO - Started process (PID=371) to work on /opt/airflow/dags/pipeline_dag.py
[2025-11-19T22:46:06.333+0000] {processor.py:830} INFO - Processing file /opt/airflow/dags/pipeline_dag.py for tasks to queue
[2025-11-19T22:46:06.334+0000] {logging_mixin.py:188} INFO - [2025-11-19T22:46:06.334+0000] {dagbag.py:538} INFO - Filling up the DagBag from /opt/airflow/dags/pipeline_dag.py
[2025-11-19T22:46:06.363+0000] {processor.py:840} INFO - DAG(s) 'full_ml_pipeline_v2' retrieved from /opt/airflow/dags/pipeline_dag.py
[2025-11-19T22:46:06.405+0000] {logging_mixin.py:188} INFO - [2025-11-19T22:46:06.404+0000] {dag.py:3036} INFO - Sync 1 DAGs
[2025-11-19T22:46:06.428+0000] {logging_mixin.py:188} INFO - [2025-11-19T22:46:06.428+0000] {dag.py:3823} INFO - Setting next_dagrun for full_ml_pipeline_v2 to 2025-11-19 00:00:00+00:00, run_after=2025-11-20 00:00:00+00:00
[2025-11-19T22:46:06.452+0000] {processor.py:183} INFO - Processing /opt/airflow/dags/pipeline_dag.py took 0.125 seconds
[2025-11-19T22:46:36.667+0000] {processor.py:161} INFO - Started process (PID=372) to work on /opt/airflow/dags/pipeline_dag.py
[2025-11-19T22:46:36.669+0000] {processor.py:830} INFO - Processing file /opt/airflow/dags/pipeline_dag.py for tasks to queue
[2025-11-19T22:46:36.670+0000] {logging_mixin.py:188} INFO - [2025-11-19T22:46:36.669+0000] {dagbag.py:538} INFO - Filling up the DagBag from /opt/airflow/dags/pipeline_dag.py
[2025-11-19T22:46:36.696+0000] {processor.py:840} INFO - DAG(s) 'full_ml_pipeline_v2' retrieved from /opt/airflow/dags/pipeline_dag.py
[2025-11-19T22:46:36.727+0000] {logging_mixin.py:188} INFO - [2025-11-19T22:46:36.726+0000] {dag.py:3036} INFO - Sync 1 DAGs
[2025-11-19T22:46:36.753+0000] {logging_mixin.py:188} INFO - [2025-11-19T22:46:36.753+0000] {dag.py:3823} INFO - Setting next_dagrun for full_ml_pipeline_v2 to 2025-11-19 00:00:00+00:00, run_after=2025-11-20 00:00:00+00:00
[2025-11-19T22:46:36.780+0000] {processor.py:183} INFO - Processing /opt/airflow/dags/pipeline_dag.py took 0.116 seconds
[2025-11-19T22:47:06.873+0000] {processor.py:161} INFO - Started process (PID=373) to work on /opt/airflow/dags/pipeline_dag.py
[2025-11-19T22:47:06.874+0000] {processor.py:830} INFO - Processing file /opt/airflow/dags/pipeline_dag.py for tasks to queue
[2025-11-19T22:47:06.875+0000] {logging_mixin.py:188} INFO - [2025-11-19T22:47:06.875+0000] {dagbag.py:538} INFO - Filling up the DagBag from /opt/airflow/dags/pipeline_dag.py
[2025-11-19T22:47:06.901+0000] {processor.py:840} INFO - DAG(s) 'full_ml_pipeline_v2' retrieved from /opt/airflow/dags/pipeline_dag.py
[2025-11-19T22:47:06.928+0000] {logging_mixin.py:188} INFO - [2025-11-19T22:47:06.928+0000] {dag.py:3036} INFO - Sync 1 DAGs
[2025-11-19T22:47:06.952+0000] {logging_mixin.py:188} INFO - [2025-11-19T22:47:06.952+0000] {dag.py:3823} INFO - Setting next_dagrun for full_ml_pipeline_v2 to 2025-11-19 00:00:00+00:00, run_after=2025-11-20 00:00:00+00:00
[2025-11-19T22:47:06.974+0000] {processor.py:183} INFO - Processing /opt/airflow/dags/pipeline_dag.py took 0.105 seconds
[2025-11-19T22:47:37.158+0000] {processor.py:161} INFO - Started process (PID=374) to work on /opt/airflow/dags/pipeline_dag.py
[2025-11-19T22:47:37.159+0000] {processor.py:830} INFO - Processing file /opt/airflow/dags/pipeline_dag.py for tasks to queue
[2025-11-19T22:47:37.160+0000] {logging_mixin.py:188} INFO - [2025-11-19T22:47:37.160+0000] {dagbag.py:538} INFO - Filling up the DagBag from /opt/airflow/dags/pipeline_dag.py
[2025-11-19T22:47:37.186+0000] {processor.py:840} INFO - DAG(s) 'full_ml_pipeline_v2' retrieved from /opt/airflow/dags/pipeline_dag.py
[2025-11-19T22:47:37.214+0000] {logging_mixin.py:188} INFO - [2025-11-19T22:47:37.214+0000] {dag.py:3036} INFO - Sync 1 DAGs
[2025-11-19T22:47:37.238+0000] {logging_mixin.py:188} INFO - [2025-11-19T22:47:37.237+0000] {dag.py:3823} INFO - Setting next_dagrun for full_ml_pipeline_v2 to 2025-11-19 00:00:00+00:00, run_after=2025-11-20 00:00:00+00:00
[2025-11-19T22:47:37.262+0000] {processor.py:183} INFO - Processing /opt/airflow/dags/pipeline_dag.py took 0.107 seconds
[2025-11-19T22:48:07.391+0000] {processor.py:161} INFO - Started process (PID=375) to work on /opt/airflow/dags/pipeline_dag.py
[2025-11-19T22:48:07.392+0000] {processor.py:830} INFO - Processing file /opt/airflow/dags/pipeline_dag.py for tasks to queue
[2025-11-19T22:48:07.394+0000] {logging_mixin.py:188} INFO - [2025-11-19T22:48:07.393+0000] {dagbag.py:538} INFO - Filling up the DagBag from /opt/airflow/dags/pipeline_dag.py
[2025-11-19T22:48:07.425+0000] {processor.py:840} INFO - DAG(s) 'full_ml_pipeline_v2' retrieved from /opt/airflow/dags/pipeline_dag.py
[2025-11-19T22:48:07.457+0000] {logging_mixin.py:188} INFO - [2025-11-19T22:48:07.457+0000] {dag.py:3036} INFO - Sync 1 DAGs
[2025-11-19T22:48:07.485+0000] {logging_mixin.py:188} INFO - [2025-11-19T22:48:07.484+0000] {dag.py:3823} INFO - Setting next_dagrun for full_ml_pipeline_v2 to 2025-11-19 00:00:00+00:00, run_after=2025-11-20 00:00:00+00:00
[2025-11-19T22:48:07.510+0000] {processor.py:183} INFO - Processing /opt/airflow/dags/pipeline_dag.py took 0.123 seconds
[2025-11-19T22:48:37.664+0000] {processor.py:161} INFO - Started process (PID=376) to work on /opt/airflow/dags/pipeline_dag.py
[2025-11-19T22:48:37.665+0000] {processor.py:830} INFO - Processing file /opt/airflow/dags/pipeline_dag.py for tasks to queue
[2025-11-19T22:48:37.667+0000] {logging_mixin.py:188} INFO - [2025-11-19T22:48:37.666+0000] {dagbag.py:538} INFO - Filling up the DagBag from /opt/airflow/dags/pipeline_dag.py
[2025-11-19T22:48:37.696+0000] {processor.py:840} INFO - DAG(s) 'full_ml_pipeline_v2' retrieved from /opt/airflow/dags/pipeline_dag.py
[2025-11-19T22:48:37.729+0000] {logging_mixin.py:188} INFO - [2025-11-19T22:48:37.729+0000] {dag.py:3036} INFO - Sync 1 DAGs
[2025-11-19T22:48:37.757+0000] {logging_mixin.py:188} INFO - [2025-11-19T22:48:37.757+0000] {dag.py:3823} INFO - Setting next_dagrun for full_ml_pipeline_v2 to 2025-11-19 00:00:00+00:00, run_after=2025-11-20 00:00:00+00:00
[2025-11-19T22:48:37.786+0000] {processor.py:183} INFO - Processing /opt/airflow/dags/pipeline_dag.py took 0.126 seconds
[2025-11-19T22:49:07.972+0000] {processor.py:161} INFO - Started process (PID=377) to work on /opt/airflow/dags/pipeline_dag.py
[2025-11-19T22:49:07.974+0000] {processor.py:830} INFO - Processing file /opt/airflow/dags/pipeline_dag.py for tasks to queue
[2025-11-19T22:49:07.975+0000] {logging_mixin.py:188} INFO - [2025-11-19T22:49:07.974+0000] {dagbag.py:538} INFO - Filling up the DagBag from /opt/airflow/dags/pipeline_dag.py
[2025-11-19T22:49:08.004+0000] {processor.py:840} INFO - DAG(s) 'full_ml_pipeline_v2' retrieved from /opt/airflow/dags/pipeline_dag.py
[2025-11-19T22:49:08.039+0000] {logging_mixin.py:188} INFO - [2025-11-19T22:49:08.038+0000] {dag.py:3036} INFO - Sync 1 DAGs
[2025-11-19T22:49:08.063+0000] {logging_mixin.py:188} INFO - [2025-11-19T22:49:08.063+0000] {dag.py:3823} INFO - Setting next_dagrun for full_ml_pipeline_v2 to 2025-11-19 00:00:00+00:00, run_after=2025-11-20 00:00:00+00:00
[2025-11-19T22:49:08.088+0000] {processor.py:183} INFO - Processing /opt/airflow/dags/pipeline_dag.py took 0.120 seconds
[2025-11-19T22:49:38.191+0000] {processor.py:161} INFO - Started process (PID=378) to work on /opt/airflow/dags/pipeline_dag.py
[2025-11-19T22:49:38.192+0000] {processor.py:830} INFO - Processing file /opt/airflow/dags/pipeline_dag.py for tasks to queue
[2025-11-19T22:49:38.194+0000] {logging_mixin.py:188} INFO - [2025-11-19T22:49:38.193+0000] {dagbag.py:538} INFO - Filling up the DagBag from /opt/airflow/dags/pipeline_dag.py
[2025-11-19T22:49:38.226+0000] {processor.py:840} INFO - DAG(s) 'full_ml_pipeline_v2' retrieved from /opt/airflow/dags/pipeline_dag.py
[2025-11-19T22:49:38.267+0000] {logging_mixin.py:188} INFO - [2025-11-19T22:49:38.266+0000] {dag.py:3036} INFO - Sync 1 DAGs
[2025-11-19T22:49:38.298+0000] {logging_mixin.py:188} INFO - [2025-11-19T22:49:38.298+0000] {dag.py:3823} INFO - Setting next_dagrun for full_ml_pipeline_v2 to 2025-11-19 00:00:00+00:00, run_after=2025-11-20 00:00:00+00:00
[2025-11-19T22:49:38.327+0000] {processor.py:183} INFO - Processing /opt/airflow/dags/pipeline_dag.py took 0.140 seconds
[2025-11-19T22:50:08.519+0000] {processor.py:161} INFO - Started process (PID=379) to work on /opt/airflow/dags/pipeline_dag.py
[2025-11-19T22:50:08.520+0000] {processor.py:830} INFO - Processing file /opt/airflow/dags/pipeline_dag.py for tasks to queue
[2025-11-19T22:50:08.522+0000] {logging_mixin.py:188} INFO - [2025-11-19T22:50:08.521+0000] {dagbag.py:538} INFO - Filling up the DagBag from /opt/airflow/dags/pipeline_dag.py
[2025-11-19T22:50:08.551+0000] {processor.py:840} INFO - DAG(s) 'full_ml_pipeline_v2' retrieved from /opt/airflow/dags/pipeline_dag.py
[2025-11-19T22:50:08.582+0000] {logging_mixin.py:188} INFO - [2025-11-19T22:50:08.582+0000] {dag.py:3036} INFO - Sync 1 DAGs
[2025-11-19T22:50:08.605+0000] {logging_mixin.py:188} INFO - [2025-11-19T22:50:08.605+0000] {dag.py:3823} INFO - Setting next_dagrun for full_ml_pipeline_v2 to 2025-11-19 00:00:00+00:00, run_after=2025-11-20 00:00:00+00:00
[2025-11-19T22:50:08.629+0000] {processor.py:183} INFO - Processing /opt/airflow/dags/pipeline_dag.py took 0.114 seconds
[2025-11-19T22:50:38.757+0000] {processor.py:161} INFO - Started process (PID=380) to work on /opt/airflow/dags/pipeline_dag.py
[2025-11-19T22:50:38.759+0000] {processor.py:830} INFO - Processing file /opt/airflow/dags/pipeline_dag.py for tasks to queue
[2025-11-19T22:50:38.761+0000] {logging_mixin.py:188} INFO - [2025-11-19T22:50:38.760+0000] {dagbag.py:538} INFO - Filling up the DagBag from /opt/airflow/dags/pipeline_dag.py
[2025-11-19T22:50:38.792+0000] {processor.py:840} INFO - DAG(s) 'full_ml_pipeline_v2' retrieved from /opt/airflow/dags/pipeline_dag.py
[2025-11-19T22:50:38.823+0000] {logging_mixin.py:188} INFO - [2025-11-19T22:50:38.822+0000] {dag.py:3036} INFO - Sync 1 DAGs
[2025-11-19T22:50:38.845+0000] {logging_mixin.py:188} INFO - [2025-11-19T22:50:38.845+0000] {dag.py:3823} INFO - Setting next_dagrun for full_ml_pipeline_v2 to 2025-11-19 00:00:00+00:00, run_after=2025-11-20 00:00:00+00:00
[2025-11-19T22:50:38.866+0000] {processor.py:183} INFO - Processing /opt/airflow/dags/pipeline_dag.py took 0.114 seconds
[2025-11-19T22:51:09.060+0000] {processor.py:161} INFO - Started process (PID=381) to work on /opt/airflow/dags/pipeline_dag.py
[2025-11-19T22:51:09.061+0000] {processor.py:830} INFO - Processing file /opt/airflow/dags/pipeline_dag.py for tasks to queue
[2025-11-19T22:51:09.063+0000] {logging_mixin.py:188} INFO - [2025-11-19T22:51:09.062+0000] {dagbag.py:538} INFO - Filling up the DagBag from /opt/airflow/dags/pipeline_dag.py
[2025-11-19T22:51:09.091+0000] {processor.py:840} INFO - DAG(s) 'full_ml_pipeline_v2' retrieved from /opt/airflow/dags/pipeline_dag.py
[2025-11-19T22:51:09.119+0000] {logging_mixin.py:188} INFO - [2025-11-19T22:51:09.118+0000] {dag.py:3036} INFO - Sync 1 DAGs
[2025-11-19T22:51:09.141+0000] {logging_mixin.py:188} INFO - [2025-11-19T22:51:09.141+0000] {dag.py:3823} INFO - Setting next_dagrun for full_ml_pipeline_v2 to 2025-11-19 00:00:00+00:00, run_after=2025-11-20 00:00:00+00:00
[2025-11-19T22:51:09.163+0000] {processor.py:183} INFO - Processing /opt/airflow/dags/pipeline_dag.py took 0.107 seconds
[2025-11-19T22:51:39.373+0000] {processor.py:161} INFO - Started process (PID=382) to work on /opt/airflow/dags/pipeline_dag.py
[2025-11-19T22:51:39.374+0000] {processor.py:830} INFO - Processing file /opt/airflow/dags/pipeline_dag.py for tasks to queue
[2025-11-19T22:51:39.375+0000] {logging_mixin.py:188} INFO - [2025-11-19T22:51:39.375+0000] {dagbag.py:538} INFO - Filling up the DagBag from /opt/airflow/dags/pipeline_dag.py
[2025-11-19T22:51:39.400+0000] {processor.py:840} INFO - DAG(s) 'full_ml_pipeline_v2' retrieved from /opt/airflow/dags/pipeline_dag.py
[2025-11-19T22:51:39.431+0000] {logging_mixin.py:188} INFO - [2025-11-19T22:51:39.431+0000] {dag.py:3036} INFO - Sync 1 DAGs
[2025-11-19T22:51:39.454+0000] {logging_mixin.py:188} INFO - [2025-11-19T22:51:39.454+0000] {dag.py:3823} INFO - Setting next_dagrun for full_ml_pipeline_v2 to 2025-11-19 00:00:00+00:00, run_after=2025-11-20 00:00:00+00:00
[2025-11-19T22:51:39.479+0000] {processor.py:183} INFO - Processing /opt/airflow/dags/pipeline_dag.py took 0.111 seconds
[2025-11-19T22:52:09.691+0000] {processor.py:161} INFO - Started process (PID=383) to work on /opt/airflow/dags/pipeline_dag.py
[2025-11-19T22:52:09.694+0000] {processor.py:830} INFO - Processing file /opt/airflow/dags/pipeline_dag.py for tasks to queue
[2025-11-19T22:52:09.696+0000] {logging_mixin.py:188} INFO - [2025-11-19T22:52:09.696+0000] {dagbag.py:538} INFO - Filling up the DagBag from /opt/airflow/dags/pipeline_dag.py
[2025-11-19T22:52:09.729+0000] {processor.py:840} INFO - DAG(s) 'full_ml_pipeline_v2' retrieved from /opt/airflow/dags/pipeline_dag.py
[2025-11-19T22:52:09.756+0000] {logging_mixin.py:188} INFO - [2025-11-19T22:52:09.756+0000] {dag.py:3036} INFO - Sync 1 DAGs
[2025-11-19T22:52:09.777+0000] {logging_mixin.py:188} INFO - [2025-11-19T22:52:09.777+0000] {dag.py:3823} INFO - Setting next_dagrun for full_ml_pipeline_v2 to 2025-11-19 00:00:00+00:00, run_after=2025-11-20 00:00:00+00:00
[2025-11-19T22:52:09.799+0000] {processor.py:183} INFO - Processing /opt/airflow/dags/pipeline_dag.py took 0.114 seconds
[2025-11-19T22:52:39.894+0000] {processor.py:161} INFO - Started process (PID=384) to work on /opt/airflow/dags/pipeline_dag.py
[2025-11-19T22:52:39.895+0000] {processor.py:830} INFO - Processing file /opt/airflow/dags/pipeline_dag.py for tasks to queue
[2025-11-19T22:52:39.896+0000] {logging_mixin.py:188} INFO - [2025-11-19T22:52:39.896+0000] {dagbag.py:538} INFO - Filling up the DagBag from /opt/airflow/dags/pipeline_dag.py
[2025-11-19T22:52:39.922+0000] {processor.py:840} INFO - DAG(s) 'full_ml_pipeline_v2' retrieved from /opt/airflow/dags/pipeline_dag.py
[2025-11-19T22:52:39.951+0000] {logging_mixin.py:188} INFO - [2025-11-19T22:52:39.951+0000] {dag.py:3036} INFO - Sync 1 DAGs
[2025-11-19T22:52:39.974+0000] {logging_mixin.py:188} INFO - [2025-11-19T22:52:39.974+0000] {dag.py:3823} INFO - Setting next_dagrun for full_ml_pipeline_v2 to 2025-11-19 00:00:00+00:00, run_after=2025-11-20 00:00:00+00:00
[2025-11-19T22:52:39.998+0000] {processor.py:183} INFO - Processing /opt/airflow/dags/pipeline_dag.py took 0.108 seconds
[2025-11-19T22:53:10.174+0000] {processor.py:161} INFO - Started process (PID=385) to work on /opt/airflow/dags/pipeline_dag.py
[2025-11-19T22:53:10.175+0000] {processor.py:830} INFO - Processing file /opt/airflow/dags/pipeline_dag.py for tasks to queue
[2025-11-19T22:53:10.177+0000] {logging_mixin.py:188} INFO - [2025-11-19T22:53:10.176+0000] {dagbag.py:538} INFO - Filling up the DagBag from /opt/airflow/dags/pipeline_dag.py
[2025-11-19T22:53:10.208+0000] {processor.py:840} INFO - DAG(s) 'full_ml_pipeline_v2' retrieved from /opt/airflow/dags/pipeline_dag.py
[2025-11-19T22:53:10.247+0000] {logging_mixin.py:188} INFO - [2025-11-19T22:53:10.247+0000] {dag.py:3036} INFO - Sync 1 DAGs
[2025-11-19T22:53:10.283+0000] {logging_mixin.py:188} INFO - [2025-11-19T22:53:10.282+0000] {dag.py:3823} INFO - Setting next_dagrun for full_ml_pipeline_v2 to 2025-11-19 00:00:00+00:00, run_after=2025-11-20 00:00:00+00:00
[2025-11-19T22:53:10.316+0000] {processor.py:183} INFO - Processing /opt/airflow/dags/pipeline_dag.py took 0.145 seconds
[2025-11-19T22:53:40.393+0000] {processor.py:161} INFO - Started process (PID=386) to work on /opt/airflow/dags/pipeline_dag.py
[2025-11-19T22:53:40.395+0000] {processor.py:830} INFO - Processing file /opt/airflow/dags/pipeline_dag.py for tasks to queue
[2025-11-19T22:53:40.397+0000] {logging_mixin.py:188} INFO - [2025-11-19T22:53:40.396+0000] {dagbag.py:538} INFO - Filling up the DagBag from /opt/airflow/dags/pipeline_dag.py
[2025-11-19T22:53:40.435+0000] {processor.py:840} INFO - DAG(s) 'full_ml_pipeline_v2' retrieved from /opt/airflow/dags/pipeline_dag.py
[2025-11-19T22:53:40.472+0000] {logging_mixin.py:188} INFO - [2025-11-19T22:53:40.471+0000] {dag.py:3036} INFO - Sync 1 DAGs
[2025-11-19T22:53:40.498+0000] {logging_mixin.py:188} INFO - [2025-11-19T22:53:40.498+0000] {dag.py:3823} INFO - Setting next_dagrun for full_ml_pipeline_v2 to 2025-11-19 00:00:00+00:00, run_after=2025-11-20 00:00:00+00:00
[2025-11-19T22:53:40.520+0000] {processor.py:183} INFO - Processing /opt/airflow/dags/pipeline_dag.py took 0.134 seconds
[2025-11-19T22:54:10.750+0000] {processor.py:161} INFO - Started process (PID=387) to work on /opt/airflow/dags/pipeline_dag.py
[2025-11-19T22:54:10.752+0000] {processor.py:830} INFO - Processing file /opt/airflow/dags/pipeline_dag.py for tasks to queue
[2025-11-19T22:54:10.753+0000] {logging_mixin.py:188} INFO - [2025-11-19T22:54:10.753+0000] {dagbag.py:538} INFO - Filling up the DagBag from /opt/airflow/dags/pipeline_dag.py
[2025-11-19T22:54:10.786+0000] {processor.py:840} INFO - DAG(s) 'full_ml_pipeline_v2' retrieved from /opt/airflow/dags/pipeline_dag.py
[2025-11-19T22:54:10.817+0000] {logging_mixin.py:188} INFO - [2025-11-19T22:54:10.817+0000] {dag.py:3036} INFO - Sync 1 DAGs
[2025-11-19T22:54:10.842+0000] {logging_mixin.py:188} INFO - [2025-11-19T22:54:10.841+0000] {dag.py:3823} INFO - Setting next_dagrun for full_ml_pipeline_v2 to 2025-11-19 00:00:00+00:00, run_after=2025-11-20 00:00:00+00:00
[2025-11-19T22:54:10.868+0000] {processor.py:183} INFO - Processing /opt/airflow/dags/pipeline_dag.py took 0.123 seconds
[2025-11-19T22:54:40.997+0000] {processor.py:161} INFO - Started process (PID=388) to work on /opt/airflow/dags/pipeline_dag.py
[2025-11-19T22:54:40.998+0000] {processor.py:830} INFO - Processing file /opt/airflow/dags/pipeline_dag.py for tasks to queue
[2025-11-19T22:54:40.999+0000] {logging_mixin.py:188} INFO - [2025-11-19T22:54:40.999+0000] {dagbag.py:538} INFO - Filling up the DagBag from /opt/airflow/dags/pipeline_dag.py
[2025-11-19T22:54:41.026+0000] {processor.py:840} INFO - DAG(s) 'full_ml_pipeline_v2' retrieved from /opt/airflow/dags/pipeline_dag.py
[2025-11-19T22:54:41.055+0000] {logging_mixin.py:188} INFO - [2025-11-19T22:54:41.055+0000] {dag.py:3036} INFO - Sync 1 DAGs
[2025-11-19T22:54:41.078+0000] {logging_mixin.py:188} INFO - [2025-11-19T22:54:41.078+0000] {dag.py:3823} INFO - Setting next_dagrun for full_ml_pipeline_v2 to 2025-11-19 00:00:00+00:00, run_after=2025-11-20 00:00:00+00:00
[2025-11-19T22:54:41.101+0000] {processor.py:183} INFO - Processing /opt/airflow/dags/pipeline_dag.py took 0.109 seconds
[2025-11-19T22:55:11.334+0000] {processor.py:161} INFO - Started process (PID=389) to work on /opt/airflow/dags/pipeline_dag.py
[2025-11-19T22:55:11.337+0000] {processor.py:830} INFO - Processing file /opt/airflow/dags/pipeline_dag.py for tasks to queue
[2025-11-19T22:55:11.340+0000] {logging_mixin.py:188} INFO - [2025-11-19T22:55:11.339+0000] {dagbag.py:538} INFO - Filling up the DagBag from /opt/airflow/dags/pipeline_dag.py
[2025-11-19T22:55:11.374+0000] {processor.py:840} INFO - DAG(s) 'full_ml_pipeline_v2' retrieved from /opt/airflow/dags/pipeline_dag.py
[2025-11-19T22:55:11.403+0000] {logging_mixin.py:188} INFO - [2025-11-19T22:55:11.403+0000] {dag.py:3036} INFO - Sync 1 DAGs
[2025-11-19T22:55:11.427+0000] {logging_mixin.py:188} INFO - [2025-11-19T22:55:11.427+0000] {dag.py:3823} INFO - Setting next_dagrun for full_ml_pipeline_v2 to 2025-11-19 00:00:00+00:00, run_after=2025-11-20 00:00:00+00:00
[2025-11-19T22:55:11.451+0000] {processor.py:183} INFO - Processing /opt/airflow/dags/pipeline_dag.py took 0.121 seconds
[2025-11-19T22:55:41.626+0000] {processor.py:161} INFO - Started process (PID=390) to work on /opt/airflow/dags/pipeline_dag.py
[2025-11-19T22:55:41.627+0000] {processor.py:830} INFO - Processing file /opt/airflow/dags/pipeline_dag.py for tasks to queue
[2025-11-19T22:55:41.629+0000] {logging_mixin.py:188} INFO - [2025-11-19T22:55:41.628+0000] {dagbag.py:538} INFO - Filling up the DagBag from /opt/airflow/dags/pipeline_dag.py
[2025-11-19T22:55:41.663+0000] {processor.py:840} INFO - DAG(s) 'full_ml_pipeline_v2' retrieved from /opt/airflow/dags/pipeline_dag.py
[2025-11-19T22:55:41.694+0000] {logging_mixin.py:188} INFO - [2025-11-19T22:55:41.693+0000] {dag.py:3036} INFO - Sync 1 DAGs
[2025-11-19T22:55:41.719+0000] {logging_mixin.py:188} INFO - [2025-11-19T22:55:41.719+0000] {dag.py:3823} INFO - Setting next_dagrun for full_ml_pipeline_v2 to 2025-11-19 00:00:00+00:00, run_after=2025-11-20 00:00:00+00:00
[2025-11-19T22:55:41.743+0000] {processor.py:183} INFO - Processing /opt/airflow/dags/pipeline_dag.py took 0.122 seconds
[2025-11-19T22:56:11.925+0000] {processor.py:161} INFO - Started process (PID=391) to work on /opt/airflow/dags/pipeline_dag.py
[2025-11-19T22:56:11.927+0000] {processor.py:830} INFO - Processing file /opt/airflow/dags/pipeline_dag.py for tasks to queue
[2025-11-19T22:56:11.928+0000] {logging_mixin.py:188} INFO - [2025-11-19T22:56:11.928+0000] {dagbag.py:538} INFO - Filling up the DagBag from /opt/airflow/dags/pipeline_dag.py
[2025-11-19T22:56:11.962+0000] {processor.py:840} INFO - DAG(s) 'full_ml_pipeline_v2' retrieved from /opt/airflow/dags/pipeline_dag.py
[2025-11-19T22:56:11.999+0000] {logging_mixin.py:188} INFO - [2025-11-19T22:56:11.999+0000] {dag.py:3036} INFO - Sync 1 DAGs
[2025-11-19T22:56:12.031+0000] {logging_mixin.py:188} INFO - [2025-11-19T22:56:12.031+0000] {dag.py:3823} INFO - Setting next_dagrun for full_ml_pipeline_v2 to 2025-11-19 00:00:00+00:00, run_after=2025-11-20 00:00:00+00:00
[2025-11-19T22:56:12.063+0000] {processor.py:183} INFO - Processing /opt/airflow/dags/pipeline_dag.py took 0.143 seconds
[2025-11-19T22:56:42.210+0000] {processor.py:161} INFO - Started process (PID=392) to work on /opt/airflow/dags/pipeline_dag.py
[2025-11-19T22:56:42.212+0000] {processor.py:830} INFO - Processing file /opt/airflow/dags/pipeline_dag.py for tasks to queue
[2025-11-19T22:56:42.213+0000] {logging_mixin.py:188} INFO - [2025-11-19T22:56:42.213+0000] {dagbag.py:538} INFO - Filling up the DagBag from /opt/airflow/dags/pipeline_dag.py
[2025-11-19T22:56:42.252+0000] {processor.py:840} INFO - DAG(s) 'full_ml_pipeline_v2' retrieved from /opt/airflow/dags/pipeline_dag.py
[2025-11-19T22:56:42.296+0000] {logging_mixin.py:188} INFO - [2025-11-19T22:56:42.295+0000] {dag.py:3036} INFO - Sync 1 DAGs
[2025-11-19T22:56:42.343+0000] {logging_mixin.py:188} INFO - [2025-11-19T22:56:42.342+0000] {dag.py:3823} INFO - Setting next_dagrun for full_ml_pipeline_v2 to 2025-11-19 00:00:00+00:00, run_after=2025-11-20 00:00:00+00:00
[2025-11-19T22:56:42.377+0000] {processor.py:183} INFO - Processing /opt/airflow/dags/pipeline_dag.py took 0.172 seconds
[2025-11-19T22:57:12.489+0000] {processor.py:161} INFO - Started process (PID=393) to work on /opt/airflow/dags/pipeline_dag.py
[2025-11-19T22:57:12.491+0000] {processor.py:830} INFO - Processing file /opt/airflow/dags/pipeline_dag.py for tasks to queue
[2025-11-19T22:57:12.492+0000] {logging_mixin.py:188} INFO - [2025-11-19T22:57:12.492+0000] {dagbag.py:538} INFO - Filling up the DagBag from /opt/airflow/dags/pipeline_dag.py
[2025-11-19T22:57:12.524+0000] {processor.py:840} INFO - DAG(s) 'full_ml_pipeline_v2' retrieved from /opt/airflow/dags/pipeline_dag.py
[2025-11-19T22:57:12.566+0000] {logging_mixin.py:188} INFO - [2025-11-19T22:57:12.566+0000] {dag.py:3036} INFO - Sync 1 DAGs
[2025-11-19T22:57:12.596+0000] {logging_mixin.py:188} INFO - [2025-11-19T22:57:12.596+0000] {dag.py:3823} INFO - Setting next_dagrun for full_ml_pipeline_v2 to 2025-11-19 00:00:00+00:00, run_after=2025-11-20 00:00:00+00:00
[2025-11-19T22:57:12.621+0000] {processor.py:183} INFO - Processing /opt/airflow/dags/pipeline_dag.py took 0.136 seconds
[2025-11-19T22:57:42.669+0000] {processor.py:161} INFO - Started process (PID=394) to work on /opt/airflow/dags/pipeline_dag.py
[2025-11-19T22:57:42.670+0000] {processor.py:830} INFO - Processing file /opt/airflow/dags/pipeline_dag.py for tasks to queue
[2025-11-19T22:57:42.672+0000] {logging_mixin.py:188} INFO - [2025-11-19T22:57:42.671+0000] {dagbag.py:538} INFO - Filling up the DagBag from /opt/airflow/dags/pipeline_dag.py
[2025-11-19T22:57:42.700+0000] {processor.py:840} INFO - DAG(s) 'full_ml_pipeline_v2' retrieved from /opt/airflow/dags/pipeline_dag.py
[2025-11-19T22:57:42.733+0000] {logging_mixin.py:188} INFO - [2025-11-19T22:57:42.733+0000] {dag.py:3036} INFO - Sync 1 DAGs
[2025-11-19T22:57:42.759+0000] {logging_mixin.py:188} INFO - [2025-11-19T22:57:42.758+0000] {dag.py:3823} INFO - Setting next_dagrun for full_ml_pipeline_v2 to 2025-11-19 00:00:00+00:00, run_after=2025-11-20 00:00:00+00:00
[2025-11-19T22:57:42.787+0000] {processor.py:183} INFO - Processing /opt/airflow/dags/pipeline_dag.py took 0.122 seconds
[2025-11-19T22:58:13.059+0000] {processor.py:161} INFO - Started process (PID=395) to work on /opt/airflow/dags/pipeline_dag.py
[2025-11-19T22:58:13.061+0000] {processor.py:830} INFO - Processing file /opt/airflow/dags/pipeline_dag.py for tasks to queue
[2025-11-19T22:58:13.062+0000] {logging_mixin.py:188} INFO - [2025-11-19T22:58:13.061+0000] {dagbag.py:538} INFO - Filling up the DagBag from /opt/airflow/dags/pipeline_dag.py
[2025-11-19T22:58:13.090+0000] {processor.py:840} INFO - DAG(s) 'full_ml_pipeline_v2' retrieved from /opt/airflow/dags/pipeline_dag.py
[2025-11-19T22:58:13.119+0000] {logging_mixin.py:188} INFO - [2025-11-19T22:58:13.119+0000] {dag.py:3036} INFO - Sync 1 DAGs
[2025-11-19T22:58:13.145+0000] {logging_mixin.py:188} INFO - [2025-11-19T22:58:13.145+0000] {dag.py:3823} INFO - Setting next_dagrun for full_ml_pipeline_v2 to 2025-11-19 00:00:00+00:00, run_after=2025-11-20 00:00:00+00:00
[2025-11-19T22:58:13.168+0000] {processor.py:183} INFO - Processing /opt/airflow/dags/pipeline_dag.py took 0.113 seconds
[2025-11-19T22:58:43.256+0000] {processor.py:161} INFO - Started process (PID=396) to work on /opt/airflow/dags/pipeline_dag.py
[2025-11-19T22:58:43.257+0000] {processor.py:830} INFO - Processing file /opt/airflow/dags/pipeline_dag.py for tasks to queue
[2025-11-19T22:58:43.258+0000] {logging_mixin.py:188} INFO - [2025-11-19T22:58:43.258+0000] {dagbag.py:538} INFO - Filling up the DagBag from /opt/airflow/dags/pipeline_dag.py
[2025-11-19T22:58:43.290+0000] {processor.py:840} INFO - DAG(s) 'full_ml_pipeline_v2' retrieved from /opt/airflow/dags/pipeline_dag.py
[2025-11-19T22:58:43.322+0000] {logging_mixin.py:188} INFO - [2025-11-19T22:58:43.322+0000] {dag.py:3036} INFO - Sync 1 DAGs
[2025-11-19T22:58:43.349+0000] {logging_mixin.py:188} INFO - [2025-11-19T22:58:43.349+0000] {dag.py:3823} INFO - Setting next_dagrun for full_ml_pipeline_v2 to 2025-11-19 00:00:00+00:00, run_after=2025-11-20 00:00:00+00:00
[2025-11-19T22:58:43.377+0000] {processor.py:183} INFO - Processing /opt/airflow/dags/pipeline_dag.py took 0.127 seconds
[2025-11-19T22:59:13.589+0000] {processor.py:161} INFO - Started process (PID=397) to work on /opt/airflow/dags/pipeline_dag.py
[2025-11-19T22:59:13.591+0000] {processor.py:830} INFO - Processing file /opt/airflow/dags/pipeline_dag.py for tasks to queue
[2025-11-19T22:59:13.592+0000] {logging_mixin.py:188} INFO - [2025-11-19T22:59:13.591+0000] {dagbag.py:538} INFO - Filling up the DagBag from /opt/airflow/dags/pipeline_dag.py
[2025-11-19T22:59:13.621+0000] {processor.py:840} INFO - DAG(s) 'full_ml_pipeline_v2' retrieved from /opt/airflow/dags/pipeline_dag.py
[2025-11-19T22:59:13.660+0000] {logging_mixin.py:188} INFO - [2025-11-19T22:59:13.660+0000] {dag.py:3036} INFO - Sync 1 DAGs
[2025-11-19T22:59:13.692+0000] {logging_mixin.py:188} INFO - [2025-11-19T22:59:13.691+0000] {dag.py:3823} INFO - Setting next_dagrun for full_ml_pipeline_v2 to 2025-11-19 00:00:00+00:00, run_after=2025-11-20 00:00:00+00:00
[2025-11-19T22:59:13.724+0000] {processor.py:183} INFO - Processing /opt/airflow/dags/pipeline_dag.py took 0.140 seconds
[2025-11-19T22:59:43.865+0000] {processor.py:161} INFO - Started process (PID=444) to work on /opt/airflow/dags/pipeline_dag.py
[2025-11-19T22:59:43.872+0000] {processor.py:830} INFO - Processing file /opt/airflow/dags/pipeline_dag.py for tasks to queue
[2025-11-19T22:59:43.873+0000] {logging_mixin.py:188} INFO - [2025-11-19T22:59:43.873+0000] {dagbag.py:538} INFO - Filling up the DagBag from /opt/airflow/dags/pipeline_dag.py
[2025-11-19T22:59:43.922+0000] {processor.py:840} INFO - DAG(s) 'full_ml_pipeline_v2' retrieved from /opt/airflow/dags/pipeline_dag.py
[2025-11-19T22:59:43.972+0000] {logging_mixin.py:188} INFO - [2025-11-19T22:59:43.972+0000] {dag.py:3036} INFO - Sync 1 DAGs
[2025-11-19T22:59:44.014+0000] {logging_mixin.py:188} INFO - [2025-11-19T22:59:44.014+0000] {dag.py:3823} INFO - Setting next_dagrun for full_ml_pipeline_v2 to 2025-11-19 00:00:00+00:00, run_after=2025-11-20 00:00:00+00:00
[2025-11-19T22:59:44.072+0000] {processor.py:183} INFO - Processing /opt/airflow/dags/pipeline_dag.py took 0.212 seconds
[2025-11-19T23:00:14.504+0000] {processor.py:161} INFO - Started process (PID=445) to work on /opt/airflow/dags/pipeline_dag.py
[2025-11-19T23:00:14.508+0000] {processor.py:830} INFO - Processing file /opt/airflow/dags/pipeline_dag.py for tasks to queue
[2025-11-19T23:00:14.518+0000] {logging_mixin.py:188} INFO - [2025-11-19T23:00:14.514+0000] {dagbag.py:538} INFO - Filling up the DagBag from /opt/airflow/dags/pipeline_dag.py
[2025-11-19T23:00:14.632+0000] {processor.py:840} INFO - DAG(s) 'full_ml_pipeline_v2' retrieved from /opt/airflow/dags/pipeline_dag.py
[2025-11-19T23:00:14.685+0000] {logging_mixin.py:188} INFO - [2025-11-19T23:00:14.685+0000] {dag.py:3036} INFO - Sync 1 DAGs
[2025-11-19T23:00:14.729+0000] {logging_mixin.py:188} INFO - [2025-11-19T23:00:14.729+0000] {dag.py:3823} INFO - Setting next_dagrun for full_ml_pipeline_v2 to 2025-11-19 00:00:00+00:00, run_after=2025-11-20 00:00:00+00:00
[2025-11-19T23:00:14.764+0000] {processor.py:183} INFO - Processing /opt/airflow/dags/pipeline_dag.py took 0.264 seconds
[2025-11-19T23:00:44.922+0000] {processor.py:161} INFO - Started process (PID=446) to work on /opt/airflow/dags/pipeline_dag.py
[2025-11-19T23:00:44.924+0000] {processor.py:830} INFO - Processing file /opt/airflow/dags/pipeline_dag.py for tasks to queue
[2025-11-19T23:00:44.937+0000] {logging_mixin.py:188} INFO - [2025-11-19T23:00:44.936+0000] {dagbag.py:538} INFO - Filling up the DagBag from /opt/airflow/dags/pipeline_dag.py
[2025-11-19T23:00:44.981+0000] {processor.py:840} INFO - DAG(s) 'full_ml_pipeline_v2' retrieved from /opt/airflow/dags/pipeline_dag.py
[2025-11-19T23:00:45.034+0000] {logging_mixin.py:188} INFO - [2025-11-19T23:00:45.033+0000] {dag.py:3036} INFO - Sync 1 DAGs
[2025-11-19T23:00:45.069+0000] {logging_mixin.py:188} INFO - [2025-11-19T23:00:45.069+0000] {dag.py:3823} INFO - Setting next_dagrun for full_ml_pipeline_v2 to 2025-11-19 00:00:00+00:00, run_after=2025-11-20 00:00:00+00:00
[2025-11-19T23:00:45.124+0000] {processor.py:183} INFO - Processing /opt/airflow/dags/pipeline_dag.py took 0.207 seconds
[2025-11-19T23:01:15.578+0000] {processor.py:161} INFO - Started process (PID=447) to work on /opt/airflow/dags/pipeline_dag.py
[2025-11-19T23:01:15.586+0000] {processor.py:830} INFO - Processing file /opt/airflow/dags/pipeline_dag.py for tasks to queue
[2025-11-19T23:01:15.588+0000] {logging_mixin.py:188} INFO - [2025-11-19T23:01:15.587+0000] {dagbag.py:538} INFO - Filling up the DagBag from /opt/airflow/dags/pipeline_dag.py
[2025-11-19T23:01:15.629+0000] {processor.py:840} INFO - DAG(s) 'full_ml_pipeline_v2' retrieved from /opt/airflow/dags/pipeline_dag.py
[2025-11-19T23:01:15.668+0000] {logging_mixin.py:188} INFO - [2025-11-19T23:01:15.667+0000] {dag.py:3036} INFO - Sync 1 DAGs
[2025-11-19T23:01:15.703+0000] {logging_mixin.py:188} INFO - [2025-11-19T23:01:15.702+0000] {dag.py:3823} INFO - Setting next_dagrun for full_ml_pipeline_v2 to 2025-11-19 00:00:00+00:00, run_after=2025-11-20 00:00:00+00:00
[2025-11-19T23:01:15.780+0000] {processor.py:183} INFO - Processing /opt/airflow/dags/pipeline_dag.py took 0.205 seconds
[2025-11-19T23:01:46.061+0000] {processor.py:161} INFO - Started process (PID=448) to work on /opt/airflow/dags/pipeline_dag.py
[2025-11-19T23:01:46.063+0000] {processor.py:830} INFO - Processing file /opt/airflow/dags/pipeline_dag.py for tasks to queue
[2025-11-19T23:01:46.069+0000] {logging_mixin.py:188} INFO - [2025-11-19T23:01:46.068+0000] {dagbag.py:538} INFO - Filling up the DagBag from /opt/airflow/dags/pipeline_dag.py
[2025-11-19T23:01:46.117+0000] {processor.py:840} INFO - DAG(s) 'full_ml_pipeline_v2' retrieved from /opt/airflow/dags/pipeline_dag.py
[2025-11-19T23:01:46.171+0000] {logging_mixin.py:188} INFO - [2025-11-19T23:01:46.171+0000] {dag.py:3036} INFO - Sync 1 DAGs
[2025-11-19T23:01:46.214+0000] {logging_mixin.py:188} INFO - [2025-11-19T23:01:46.214+0000] {dag.py:3823} INFO - Setting next_dagrun for full_ml_pipeline_v2 to 2025-11-19 00:00:00+00:00, run_after=2025-11-20 00:00:00+00:00
[2025-11-19T23:01:46.365+0000] {processor.py:183} INFO - Processing /opt/airflow/dags/pipeline_dag.py took 0.311 seconds
[2025-11-19T23:02:16.700+0000] {processor.py:161} INFO - Started process (PID=449) to work on /opt/airflow/dags/pipeline_dag.py
[2025-11-19T23:02:16.702+0000] {processor.py:830} INFO - Processing file /opt/airflow/dags/pipeline_dag.py for tasks to queue
[2025-11-19T23:02:16.708+0000] {logging_mixin.py:188} INFO - [2025-11-19T23:02:16.707+0000] {dagbag.py:538} INFO - Filling up the DagBag from /opt/airflow/dags/pipeline_dag.py
[2025-11-19T23:02:16.749+0000] {processor.py:840} INFO - DAG(s) 'full_ml_pipeline_v2' retrieved from /opt/airflow/dags/pipeline_dag.py
[2025-11-19T23:02:16.792+0000] {logging_mixin.py:188} INFO - [2025-11-19T23:02:16.792+0000] {dag.py:3036} INFO - Sync 1 DAGs
[2025-11-19T23:02:16.826+0000] {logging_mixin.py:188} INFO - [2025-11-19T23:02:16.826+0000] {dag.py:3823} INFO - Setting next_dagrun for full_ml_pipeline_v2 to 2025-11-19 00:00:00+00:00, run_after=2025-11-20 00:00:00+00:00
[2025-11-19T23:02:16.865+0000] {processor.py:183} INFO - Processing /opt/airflow/dags/pipeline_dag.py took 0.170 seconds
[2025-11-19T23:02:47.412+0000] {processor.py:161} INFO - Started process (PID=450) to work on /opt/airflow/dags/pipeline_dag.py
[2025-11-19T23:02:47.414+0000] {processor.py:830} INFO - Processing file /opt/airflow/dags/pipeline_dag.py for tasks to queue
[2025-11-19T23:02:47.417+0000] {logging_mixin.py:188} INFO - [2025-11-19T23:02:47.416+0000] {dagbag.py:538} INFO - Filling up the DagBag from /opt/airflow/dags/pipeline_dag.py
[2025-11-19T23:02:47.522+0000] {processor.py:840} INFO - DAG(s) 'full_ml_pipeline_v2' retrieved from /opt/airflow/dags/pipeline_dag.py
[2025-11-19T23:02:47.570+0000] {logging_mixin.py:188} INFO - [2025-11-19T23:02:47.569+0000] {dag.py:3036} INFO - Sync 1 DAGs
[2025-11-19T23:02:47.614+0000] {logging_mixin.py:188} INFO - [2025-11-19T23:02:47.613+0000] {dag.py:3823} INFO - Setting next_dagrun for full_ml_pipeline_v2 to 2025-11-19 00:00:00+00:00, run_after=2025-11-20 00:00:00+00:00
[2025-11-19T23:02:47.675+0000] {processor.py:183} INFO - Processing /opt/airflow/dags/pipeline_dag.py took 0.275 seconds
[2025-11-19T23:03:17.764+0000] {processor.py:161} INFO - Started process (PID=451) to work on /opt/airflow/dags/pipeline_dag.py
[2025-11-19T23:03:17.766+0000] {processor.py:830} INFO - Processing file /opt/airflow/dags/pipeline_dag.py for tasks to queue
[2025-11-19T23:03:17.768+0000] {logging_mixin.py:188} INFO - [2025-11-19T23:03:17.767+0000] {dagbag.py:538} INFO - Filling up the DagBag from /opt/airflow/dags/pipeline_dag.py
[2025-11-19T23:03:17.816+0000] {processor.py:840} INFO - DAG(s) 'full_ml_pipeline_v2' retrieved from /opt/airflow/dags/pipeline_dag.py
[2025-11-19T23:03:17.879+0000] {logging_mixin.py:188} INFO - [2025-11-19T23:03:17.879+0000] {dag.py:3036} INFO - Sync 1 DAGs
[2025-11-19T23:03:17.933+0000] {logging_mixin.py:188} INFO - [2025-11-19T23:03:17.933+0000] {dag.py:3823} INFO - Setting next_dagrun for full_ml_pipeline_v2 to 2025-11-19 00:00:00+00:00, run_after=2025-11-20 00:00:00+00:00
[2025-11-19T23:03:17.989+0000] {processor.py:183} INFO - Processing /opt/airflow/dags/pipeline_dag.py took 0.230 seconds
[2025-11-19T23:03:48.298+0000] {processor.py:161} INFO - Started process (PID=478) to work on /opt/airflow/dags/pipeline_dag.py
[2025-11-19T23:03:48.300+0000] {processor.py:830} INFO - Processing file /opt/airflow/dags/pipeline_dag.py for tasks to queue
[2025-11-19T23:03:48.301+0000] {logging_mixin.py:188} INFO - [2025-11-19T23:03:48.301+0000] {dagbag.py:538} INFO - Filling up the DagBag from /opt/airflow/dags/pipeline_dag.py
[2025-11-19T23:03:48.328+0000] {processor.py:840} INFO - DAG(s) 'full_ml_pipeline_v2' retrieved from /opt/airflow/dags/pipeline_dag.py
[2025-11-19T23:03:48.368+0000] {logging_mixin.py:188} INFO - [2025-11-19T23:03:48.368+0000] {dag.py:3036} INFO - Sync 1 DAGs
[2025-11-19T23:03:48.400+0000] {logging_mixin.py:188} INFO - [2025-11-19T23:03:48.400+0000] {dag.py:3823} INFO - Setting next_dagrun for full_ml_pipeline_v2 to 2025-11-19 00:00:00+00:00, run_after=2025-11-20 00:00:00+00:00
[2025-11-19T23:03:48.439+0000] {processor.py:183} INFO - Processing /opt/airflow/dags/pipeline_dag.py took 0.146 seconds
[2025-11-19T23:04:18.680+0000] {processor.py:161} INFO - Started process (PID=479) to work on /opt/airflow/dags/pipeline_dag.py
[2025-11-19T23:04:18.681+0000] {processor.py:830} INFO - Processing file /opt/airflow/dags/pipeline_dag.py for tasks to queue
[2025-11-19T23:04:18.683+0000] {logging_mixin.py:188} INFO - [2025-11-19T23:04:18.682+0000] {dagbag.py:538} INFO - Filling up the DagBag from /opt/airflow/dags/pipeline_dag.py
[2025-11-19T23:04:18.709+0000] {processor.py:840} INFO - DAG(s) 'full_ml_pipeline_v2' retrieved from /opt/airflow/dags/pipeline_dag.py
[2025-11-19T23:04:18.739+0000] {logging_mixin.py:188} INFO - [2025-11-19T23:04:18.739+0000] {dag.py:3036} INFO - Sync 1 DAGs
[2025-11-19T23:04:18.769+0000] {logging_mixin.py:188} INFO - [2025-11-19T23:04:18.769+0000] {dag.py:3823} INFO - Setting next_dagrun for full_ml_pipeline_v2 to 2025-11-19 00:00:00+00:00, run_after=2025-11-20 00:00:00+00:00
[2025-11-19T23:04:18.793+0000] {processor.py:183} INFO - Processing /opt/airflow/dags/pipeline_dag.py took 0.117 seconds
[2025-11-19T23:04:48.869+0000] {processor.py:161} INFO - Started process (PID=480) to work on /opt/airflow/dags/pipeline_dag.py
[2025-11-19T23:04:48.870+0000] {processor.py:830} INFO - Processing file /opt/airflow/dags/pipeline_dag.py for tasks to queue
[2025-11-19T23:04:48.871+0000] {logging_mixin.py:188} INFO - [2025-11-19T23:04:48.871+0000] {dagbag.py:538} INFO - Filling up the DagBag from /opt/airflow/dags/pipeline_dag.py
[2025-11-19T23:04:48.898+0000] {processor.py:840} INFO - DAG(s) 'full_ml_pipeline_v2' retrieved from /opt/airflow/dags/pipeline_dag.py
[2025-11-19T23:04:48.929+0000] {logging_mixin.py:188} INFO - [2025-11-19T23:04:48.929+0000] {dag.py:3036} INFO - Sync 1 DAGs
[2025-11-19T23:04:48.957+0000] {logging_mixin.py:188} INFO - [2025-11-19T23:04:48.957+0000] {dag.py:3823} INFO - Setting next_dagrun for full_ml_pipeline_v2 to 2025-11-19 00:00:00+00:00, run_after=2025-11-20 00:00:00+00:00
[2025-11-19T23:04:48.983+0000] {processor.py:183} INFO - Processing /opt/airflow/dags/pipeline_dag.py took 0.118 seconds
[2025-11-19T23:05:19.170+0000] {processor.py:161} INFO - Started process (PID=481) to work on /opt/airflow/dags/pipeline_dag.py
[2025-11-19T23:05:19.171+0000] {processor.py:830} INFO - Processing file /opt/airflow/dags/pipeline_dag.py for tasks to queue
[2025-11-19T23:05:19.172+0000] {logging_mixin.py:188} INFO - [2025-11-19T23:05:19.172+0000] {dagbag.py:538} INFO - Filling up the DagBag from /opt/airflow/dags/pipeline_dag.py
[2025-11-19T23:05:19.203+0000] {processor.py:840} INFO - DAG(s) 'full_ml_pipeline_v2' retrieved from /opt/airflow/dags/pipeline_dag.py
[2025-11-19T23:05:19.247+0000] {logging_mixin.py:188} INFO - [2025-11-19T23:05:19.246+0000] {dag.py:3036} INFO - Sync 1 DAGs
[2025-11-19T23:05:19.297+0000] {logging_mixin.py:188} INFO - [2025-11-19T23:05:19.296+0000] {dag.py:3823} INFO - Setting next_dagrun for full_ml_pipeline_v2 to 2025-11-19 00:00:00+00:00, run_after=2025-11-20 00:00:00+00:00
[2025-11-19T23:05:19.357+0000] {processor.py:183} INFO - Processing /opt/airflow/dags/pipeline_dag.py took 0.190 seconds
[2025-11-19T23:05:49.571+0000] {processor.py:161} INFO - Started process (PID=482) to work on /opt/airflow/dags/pipeline_dag.py
[2025-11-19T23:05:49.573+0000] {processor.py:830} INFO - Processing file /opt/airflow/dags/pipeline_dag.py for tasks to queue
[2025-11-19T23:05:49.574+0000] {logging_mixin.py:188} INFO - [2025-11-19T23:05:49.573+0000] {dagbag.py:538} INFO - Filling up the DagBag from /opt/airflow/dags/pipeline_dag.py
[2025-11-19T23:05:49.608+0000] {processor.py:840} INFO - DAG(s) 'full_ml_pipeline_v2' retrieved from /opt/airflow/dags/pipeline_dag.py
[2025-11-19T23:05:49.641+0000] {logging_mixin.py:188} INFO - [2025-11-19T23:05:49.641+0000] {dag.py:3036} INFO - Sync 1 DAGs
[2025-11-19T23:05:49.666+0000] {logging_mixin.py:188} INFO - [2025-11-19T23:05:49.665+0000] {dag.py:3823} INFO - Setting next_dagrun for full_ml_pipeline_v2 to 2025-11-19 00:00:00+00:00, run_after=2025-11-20 00:00:00+00:00
[2025-11-19T23:05:49.690+0000] {processor.py:183} INFO - Processing /opt/airflow/dags/pipeline_dag.py took 0.124 seconds
[2025-11-19T23:06:19.760+0000] {processor.py:161} INFO - Started process (PID=483) to work on /opt/airflow/dags/pipeline_dag.py
[2025-11-19T23:06:19.762+0000] {processor.py:830} INFO - Processing file /opt/airflow/dags/pipeline_dag.py for tasks to queue
[2025-11-19T23:06:19.763+0000] {logging_mixin.py:188} INFO - [2025-11-19T23:06:19.763+0000] {dagbag.py:538} INFO - Filling up the DagBag from /opt/airflow/dags/pipeline_dag.py
[2025-11-19T23:06:19.790+0000] {processor.py:840} INFO - DAG(s) 'full_ml_pipeline_v2' retrieved from /opt/airflow/dags/pipeline_dag.py
[2025-11-19T23:06:19.819+0000] {logging_mixin.py:188} INFO - [2025-11-19T23:06:19.819+0000] {dag.py:3036} INFO - Sync 1 DAGs
[2025-11-19T23:06:19.845+0000] {logging_mixin.py:188} INFO - [2025-11-19T23:06:19.845+0000] {dag.py:3823} INFO - Setting next_dagrun for full_ml_pipeline_v2 to 2025-11-19 00:00:00+00:00, run_after=2025-11-20 00:00:00+00:00
[2025-11-19T23:06:19.871+0000] {processor.py:183} INFO - Processing /opt/airflow/dags/pipeline_dag.py took 0.115 seconds
[2025-11-19T23:06:50.070+0000] {processor.py:161} INFO - Started process (PID=484) to work on /opt/airflow/dags/pipeline_dag.py
[2025-11-19T23:06:50.071+0000] {processor.py:830} INFO - Processing file /opt/airflow/dags/pipeline_dag.py for tasks to queue
[2025-11-19T23:06:50.072+0000] {logging_mixin.py:188} INFO - [2025-11-19T23:06:50.072+0000] {dagbag.py:538} INFO - Filling up the DagBag from /opt/airflow/dags/pipeline_dag.py
[2025-11-19T23:06:50.098+0000] {processor.py:840} INFO - DAG(s) 'full_ml_pipeline_v2' retrieved from /opt/airflow/dags/pipeline_dag.py
[2025-11-19T23:06:50.128+0000] {logging_mixin.py:188} INFO - [2025-11-19T23:06:50.128+0000] {dag.py:3036} INFO - Sync 1 DAGs
[2025-11-19T23:06:50.156+0000] {logging_mixin.py:188} INFO - [2025-11-19T23:06:50.156+0000] {dag.py:3823} INFO - Setting next_dagrun for full_ml_pipeline_v2 to 2025-11-19 00:00:00+00:00, run_after=2025-11-20 00:00:00+00:00
[2025-11-19T23:06:50.181+0000] {processor.py:183} INFO - Processing /opt/airflow/dags/pipeline_dag.py took 0.116 seconds
[2025-11-19T23:07:20.264+0000] {processor.py:161} INFO - Started process (PID=485) to work on /opt/airflow/dags/pipeline_dag.py
[2025-11-19T23:07:20.267+0000] {processor.py:830} INFO - Processing file /opt/airflow/dags/pipeline_dag.py for tasks to queue
[2025-11-19T23:07:20.269+0000] {logging_mixin.py:188} INFO - [2025-11-19T23:07:20.268+0000] {dagbag.py:538} INFO - Filling up the DagBag from /opt/airflow/dags/pipeline_dag.py
[2025-11-19T23:07:20.308+0000] {processor.py:840} INFO - DAG(s) 'full_ml_pipeline_v2' retrieved from /opt/airflow/dags/pipeline_dag.py
[2025-11-19T23:07:20.348+0000] {logging_mixin.py:188} INFO - [2025-11-19T23:07:20.348+0000] {dag.py:3036} INFO - Sync 1 DAGs
[2025-11-19T23:07:20.387+0000] {logging_mixin.py:188} INFO - [2025-11-19T23:07:20.386+0000] {dag.py:3823} INFO - Setting next_dagrun for full_ml_pipeline_v2 to 2025-11-19 00:00:00+00:00, run_after=2025-11-20 00:00:00+00:00
[2025-11-19T23:07:20.422+0000] {processor.py:183} INFO - Processing /opt/airflow/dags/pipeline_dag.py took 0.166 seconds
[2025-11-19T23:07:50.587+0000] {processor.py:161} INFO - Started process (PID=486) to work on /opt/airflow/dags/pipeline_dag.py
[2025-11-19T23:07:50.589+0000] {processor.py:830} INFO - Processing file /opt/airflow/dags/pipeline_dag.py for tasks to queue
[2025-11-19T23:07:50.590+0000] {logging_mixin.py:188} INFO - [2025-11-19T23:07:50.590+0000] {dagbag.py:538} INFO - Filling up the DagBag from /opt/airflow/dags/pipeline_dag.py
[2025-11-19T23:07:50.627+0000] {processor.py:840} INFO - DAG(s) 'full_ml_pipeline_v2' retrieved from /opt/airflow/dags/pipeline_dag.py
[2025-11-19T23:07:50.661+0000] {logging_mixin.py:188} INFO - [2025-11-19T23:07:50.661+0000] {dag.py:3036} INFO - Sync 1 DAGs
[2025-11-19T23:07:50.693+0000] {logging_mixin.py:188} INFO - [2025-11-19T23:07:50.692+0000] {dag.py:3823} INFO - Setting next_dagrun for full_ml_pipeline_v2 to 2025-11-19 00:00:00+00:00, run_after=2025-11-20 00:00:00+00:00
[2025-11-19T23:07:50.718+0000] {processor.py:183} INFO - Processing /opt/airflow/dags/pipeline_dag.py took 0.137 seconds
[2025-11-19T23:08:20.805+0000] {processor.py:161} INFO - Started process (PID=487) to work on /opt/airflow/dags/pipeline_dag.py
[2025-11-19T23:08:20.807+0000] {processor.py:830} INFO - Processing file /opt/airflow/dags/pipeline_dag.py for tasks to queue
[2025-11-19T23:08:20.808+0000] {logging_mixin.py:188} INFO - [2025-11-19T23:08:20.808+0000] {dagbag.py:538} INFO - Filling up the DagBag from /opt/airflow/dags/pipeline_dag.py
[2025-11-19T23:08:20.842+0000] {processor.py:840} INFO - DAG(s) 'full_ml_pipeline_v2' retrieved from /opt/airflow/dags/pipeline_dag.py
[2025-11-19T23:08:20.890+0000] {logging_mixin.py:188} INFO - [2025-11-19T23:08:20.889+0000] {dag.py:3036} INFO - Sync 1 DAGs
[2025-11-19T23:08:20.923+0000] {logging_mixin.py:188} INFO - [2025-11-19T23:08:20.923+0000] {dag.py:3823} INFO - Setting next_dagrun for full_ml_pipeline_v2 to 2025-11-19 00:00:00+00:00, run_after=2025-11-20 00:00:00+00:00
[2025-11-19T23:08:20.953+0000] {processor.py:183} INFO - Processing /opt/airflow/dags/pipeline_dag.py took 0.154 seconds
[2025-11-19T23:08:51.353+0000] {processor.py:161} INFO - Started process (PID=534) to work on /opt/airflow/dags/pipeline_dag.py
[2025-11-19T23:08:51.362+0000] {processor.py:830} INFO - Processing file /opt/airflow/dags/pipeline_dag.py for tasks to queue
[2025-11-19T23:08:51.370+0000] {logging_mixin.py:188} INFO - [2025-11-19T23:08:51.369+0000] {dagbag.py:538} INFO - Filling up the DagBag from /opt/airflow/dags/pipeline_dag.py
[2025-11-19T23:08:51.459+0000] {processor.py:840} INFO - DAG(s) 'full_ml_pipeline_v2' retrieved from /opt/airflow/dags/pipeline_dag.py
[2025-11-19T23:08:51.506+0000] {logging_mixin.py:188} INFO - [2025-11-19T23:08:51.506+0000] {dag.py:3036} INFO - Sync 1 DAGs
[2025-11-19T23:08:51.546+0000] {logging_mixin.py:188} INFO - [2025-11-19T23:08:51.546+0000] {dag.py:3823} INFO - Setting next_dagrun for full_ml_pipeline_v2 to 2025-11-19 00:00:00+00:00, run_after=2025-11-20 00:00:00+00:00
[2025-11-19T23:08:51.592+0000] {processor.py:183} INFO - Processing /opt/airflow/dags/pipeline_dag.py took 0.244 seconds
[2025-11-19T23:09:21.902+0000] {processor.py:161} INFO - Started process (PID=535) to work on /opt/airflow/dags/pipeline_dag.py
[2025-11-19T23:09:21.906+0000] {processor.py:830} INFO - Processing file /opt/airflow/dags/pipeline_dag.py for tasks to queue
[2025-11-19T23:09:21.908+0000] {logging_mixin.py:188} INFO - [2025-11-19T23:09:21.907+0000] {dagbag.py:538} INFO - Filling up the DagBag from /opt/airflow/dags/pipeline_dag.py
[2025-11-19T23:09:21.966+0000] {processor.py:840} INFO - DAG(s) 'full_ml_pipeline_v2' retrieved from /opt/airflow/dags/pipeline_dag.py
[2025-11-19T23:09:22.011+0000] {logging_mixin.py:188} INFO - [2025-11-19T23:09:22.011+0000] {dag.py:3036} INFO - Sync 1 DAGs
[2025-11-19T23:09:22.050+0000] {logging_mixin.py:188} INFO - [2025-11-19T23:09:22.050+0000] {dag.py:3823} INFO - Setting next_dagrun for full_ml_pipeline_v2 to 2025-11-19 00:00:00+00:00, run_after=2025-11-20 00:00:00+00:00
[2025-11-19T23:09:22.100+0000] {processor.py:183} INFO - Processing /opt/airflow/dags/pipeline_dag.py took 0.203 seconds
[2025-11-19T23:09:52.669+0000] {processor.py:161} INFO - Started process (PID=536) to work on /opt/airflow/dags/pipeline_dag.py
[2025-11-19T23:09:52.673+0000] {processor.py:830} INFO - Processing file /opt/airflow/dags/pipeline_dag.py for tasks to queue
[2025-11-19T23:09:52.678+0000] {logging_mixin.py:188} INFO - [2025-11-19T23:09:52.677+0000] {dagbag.py:538} INFO - Filling up the DagBag from /opt/airflow/dags/pipeline_dag.py
[2025-11-19T23:09:52.762+0000] {processor.py:840} INFO - DAG(s) 'full_ml_pipeline_v2' retrieved from /opt/airflow/dags/pipeline_dag.py
[2025-11-19T23:09:52.809+0000] {logging_mixin.py:188} INFO - [2025-11-19T23:09:52.809+0000] {dag.py:3036} INFO - Sync 1 DAGs
[2025-11-19T23:09:52.856+0000] {logging_mixin.py:188} INFO - [2025-11-19T23:09:52.856+0000] {dag.py:3823} INFO - Setting next_dagrun for full_ml_pipeline_v2 to 2025-11-19 00:00:00+00:00, run_after=2025-11-20 00:00:00+00:00
[2025-11-19T23:09:52.898+0000] {processor.py:183} INFO - Processing /opt/airflow/dags/pipeline_dag.py took 0.239 seconds
[2025-11-19T23:10:23.152+0000] {processor.py:161} INFO - Started process (PID=537) to work on /opt/airflow/dags/pipeline_dag.py
[2025-11-19T23:10:23.153+0000] {processor.py:830} INFO - Processing file /opt/airflow/dags/pipeline_dag.py for tasks to queue
[2025-11-19T23:10:23.155+0000] {logging_mixin.py:188} INFO - [2025-11-19T23:10:23.155+0000] {dagbag.py:538} INFO - Filling up the DagBag from /opt/airflow/dags/pipeline_dag.py
[2025-11-19T23:10:23.224+0000] {processor.py:840} INFO - DAG(s) 'full_ml_pipeline_v2' retrieved from /opt/airflow/dags/pipeline_dag.py
[2025-11-19T23:10:23.283+0000] {logging_mixin.py:188} INFO - [2025-11-19T23:10:23.282+0000] {dag.py:3036} INFO - Sync 1 DAGs
[2025-11-19T23:10:23.341+0000] {logging_mixin.py:188} INFO - [2025-11-19T23:10:23.340+0000] {dag.py:3823} INFO - Setting next_dagrun for full_ml_pipeline_v2 to 2025-11-19 00:00:00+00:00, run_after=2025-11-20 00:00:00+00:00
[2025-11-19T23:10:23.385+0000] {processor.py:183} INFO - Processing /opt/airflow/dags/pipeline_dag.py took 0.238 seconds
[2025-11-19T23:10:53.863+0000] {processor.py:161} INFO - Started process (PID=538) to work on /opt/airflow/dags/pipeline_dag.py
[2025-11-19T23:10:53.867+0000] {processor.py:830} INFO - Processing file /opt/airflow/dags/pipeline_dag.py for tasks to queue
[2025-11-19T23:10:53.874+0000] {logging_mixin.py:188} INFO - [2025-11-19T23:10:53.873+0000] {dagbag.py:538} INFO - Filling up the DagBag from /opt/airflow/dags/pipeline_dag.py
[2025-11-19T23:10:53.991+0000] {processor.py:840} INFO - DAG(s) 'full_ml_pipeline_v2' retrieved from /opt/airflow/dags/pipeline_dag.py
[2025-11-19T23:10:54.077+0000] {logging_mixin.py:188} INFO - [2025-11-19T23:10:54.076+0000] {dag.py:3036} INFO - Sync 1 DAGs
[2025-11-19T23:10:54.126+0000] {logging_mixin.py:188} INFO - [2025-11-19T23:10:54.126+0000] {dag.py:3823} INFO - Setting next_dagrun for full_ml_pipeline_v2 to 2025-11-19 00:00:00+00:00, run_after=2025-11-20 00:00:00+00:00
[2025-11-19T23:10:54.166+0000] {processor.py:183} INFO - Processing /opt/airflow/dags/pipeline_dag.py took 0.309 seconds
[2025-11-19T23:11:24.457+0000] {processor.py:161} INFO - Started process (PID=539) to work on /opt/airflow/dags/pipeline_dag.py
[2025-11-19T23:11:24.459+0000] {processor.py:830} INFO - Processing file /opt/airflow/dags/pipeline_dag.py for tasks to queue
[2025-11-19T23:11:24.460+0000] {logging_mixin.py:188} INFO - [2025-11-19T23:11:24.460+0000] {dagbag.py:538} INFO - Filling up the DagBag from /opt/airflow/dags/pipeline_dag.py
[2025-11-19T23:11:24.537+0000] {processor.py:840} INFO - DAG(s) 'full_ml_pipeline_v2' retrieved from /opt/airflow/dags/pipeline_dag.py
[2025-11-19T23:11:24.583+0000] {logging_mixin.py:188} INFO - [2025-11-19T23:11:24.583+0000] {dag.py:3036} INFO - Sync 1 DAGs
[2025-11-19T23:11:24.626+0000] {logging_mixin.py:188} INFO - [2025-11-19T23:11:24.626+0000] {dag.py:3823} INFO - Setting next_dagrun for full_ml_pipeline_v2 to 2025-11-19 00:00:00+00:00, run_after=2025-11-20 00:00:00+00:00
[2025-11-19T23:11:24.670+0000] {processor.py:183} INFO - Processing /opt/airflow/dags/pipeline_dag.py took 0.225 seconds
[2025-11-19T23:11:55.215+0000] {processor.py:161} INFO - Started process (PID=540) to work on /opt/airflow/dags/pipeline_dag.py
[2025-11-19T23:11:55.217+0000] {processor.py:830} INFO - Processing file /opt/airflow/dags/pipeline_dag.py for tasks to queue
[2025-11-19T23:11:55.218+0000] {logging_mixin.py:188} INFO - [2025-11-19T23:11:55.218+0000] {dagbag.py:538} INFO - Filling up the DagBag from /opt/airflow/dags/pipeline_dag.py
[2025-11-19T23:11:55.264+0000] {processor.py:840} INFO - DAG(s) 'full_ml_pipeline_v2' retrieved from /opt/airflow/dags/pipeline_dag.py
[2025-11-19T23:11:55.308+0000] {logging_mixin.py:188} INFO - [2025-11-19T23:11:55.308+0000] {dag.py:3036} INFO - Sync 1 DAGs
[2025-11-19T23:11:55.371+0000] {logging_mixin.py:188} INFO - [2025-11-19T23:11:55.371+0000] {dag.py:3823} INFO - Setting next_dagrun for full_ml_pipeline_v2 to 2025-11-19 00:00:00+00:00, run_after=2025-11-20 00:00:00+00:00
[2025-11-19T23:11:55.421+0000] {processor.py:183} INFO - Processing /opt/airflow/dags/pipeline_dag.py took 0.209 seconds
[2025-11-19T23:12:25.842+0000] {processor.py:161} INFO - Started process (PID=541) to work on /opt/airflow/dags/pipeline_dag.py
[2025-11-19T23:12:25.844+0000] {processor.py:830} INFO - Processing file /opt/airflow/dags/pipeline_dag.py for tasks to queue
[2025-11-19T23:12:25.850+0000] {logging_mixin.py:188} INFO - [2025-11-19T23:12:25.848+0000] {dagbag.py:538} INFO - Filling up the DagBag from /opt/airflow/dags/pipeline_dag.py
[2025-11-19T23:12:25.924+0000] {processor.py:840} INFO - DAG(s) 'full_ml_pipeline_v2' retrieved from /opt/airflow/dags/pipeline_dag.py
[2025-11-19T23:12:25.987+0000] {logging_mixin.py:188} INFO - [2025-11-19T23:12:25.987+0000] {dag.py:3036} INFO - Sync 1 DAGs
[2025-11-19T23:12:26.040+0000] {logging_mixin.py:188} INFO - [2025-11-19T23:12:26.039+0000] {dag.py:3823} INFO - Setting next_dagrun for full_ml_pipeline_v2 to 2025-11-19 00:00:00+00:00, run_after=2025-11-20 00:00:00+00:00
[2025-11-19T23:12:26.085+0000] {processor.py:183} INFO - Processing /opt/airflow/dags/pipeline_dag.py took 0.254 seconds
[2025-11-19T23:12:56.456+0000] {processor.py:161} INFO - Started process (PID=542) to work on /opt/airflow/dags/pipeline_dag.py
[2025-11-19T23:12:56.460+0000] {processor.py:830} INFO - Processing file /opt/airflow/dags/pipeline_dag.py for tasks to queue
[2025-11-19T23:12:56.463+0000] {logging_mixin.py:188} INFO - [2025-11-19T23:12:56.462+0000] {dagbag.py:538} INFO - Filling up the DagBag from /opt/airflow/dags/pipeline_dag.py
[2025-11-19T23:12:56.549+0000] {processor.py:840} INFO - DAG(s) 'full_ml_pipeline_v2' retrieved from /opt/airflow/dags/pipeline_dag.py
[2025-11-19T23:12:56.615+0000] {logging_mixin.py:188} INFO - [2025-11-19T23:12:56.614+0000] {dag.py:3036} INFO - Sync 1 DAGs
[2025-11-19T23:12:56.663+0000] {logging_mixin.py:188} INFO - [2025-11-19T23:12:56.662+0000] {dag.py:3823} INFO - Setting next_dagrun for full_ml_pipeline_v2 to 2025-11-19 00:00:00+00:00, run_after=2025-11-20 00:00:00+00:00
[2025-11-19T23:12:56.709+0000] {processor.py:183} INFO - Processing /opt/airflow/dags/pipeline_dag.py took 0.264 seconds
[2025-11-19T23:13:27.081+0000] {processor.py:161} INFO - Started process (PID=543) to work on /opt/airflow/dags/pipeline_dag.py
[2025-11-19T23:13:27.088+0000] {processor.py:830} INFO - Processing file /opt/airflow/dags/pipeline_dag.py for tasks to queue
[2025-11-19T23:13:27.096+0000] {logging_mixin.py:188} INFO - [2025-11-19T23:13:27.095+0000] {dagbag.py:538} INFO - Filling up the DagBag from /opt/airflow/dags/pipeline_dag.py
[2025-11-19T23:13:27.251+0000] {processor.py:840} INFO - DAG(s) 'full_ml_pipeline_v2' retrieved from /opt/airflow/dags/pipeline_dag.py
[2025-11-19T23:13:27.341+0000] {logging_mixin.py:188} INFO - [2025-11-19T23:13:27.341+0000] {dag.py:3036} INFO - Sync 1 DAGs
[2025-11-19T23:13:27.411+0000] {logging_mixin.py:188} INFO - [2025-11-19T23:13:27.411+0000] {dag.py:3823} INFO - Setting next_dagrun for full_ml_pipeline_v2 to 2025-11-19 00:00:00+00:00, run_after=2025-11-20 00:00:00+00:00
[2025-11-19T23:13:27.459+0000] {processor.py:183} INFO - Processing /opt/airflow/dags/pipeline_dag.py took 0.385 seconds
[2025-11-19T23:13:57.851+0000] {processor.py:161} INFO - Started process (PID=544) to work on /opt/airflow/dags/pipeline_dag.py
[2025-11-19T23:13:57.861+0000] {processor.py:830} INFO - Processing file /opt/airflow/dags/pipeline_dag.py for tasks to queue
[2025-11-19T23:13:57.866+0000] {logging_mixin.py:188} INFO - [2025-11-19T23:13:57.866+0000] {dagbag.py:538} INFO - Filling up the DagBag from /opt/airflow/dags/pipeline_dag.py
[2025-11-19T23:13:58.031+0000] {processor.py:840} INFO - DAG(s) 'full_ml_pipeline_v2' retrieved from /opt/airflow/dags/pipeline_dag.py
[2025-11-19T23:13:58.087+0000] {logging_mixin.py:188} INFO - [2025-11-19T23:13:58.087+0000] {dag.py:3036} INFO - Sync 1 DAGs
[2025-11-19T23:13:58.162+0000] {logging_mixin.py:188} INFO - [2025-11-19T23:13:58.162+0000] {dag.py:3823} INFO - Setting next_dagrun for full_ml_pipeline_v2 to 2025-11-19 00:00:00+00:00, run_after=2025-11-20 00:00:00+00:00
[2025-11-19T23:13:58.216+0000] {processor.py:183} INFO - Processing /opt/airflow/dags/pipeline_dag.py took 0.371 seconds
[2025-11-19T23:14:28.439+0000] {processor.py:161} INFO - Started process (PID=545) to work on /opt/airflow/dags/pipeline_dag.py
[2025-11-19T23:14:28.445+0000] {processor.py:830} INFO - Processing file /opt/airflow/dags/pipeline_dag.py for tasks to queue
[2025-11-19T23:14:28.447+0000] {logging_mixin.py:188} INFO - [2025-11-19T23:14:28.446+0000] {dagbag.py:538} INFO - Filling up the DagBag from /opt/airflow/dags/pipeline_dag.py
[2025-11-19T23:14:28.530+0000] {processor.py:840} INFO - DAG(s) 'full_ml_pipeline_v2' retrieved from /opt/airflow/dags/pipeline_dag.py
[2025-11-19T23:14:28.599+0000] {logging_mixin.py:188} INFO - [2025-11-19T23:14:28.599+0000] {dag.py:3036} INFO - Sync 1 DAGs
[2025-11-19T23:14:28.654+0000] {logging_mixin.py:188} INFO - [2025-11-19T23:14:28.653+0000] {dag.py:3823} INFO - Setting next_dagrun for full_ml_pipeline_v2 to 2025-11-19 00:00:00+00:00, run_after=2025-11-20 00:00:00+00:00
[2025-11-19T23:14:28.694+0000] {processor.py:183} INFO - Processing /opt/airflow/dags/pipeline_dag.py took 0.262 seconds
[2025-11-19T23:14:58.912+0000] {processor.py:161} INFO - Started process (PID=546) to work on /opt/airflow/dags/pipeline_dag.py
[2025-11-19T23:14:58.918+0000] {processor.py:830} INFO - Processing file /opt/airflow/dags/pipeline_dag.py for tasks to queue
[2025-11-19T23:14:58.921+0000] {logging_mixin.py:188} INFO - [2025-11-19T23:14:58.921+0000] {dagbag.py:538} INFO - Filling up the DagBag from /opt/airflow/dags/pipeline_dag.py
[2025-11-19T23:14:59.022+0000] {processor.py:840} INFO - DAG(s) 'full_ml_pipeline_v2' retrieved from /opt/airflow/dags/pipeline_dag.py
[2025-11-19T23:14:59.106+0000] {logging_mixin.py:188} INFO - [2025-11-19T23:14:59.106+0000] {dag.py:3036} INFO - Sync 1 DAGs
[2025-11-19T23:14:59.171+0000] {logging_mixin.py:188} INFO - [2025-11-19T23:14:59.170+0000] {dag.py:3823} INFO - Setting next_dagrun for full_ml_pipeline_v2 to 2025-11-19 00:00:00+00:00, run_after=2025-11-20 00:00:00+00:00
[2025-11-19T23:14:59.212+0000] {processor.py:183} INFO - Processing /opt/airflow/dags/pipeline_dag.py took 0.308 seconds
[2025-11-19T23:15:29.739+0000] {processor.py:161} INFO - Started process (PID=547) to work on /opt/airflow/dags/pipeline_dag.py
[2025-11-19T23:15:29.741+0000] {processor.py:830} INFO - Processing file /opt/airflow/dags/pipeline_dag.py for tasks to queue
[2025-11-19T23:15:29.747+0000] {logging_mixin.py:188} INFO - [2025-11-19T23:15:29.747+0000] {dagbag.py:538} INFO - Filling up the DagBag from /opt/airflow/dags/pipeline_dag.py
[2025-11-19T23:15:29.790+0000] {processor.py:840} INFO - DAG(s) 'full_ml_pipeline_v2' retrieved from /opt/airflow/dags/pipeline_dag.py
[2025-11-19T23:15:29.847+0000] {logging_mixin.py:188} INFO - [2025-11-19T23:15:29.846+0000] {dag.py:3036} INFO - Sync 1 DAGs
[2025-11-19T23:15:29.900+0000] {logging_mixin.py:188} INFO - [2025-11-19T23:15:29.899+0000] {dag.py:3823} INFO - Setting next_dagrun for full_ml_pipeline_v2 to 2025-11-19 00:00:00+00:00, run_after=2025-11-20 00:00:00+00:00
[2025-11-19T23:15:29.940+0000] {processor.py:183} INFO - Processing /opt/airflow/dags/pipeline_dag.py took 0.206 seconds
[2025-11-19T23:16:00.235+0000] {processor.py:161} INFO - Started process (PID=548) to work on /opt/airflow/dags/pipeline_dag.py
[2025-11-19T23:16:00.241+0000] {processor.py:830} INFO - Processing file /opt/airflow/dags/pipeline_dag.py for tasks to queue
[2025-11-19T23:16:00.249+0000] {logging_mixin.py:188} INFO - [2025-11-19T23:16:00.248+0000] {dagbag.py:538} INFO - Filling up the DagBag from /opt/airflow/dags/pipeline_dag.py
[2025-11-19T23:16:00.318+0000] {processor.py:840} INFO - DAG(s) 'full_ml_pipeline_v2' retrieved from /opt/airflow/dags/pipeline_dag.py
[2025-11-19T23:16:00.370+0000] {logging_mixin.py:188} INFO - [2025-11-19T23:16:00.370+0000] {dag.py:3036} INFO - Sync 1 DAGs
[2025-11-19T23:16:00.433+0000] {logging_mixin.py:188} INFO - [2025-11-19T23:16:00.433+0000] {dag.py:3823} INFO - Setting next_dagrun for full_ml_pipeline_v2 to 2025-11-19 00:00:00+00:00, run_after=2025-11-20 00:00:00+00:00
[2025-11-19T23:16:00.486+0000] {processor.py:183} INFO - Processing /opt/airflow/dags/pipeline_dag.py took 0.262 seconds
[2025-11-19T23:16:30.956+0000] {processor.py:161} INFO - Started process (PID=549) to work on /opt/airflow/dags/pipeline_dag.py
[2025-11-19T23:16:30.958+0000] {processor.py:830} INFO - Processing file /opt/airflow/dags/pipeline_dag.py for tasks to queue
[2025-11-19T23:16:30.960+0000] {logging_mixin.py:188} INFO - [2025-11-19T23:16:30.959+0000] {dagbag.py:538} INFO - Filling up the DagBag from /opt/airflow/dags/pipeline_dag.py
[2025-11-19T23:16:31.065+0000] {processor.py:840} INFO - DAG(s) 'full_ml_pipeline_v2' retrieved from /opt/airflow/dags/pipeline_dag.py
[2025-11-19T23:16:31.114+0000] {logging_mixin.py:188} INFO - [2025-11-19T23:16:31.114+0000] {dag.py:3036} INFO - Sync 1 DAGs
[2025-11-19T23:16:31.166+0000] {logging_mixin.py:188} INFO - [2025-11-19T23:16:31.166+0000] {dag.py:3823} INFO - Setting next_dagrun for full_ml_pipeline_v2 to 2025-11-19 00:00:00+00:00, run_after=2025-11-20 00:00:00+00:00
[2025-11-19T23:16:31.219+0000] {processor.py:183} INFO - Processing /opt/airflow/dags/pipeline_dag.py took 0.270 seconds
[2025-11-19T23:17:01.556+0000] {processor.py:161} INFO - Started process (PID=550) to work on /opt/airflow/dags/pipeline_dag.py
[2025-11-19T23:17:01.559+0000] {processor.py:830} INFO - Processing file /opt/airflow/dags/pipeline_dag.py for tasks to queue
[2025-11-19T23:17:01.560+0000] {logging_mixin.py:188} INFO - [2025-11-19T23:17:01.560+0000] {dagbag.py:538} INFO - Filling up the DagBag from /opt/airflow/dags/pipeline_dag.py
[2025-11-19T23:17:01.664+0000] {processor.py:840} INFO - DAG(s) 'full_ml_pipeline_v2' retrieved from /opt/airflow/dags/pipeline_dag.py
[2025-11-19T23:17:01.714+0000] {logging_mixin.py:188} INFO - [2025-11-19T23:17:01.713+0000] {dag.py:3036} INFO - Sync 1 DAGs
[2025-11-19T23:17:01.759+0000] {logging_mixin.py:188} INFO - [2025-11-19T23:17:01.757+0000] {dag.py:3823} INFO - Setting next_dagrun for full_ml_pipeline_v2 to 2025-11-19 00:00:00+00:00, run_after=2025-11-20 00:00:00+00:00
[2025-11-19T23:17:01.799+0000] {processor.py:183} INFO - Processing /opt/airflow/dags/pipeline_dag.py took 0.249 seconds
[2025-11-19T23:17:32.279+0000] {processor.py:161} INFO - Started process (PID=551) to work on /opt/airflow/dags/pipeline_dag.py
[2025-11-19T23:17:32.282+0000] {processor.py:830} INFO - Processing file /opt/airflow/dags/pipeline_dag.py for tasks to queue
[2025-11-19T23:17:32.288+0000] {logging_mixin.py:188} INFO - [2025-11-19T23:17:32.285+0000] {dagbag.py:538} INFO - Filling up the DagBag from /opt/airflow/dags/pipeline_dag.py
[2025-11-19T23:17:32.410+0000] {processor.py:840} INFO - DAG(s) 'full_ml_pipeline_v2' retrieved from /opt/airflow/dags/pipeline_dag.py
[2025-11-19T23:17:32.486+0000] {logging_mixin.py:188} INFO - [2025-11-19T23:17:32.486+0000] {dag.py:3036} INFO - Sync 1 DAGs
[2025-11-19T23:17:32.584+0000] {logging_mixin.py:188} INFO - [2025-11-19T23:17:32.583+0000] {dag.py:3823} INFO - Setting next_dagrun for full_ml_pipeline_v2 to 2025-11-19 00:00:00+00:00, run_after=2025-11-20 00:00:00+00:00
[2025-11-19T23:17:32.676+0000] {processor.py:183} INFO - Processing /opt/airflow/dags/pipeline_dag.py took 0.405 seconds
[2025-11-19T23:18:02.834+0000] {processor.py:161} INFO - Started process (PID=578) to work on /opt/airflow/dags/pipeline_dag.py
[2025-11-19T23:18:02.836+0000] {processor.py:830} INFO - Processing file /opt/airflow/dags/pipeline_dag.py for tasks to queue
[2025-11-19T23:18:02.838+0000] {logging_mixin.py:188} INFO - [2025-11-19T23:18:02.837+0000] {dagbag.py:538} INFO - Filling up the DagBag from /opt/airflow/dags/pipeline_dag.py
[2025-11-19T23:18:02.868+0000] {processor.py:840} INFO - DAG(s) 'full_ml_pipeline_v2' retrieved from /opt/airflow/dags/pipeline_dag.py
[2025-11-19T23:18:02.908+0000] {logging_mixin.py:188} INFO - [2025-11-19T23:18:02.908+0000] {dag.py:3036} INFO - Sync 1 DAGs
[2025-11-19T23:18:02.947+0000] {logging_mixin.py:188} INFO - [2025-11-19T23:18:02.947+0000] {dag.py:3823} INFO - Setting next_dagrun for full_ml_pipeline_v2 to 2025-11-19 00:00:00+00:00, run_after=2025-11-20 00:00:00+00:00
[2025-11-19T23:18:02.982+0000] {processor.py:183} INFO - Processing /opt/airflow/dags/pipeline_dag.py took 0.153 seconds
[2025-11-19T23:18:33.183+0000] {processor.py:161} INFO - Started process (PID=579) to work on /opt/airflow/dags/pipeline_dag.py
[2025-11-19T23:18:33.185+0000] {processor.py:830} INFO - Processing file /opt/airflow/dags/pipeline_dag.py for tasks to queue
[2025-11-19T23:18:33.186+0000] {logging_mixin.py:188} INFO - [2025-11-19T23:18:33.186+0000] {dagbag.py:538} INFO - Filling up the DagBag from /opt/airflow/dags/pipeline_dag.py
[2025-11-19T23:18:33.217+0000] {processor.py:840} INFO - DAG(s) 'full_ml_pipeline_v2' retrieved from /opt/airflow/dags/pipeline_dag.py
[2025-11-19T23:18:33.253+0000] {logging_mixin.py:188} INFO - [2025-11-19T23:18:33.253+0000] {dag.py:3036} INFO - Sync 1 DAGs
[2025-11-19T23:18:33.279+0000] {logging_mixin.py:188} INFO - [2025-11-19T23:18:33.279+0000] {dag.py:3823} INFO - Setting next_dagrun for full_ml_pipeline_v2 to 2025-11-19 00:00:00+00:00, run_after=2025-11-20 00:00:00+00:00
[2025-11-19T23:18:33.311+0000] {processor.py:183} INFO - Processing /opt/airflow/dags/pipeline_dag.py took 0.133 seconds
[2025-11-19T23:19:03.374+0000] {processor.py:161} INFO - Started process (PID=580) to work on /opt/airflow/dags/pipeline_dag.py
[2025-11-19T23:19:03.376+0000] {processor.py:830} INFO - Processing file /opt/airflow/dags/pipeline_dag.py for tasks to queue
[2025-11-19T23:19:03.377+0000] {logging_mixin.py:188} INFO - [2025-11-19T23:19:03.377+0000] {dagbag.py:538} INFO - Filling up the DagBag from /opt/airflow/dags/pipeline_dag.py
[2025-11-19T23:19:03.407+0000] {processor.py:840} INFO - DAG(s) 'full_ml_pipeline_v2' retrieved from /opt/airflow/dags/pipeline_dag.py
[2025-11-19T23:19:03.441+0000] {logging_mixin.py:188} INFO - [2025-11-19T23:19:03.441+0000] {dag.py:3036} INFO - Sync 1 DAGs
[2025-11-19T23:19:03.468+0000] {logging_mixin.py:188} INFO - [2025-11-19T23:19:03.468+0000] {dag.py:3823} INFO - Setting next_dagrun for full_ml_pipeline_v2 to 2025-11-19 00:00:00+00:00, run_after=2025-11-20 00:00:00+00:00
[2025-11-19T23:19:03.493+0000] {processor.py:183} INFO - Processing /opt/airflow/dags/pipeline_dag.py took 0.123 seconds
[2025-11-19T23:19:33.737+0000] {processor.py:161} INFO - Started process (PID=581) to work on /opt/airflow/dags/pipeline_dag.py
[2025-11-19T23:19:33.739+0000] {processor.py:830} INFO - Processing file /opt/airflow/dags/pipeline_dag.py for tasks to queue
[2025-11-19T23:19:33.740+0000] {logging_mixin.py:188} INFO - [2025-11-19T23:19:33.740+0000] {dagbag.py:538} INFO - Filling up the DagBag from /opt/airflow/dags/pipeline_dag.py
[2025-11-19T23:19:33.767+0000] {processor.py:840} INFO - DAG(s) 'full_ml_pipeline_v2' retrieved from /opt/airflow/dags/pipeline_dag.py
[2025-11-19T23:19:33.796+0000] {logging_mixin.py:188} INFO - [2025-11-19T23:19:33.796+0000] {dag.py:3036} INFO - Sync 1 DAGs
[2025-11-19T23:19:33.821+0000] {logging_mixin.py:188} INFO - [2025-11-19T23:19:33.821+0000] {dag.py:3823} INFO - Setting next_dagrun for full_ml_pipeline_v2 to 2025-11-19 00:00:00+00:00, run_after=2025-11-20 00:00:00+00:00
[2025-11-19T23:19:33.971+0000] {processor.py:183} INFO - Processing /opt/airflow/dags/pipeline_dag.py took 0.238 seconds
[2025-11-19T23:20:04.184+0000] {processor.py:161} INFO - Started process (PID=582) to work on /opt/airflow/dags/pipeline_dag.py
[2025-11-19T23:20:04.186+0000] {processor.py:830} INFO - Processing file /opt/airflow/dags/pipeline_dag.py for tasks to queue
[2025-11-19T23:20:04.187+0000] {logging_mixin.py:188} INFO - [2025-11-19T23:20:04.187+0000] {dagbag.py:538} INFO - Filling up the DagBag from /opt/airflow/dags/pipeline_dag.py
[2025-11-19T23:20:04.219+0000] {processor.py:840} INFO - DAG(s) 'full_ml_pipeline_v2' retrieved from /opt/airflow/dags/pipeline_dag.py
[2025-11-19T23:20:04.249+0000] {logging_mixin.py:188} INFO - [2025-11-19T23:20:04.249+0000] {dag.py:3036} INFO - Sync 1 DAGs
[2025-11-19T23:20:04.275+0000] {logging_mixin.py:188} INFO - [2025-11-19T23:20:04.274+0000] {dag.py:3823} INFO - Setting next_dagrun for full_ml_pipeline_v2 to 2025-11-19 00:00:00+00:00, run_after=2025-11-20 00:00:00+00:00
[2025-11-19T23:20:04.324+0000] {processor.py:183} INFO - Processing /opt/airflow/dags/pipeline_dag.py took 0.145 seconds
[2025-11-19T23:20:34.366+0000] {processor.py:161} INFO - Started process (PID=583) to work on /opt/airflow/dags/pipeline_dag.py
[2025-11-19T23:20:34.368+0000] {processor.py:830} INFO - Processing file /opt/airflow/dags/pipeline_dag.py for tasks to queue
[2025-11-19T23:20:34.369+0000] {logging_mixin.py:188} INFO - [2025-11-19T23:20:34.369+0000] {dagbag.py:538} INFO - Filling up the DagBag from /opt/airflow/dags/pipeline_dag.py
[2025-11-19T23:20:34.397+0000] {processor.py:840} INFO - DAG(s) 'full_ml_pipeline_v2' retrieved from /opt/airflow/dags/pipeline_dag.py
[2025-11-19T23:20:34.429+0000] {logging_mixin.py:188} INFO - [2025-11-19T23:20:34.428+0000] {dag.py:3036} INFO - Sync 1 DAGs
[2025-11-19T23:20:34.456+0000] {logging_mixin.py:188} INFO - [2025-11-19T23:20:34.455+0000] {dag.py:3823} INFO - Setting next_dagrun for full_ml_pipeline_v2 to 2025-11-19 00:00:00+00:00, run_after=2025-11-20 00:00:00+00:00
[2025-11-19T23:20:34.489+0000] {processor.py:183} INFO - Processing /opt/airflow/dags/pipeline_dag.py took 0.127 seconds
[2025-11-19T23:21:04.704+0000] {processor.py:161} INFO - Started process (PID=584) to work on /opt/airflow/dags/pipeline_dag.py
[2025-11-19T23:21:04.705+0000] {processor.py:830} INFO - Processing file /opt/airflow/dags/pipeline_dag.py for tasks to queue
[2025-11-19T23:21:04.706+0000] {logging_mixin.py:188} INFO - [2025-11-19T23:21:04.706+0000] {dagbag.py:538} INFO - Filling up the DagBag from /opt/airflow/dags/pipeline_dag.py
[2025-11-19T23:21:04.738+0000] {processor.py:840} INFO - DAG(s) 'full_ml_pipeline_v2' retrieved from /opt/airflow/dags/pipeline_dag.py
[2025-11-19T23:21:04.770+0000] {logging_mixin.py:188} INFO - [2025-11-19T23:21:04.770+0000] {dag.py:3036} INFO - Sync 1 DAGs
[2025-11-19T23:21:04.793+0000] {logging_mixin.py:188} INFO - [2025-11-19T23:21:04.793+0000] {dag.py:3823} INFO - Setting next_dagrun for full_ml_pipeline_v2 to 2025-11-19 00:00:00+00:00, run_after=2025-11-20 00:00:00+00:00
[2025-11-19T23:21:04.819+0000] {processor.py:183} INFO - Processing /opt/airflow/dags/pipeline_dag.py took 0.118 seconds
[2025-11-19T23:21:34.906+0000] {processor.py:161} INFO - Started process (PID=585) to work on /opt/airflow/dags/pipeline_dag.py
[2025-11-19T23:21:34.907+0000] {processor.py:830} INFO - Processing file /opt/airflow/dags/pipeline_dag.py for tasks to queue
[2025-11-19T23:21:34.909+0000] {logging_mixin.py:188} INFO - [2025-11-19T23:21:34.908+0000] {dagbag.py:538} INFO - Filling up the DagBag from /opt/airflow/dags/pipeline_dag.py
[2025-11-19T23:21:34.936+0000] {processor.py:840} INFO - DAG(s) 'full_ml_pipeline_v2' retrieved from /opt/airflow/dags/pipeline_dag.py
[2025-11-19T23:21:34.968+0000] {logging_mixin.py:188} INFO - [2025-11-19T23:21:34.968+0000] {dag.py:3036} INFO - Sync 1 DAGs
[2025-11-19T23:21:34.998+0000] {logging_mixin.py:188} INFO - [2025-11-19T23:21:34.998+0000] {dag.py:3823} INFO - Setting next_dagrun for full_ml_pipeline_v2 to 2025-11-19 00:00:00+00:00, run_after=2025-11-20 00:00:00+00:00
[2025-11-19T23:21:35.029+0000] {processor.py:183} INFO - Processing /opt/airflow/dags/pipeline_dag.py took 0.127 seconds
[2025-11-19T23:22:05.292+0000] {processor.py:161} INFO - Started process (PID=586) to work on /opt/airflow/dags/pipeline_dag.py
[2025-11-19T23:22:05.293+0000] {processor.py:830} INFO - Processing file /opt/airflow/dags/pipeline_dag.py for tasks to queue
[2025-11-19T23:22:05.294+0000] {logging_mixin.py:188} INFO - [2025-11-19T23:22:05.294+0000] {dagbag.py:538} INFO - Filling up the DagBag from /opt/airflow/dags/pipeline_dag.py
[2025-11-19T23:22:05.328+0000] {processor.py:840} INFO - DAG(s) 'full_ml_pipeline_v2' retrieved from /opt/airflow/dags/pipeline_dag.py
[2025-11-19T23:22:05.363+0000] {logging_mixin.py:188} INFO - [2025-11-19T23:22:05.362+0000] {dag.py:3036} INFO - Sync 1 DAGs
[2025-11-19T23:22:05.389+0000] {logging_mixin.py:188} INFO - [2025-11-19T23:22:05.389+0000] {dag.py:3823} INFO - Setting next_dagrun for full_ml_pipeline_v2 to 2025-11-19 00:00:00+00:00, run_after=2025-11-20 00:00:00+00:00
[2025-11-19T23:22:05.414+0000] {processor.py:183} INFO - Processing /opt/airflow/dags/pipeline_dag.py took 0.125 seconds
[2025-11-19T23:22:35.541+0000] {processor.py:161} INFO - Started process (PID=587) to work on /opt/airflow/dags/pipeline_dag.py
[2025-11-19T23:22:35.543+0000] {processor.py:830} INFO - Processing file /opt/airflow/dags/pipeline_dag.py for tasks to queue
[2025-11-19T23:22:35.545+0000] {logging_mixin.py:188} INFO - [2025-11-19T23:22:35.544+0000] {dagbag.py:538} INFO - Filling up the DagBag from /opt/airflow/dags/pipeline_dag.py
[2025-11-19T23:22:35.573+0000] {processor.py:840} INFO - DAG(s) 'full_ml_pipeline_v2' retrieved from /opt/airflow/dags/pipeline_dag.py
[2025-11-19T23:22:35.612+0000] {logging_mixin.py:188} INFO - [2025-11-19T23:22:35.611+0000] {dag.py:3036} INFO - Sync 1 DAGs
[2025-11-19T23:22:35.654+0000] {logging_mixin.py:188} INFO - [2025-11-19T23:22:35.654+0000] {dag.py:3823} INFO - Setting next_dagrun for full_ml_pipeline_v2 to 2025-11-19 00:00:00+00:00, run_after=2025-11-20 00:00:00+00:00
[2025-11-19T23:22:35.691+0000] {processor.py:183} INFO - Processing /opt/airflow/dags/pipeline_dag.py took 0.156 seconds
[2025-11-19T23:23:06.185+0000] {processor.py:161} INFO - Started process (PID=588) to work on /opt/airflow/dags/pipeline_dag.py
[2025-11-19T23:23:06.187+0000] {processor.py:830} INFO - Processing file /opt/airflow/dags/pipeline_dag.py for tasks to queue
[2025-11-19T23:23:06.189+0000] {logging_mixin.py:188} INFO - [2025-11-19T23:23:06.188+0000] {dagbag.py:538} INFO - Filling up the DagBag from /opt/airflow/dags/pipeline_dag.py
[2025-11-19T23:23:06.224+0000] {processor.py:840} INFO - DAG(s) 'full_ml_pipeline_v2' retrieved from /opt/airflow/dags/pipeline_dag.py
[2025-11-19T23:23:06.270+0000] {logging_mixin.py:188} INFO - [2025-11-19T23:23:06.269+0000] {dag.py:3036} INFO - Sync 1 DAGs
[2025-11-19T23:23:06.306+0000] {logging_mixin.py:188} INFO - [2025-11-19T23:23:06.306+0000] {dag.py:3823} INFO - Setting next_dagrun for full_ml_pipeline_v2 to 2025-11-19 00:00:00+00:00, run_after=2025-11-20 00:00:00+00:00
[2025-11-19T23:23:06.339+0000] {processor.py:183} INFO - Processing /opt/airflow/dags/pipeline_dag.py took 0.158 seconds
[2025-11-19T23:23:36.614+0000] {processor.py:161} INFO - Started process (PID=589) to work on /opt/airflow/dags/pipeline_dag.py
[2025-11-19T23:23:36.615+0000] {processor.py:830} INFO - Processing file /opt/airflow/dags/pipeline_dag.py for tasks to queue
[2025-11-19T23:23:36.617+0000] {logging_mixin.py:188} INFO - [2025-11-19T23:23:36.616+0000] {dagbag.py:538} INFO - Filling up the DagBag from /opt/airflow/dags/pipeline_dag.py
[2025-11-19T23:23:36.648+0000] {processor.py:840} INFO - DAG(s) 'full_ml_pipeline_v2' retrieved from /opt/airflow/dags/pipeline_dag.py
[2025-11-19T23:23:36.679+0000] {logging_mixin.py:188} INFO - [2025-11-19T23:23:36.678+0000] {dag.py:3036} INFO - Sync 1 DAGs
[2025-11-19T23:23:36.709+0000] {logging_mixin.py:188} INFO - [2025-11-19T23:23:36.708+0000] {dag.py:3823} INFO - Setting next_dagrun for full_ml_pipeline_v2 to 2025-11-19 00:00:00+00:00, run_after=2025-11-20 00:00:00+00:00
[2025-11-19T23:23:36.735+0000] {processor.py:183} INFO - Processing /opt/airflow/dags/pipeline_dag.py took 0.125 seconds
[2025-11-19T23:24:06.844+0000] {processor.py:161} INFO - Started process (PID=590) to work on /opt/airflow/dags/pipeline_dag.py
[2025-11-19T23:24:06.845+0000] {processor.py:830} INFO - Processing file /opt/airflow/dags/pipeline_dag.py for tasks to queue
[2025-11-19T23:24:06.847+0000] {logging_mixin.py:188} INFO - [2025-11-19T23:24:06.846+0000] {dagbag.py:538} INFO - Filling up the DagBag from /opt/airflow/dags/pipeline_dag.py
[2025-11-19T23:24:06.877+0000] {processor.py:840} INFO - DAG(s) 'full_ml_pipeline_v2' retrieved from /opt/airflow/dags/pipeline_dag.py
[2025-11-19T23:24:06.912+0000] {logging_mixin.py:188} INFO - [2025-11-19T23:24:06.912+0000] {dag.py:3036} INFO - Sync 1 DAGs
[2025-11-19T23:24:06.943+0000] {logging_mixin.py:188} INFO - [2025-11-19T23:24:06.943+0000] {dag.py:3823} INFO - Setting next_dagrun for full_ml_pipeline_v2 to 2025-11-19 00:00:00+00:00, run_after=2025-11-20 00:00:00+00:00
[2025-11-19T23:24:06.976+0000] {processor.py:183} INFO - Processing /opt/airflow/dags/pipeline_dag.py took 0.138 seconds
[2025-11-19T23:24:37.140+0000] {processor.py:161} INFO - Started process (PID=591) to work on /opt/airflow/dags/pipeline_dag.py
[2025-11-19T23:24:37.142+0000] {processor.py:830} INFO - Processing file /opt/airflow/dags/pipeline_dag.py for tasks to queue
[2025-11-19T23:24:37.145+0000] {logging_mixin.py:188} INFO - [2025-11-19T23:24:37.144+0000] {dagbag.py:538} INFO - Filling up the DagBag from /opt/airflow/dags/pipeline_dag.py
[2025-11-19T23:24:37.204+0000] {processor.py:840} INFO - DAG(s) 'full_ml_pipeline_v2' retrieved from /opt/airflow/dags/pipeline_dag.py
[2025-11-19T23:24:37.240+0000] {logging_mixin.py:188} INFO - [2025-11-19T23:24:37.239+0000] {dag.py:3036} INFO - Sync 1 DAGs
[2025-11-19T23:24:37.269+0000] {logging_mixin.py:188} INFO - [2025-11-19T23:24:37.269+0000] {dag.py:3823} INFO - Setting next_dagrun for full_ml_pipeline_v2 to 2025-11-19 00:00:00+00:00, run_after=2025-11-20 00:00:00+00:00
[2025-11-19T23:24:37.293+0000] {processor.py:183} INFO - Processing /opt/airflow/dags/pipeline_dag.py took 0.159 seconds
[2025-11-19T23:25:07.351+0000] {processor.py:161} INFO - Started process (PID=592) to work on /opt/airflow/dags/pipeline_dag.py
[2025-11-19T23:25:07.353+0000] {processor.py:830} INFO - Processing file /opt/airflow/dags/pipeline_dag.py for tasks to queue
[2025-11-19T23:25:07.354+0000] {logging_mixin.py:188} INFO - [2025-11-19T23:25:07.354+0000] {dagbag.py:538} INFO - Filling up the DagBag from /opt/airflow/dags/pipeline_dag.py
[2025-11-19T23:25:07.382+0000] {processor.py:840} INFO - DAG(s) 'full_ml_pipeline_v2' retrieved from /opt/airflow/dags/pipeline_dag.py
[2025-11-19T23:25:07.412+0000] {logging_mixin.py:188} INFO - [2025-11-19T23:25:07.412+0000] {dag.py:3036} INFO - Sync 1 DAGs
[2025-11-19T23:25:07.436+0000] {logging_mixin.py:188} INFO - [2025-11-19T23:25:07.435+0000] {dag.py:3823} INFO - Setting next_dagrun for full_ml_pipeline_v2 to 2025-11-19 00:00:00+00:00, run_after=2025-11-20 00:00:00+00:00
[2025-11-19T23:25:07.490+0000] {processor.py:183} INFO - Processing /opt/airflow/dags/pipeline_dag.py took 0.144 seconds
[2025-11-19T23:25:37.674+0000] {processor.py:161} INFO - Started process (PID=593) to work on /opt/airflow/dags/pipeline_dag.py
[2025-11-19T23:25:37.675+0000] {processor.py:830} INFO - Processing file /opt/airflow/dags/pipeline_dag.py for tasks to queue
[2025-11-19T23:25:37.676+0000] {logging_mixin.py:188} INFO - [2025-11-19T23:25:37.676+0000] {dagbag.py:538} INFO - Filling up the DagBag from /opt/airflow/dags/pipeline_dag.py
[2025-11-19T23:25:37.703+0000] {processor.py:840} INFO - DAG(s) 'full_ml_pipeline_v2' retrieved from /opt/airflow/dags/pipeline_dag.py
[2025-11-19T23:25:37.741+0000] {logging_mixin.py:188} INFO - [2025-11-19T23:25:37.741+0000] {dag.py:3036} INFO - Sync 1 DAGs
[2025-11-19T23:25:37.767+0000] {logging_mixin.py:188} INFO - [2025-11-19T23:25:37.767+0000] {dag.py:3823} INFO - Setting next_dagrun for full_ml_pipeline_v2 to 2025-11-19 00:00:00+00:00, run_after=2025-11-20 00:00:00+00:00
[2025-11-19T23:25:37.792+0000] {processor.py:183} INFO - Processing /opt/airflow/dags/pipeline_dag.py took 0.121 seconds
[2025-11-19T23:26:07.891+0000] {processor.py:161} INFO - Started process (PID=594) to work on /opt/airflow/dags/pipeline_dag.py
[2025-11-19T23:26:07.893+0000] {processor.py:830} INFO - Processing file /opt/airflow/dags/pipeline_dag.py for tasks to queue
[2025-11-19T23:26:07.894+0000] {logging_mixin.py:188} INFO - [2025-11-19T23:26:07.894+0000] {dagbag.py:538} INFO - Filling up the DagBag from /opt/airflow/dags/pipeline_dag.py
[2025-11-19T23:26:07.924+0000] {processor.py:840} INFO - DAG(s) 'full_ml_pipeline_v2' retrieved from /opt/airflow/dags/pipeline_dag.py
[2025-11-19T23:26:07.959+0000] {logging_mixin.py:188} INFO - [2025-11-19T23:26:07.959+0000] {dag.py:3036} INFO - Sync 1 DAGs
[2025-11-19T23:26:07.987+0000] {logging_mixin.py:188} INFO - [2025-11-19T23:26:07.987+0000] {dag.py:3823} INFO - Setting next_dagrun for full_ml_pipeline_v2 to 2025-11-19 00:00:00+00:00, run_after=2025-11-20 00:00:00+00:00
[2025-11-19T23:26:08.183+0000] {processor.py:183} INFO - Processing /opt/airflow/dags/pipeline_dag.py took 0.297 seconds
[2025-11-19T23:26:38.393+0000] {processor.py:161} INFO - Started process (PID=595) to work on /opt/airflow/dags/pipeline_dag.py
[2025-11-19T23:26:38.394+0000] {processor.py:830} INFO - Processing file /opt/airflow/dags/pipeline_dag.py for tasks to queue
[2025-11-19T23:26:38.396+0000] {logging_mixin.py:188} INFO - [2025-11-19T23:26:38.395+0000] {dagbag.py:538} INFO - Filling up the DagBag from /opt/airflow/dags/pipeline_dag.py
[2025-11-19T23:26:38.429+0000] {processor.py:840} INFO - DAG(s) 'full_ml_pipeline_v2' retrieved from /opt/airflow/dags/pipeline_dag.py
[2025-11-19T23:26:38.464+0000] {logging_mixin.py:188} INFO - [2025-11-19T23:26:38.463+0000] {dag.py:3036} INFO - Sync 1 DAGs
[2025-11-19T23:26:38.493+0000] {logging_mixin.py:188} INFO - [2025-11-19T23:26:38.493+0000] {dag.py:3823} INFO - Setting next_dagrun for full_ml_pipeline_v2 to 2025-11-19 00:00:00+00:00, run_after=2025-11-20 00:00:00+00:00
[2025-11-19T23:26:38.934+0000] {processor.py:183} INFO - Processing /opt/airflow/dags/pipeline_dag.py took 0.545 seconds
[2025-11-19T23:27:09.142+0000] {processor.py:161} INFO - Started process (PID=596) to work on /opt/airflow/dags/pipeline_dag.py
[2025-11-19T23:27:09.144+0000] {processor.py:830} INFO - Processing file /opt/airflow/dags/pipeline_dag.py for tasks to queue
[2025-11-19T23:27:09.145+0000] {logging_mixin.py:188} INFO - [2025-11-19T23:27:09.144+0000] {dagbag.py:538} INFO - Filling up the DagBag from /opt/airflow/dags/pipeline_dag.py
[2025-11-19T23:27:09.176+0000] {processor.py:840} INFO - DAG(s) 'full_ml_pipeline_v2' retrieved from /opt/airflow/dags/pipeline_dag.py
[2025-11-19T23:27:09.210+0000] {logging_mixin.py:188} INFO - [2025-11-19T23:27:09.210+0000] {dag.py:3036} INFO - Sync 1 DAGs
[2025-11-19T23:27:09.235+0000] {logging_mixin.py:188} INFO - [2025-11-19T23:27:09.234+0000] {dag.py:3823} INFO - Setting next_dagrun for full_ml_pipeline_v2 to 2025-11-19 00:00:00+00:00, run_after=2025-11-20 00:00:00+00:00
[2025-11-19T23:27:09.258+0000] {processor.py:183} INFO - Processing /opt/airflow/dags/pipeline_dag.py took 0.122 seconds
[2025-11-19T23:27:39.352+0000] {processor.py:161} INFO - Started process (PID=597) to work on /opt/airflow/dags/pipeline_dag.py
[2025-11-19T23:27:39.354+0000] {processor.py:830} INFO - Processing file /opt/airflow/dags/pipeline_dag.py for tasks to queue
[2025-11-19T23:27:39.355+0000] {logging_mixin.py:188} INFO - [2025-11-19T23:27:39.355+0000] {dagbag.py:538} INFO - Filling up the DagBag from /opt/airflow/dags/pipeline_dag.py
[2025-11-19T23:27:39.389+0000] {processor.py:840} INFO - DAG(s) 'full_ml_pipeline_v2' retrieved from /opt/airflow/dags/pipeline_dag.py
[2025-11-19T23:27:39.425+0000] {logging_mixin.py:188} INFO - [2025-11-19T23:27:39.424+0000] {dag.py:3036} INFO - Sync 1 DAGs
[2025-11-19T23:27:39.454+0000] {logging_mixin.py:188} INFO - [2025-11-19T23:27:39.453+0000] {dag.py:3823} INFO - Setting next_dagrun for full_ml_pipeline_v2 to 2025-11-19 00:00:00+00:00, run_after=2025-11-20 00:00:00+00:00
[2025-11-19T23:27:39.488+0000] {processor.py:183} INFO - Processing /opt/airflow/dags/pipeline_dag.py took 0.141 seconds
[2025-11-19T23:28:09.665+0000] {processor.py:161} INFO - Started process (PID=598) to work on /opt/airflow/dags/pipeline_dag.py
[2025-11-19T23:28:09.666+0000] {processor.py:830} INFO - Processing file /opt/airflow/dags/pipeline_dag.py for tasks to queue
[2025-11-19T23:28:09.667+0000] {logging_mixin.py:188} INFO - [2025-11-19T23:28:09.667+0000] {dagbag.py:538} INFO - Filling up the DagBag from /opt/airflow/dags/pipeline_dag.py
[2025-11-19T23:28:09.694+0000] {processor.py:840} INFO - DAG(s) 'full_ml_pipeline_v2' retrieved from /opt/airflow/dags/pipeline_dag.py
[2025-11-19T23:28:09.724+0000] {logging_mixin.py:188} INFO - [2025-11-19T23:28:09.723+0000] {dag.py:3036} INFO - Sync 1 DAGs
[2025-11-19T23:28:09.752+0000] {logging_mixin.py:188} INFO - [2025-11-19T23:28:09.752+0000] {dag.py:3823} INFO - Setting next_dagrun for full_ml_pipeline_v2 to 2025-11-19 00:00:00+00:00, run_after=2025-11-20 00:00:00+00:00
[2025-11-19T23:28:09.784+0000] {processor.py:183} INFO - Processing /opt/airflow/dags/pipeline_dag.py took 0.125 seconds
[2025-11-19T23:28:39.923+0000] {processor.py:161} INFO - Started process (PID=599) to work on /opt/airflow/dags/pipeline_dag.py
[2025-11-19T23:28:39.925+0000] {processor.py:830} INFO - Processing file /opt/airflow/dags/pipeline_dag.py for tasks to queue
[2025-11-19T23:28:39.926+0000] {logging_mixin.py:188} INFO - [2025-11-19T23:28:39.926+0000] {dagbag.py:538} INFO - Filling up the DagBag from /opt/airflow/dags/pipeline_dag.py
[2025-11-19T23:28:39.955+0000] {processor.py:840} INFO - DAG(s) 'full_ml_pipeline_v2' retrieved from /opt/airflow/dags/pipeline_dag.py
[2025-11-19T23:28:39.984+0000] {logging_mixin.py:188} INFO - [2025-11-19T23:28:39.984+0000] {dag.py:3036} INFO - Sync 1 DAGs
[2025-11-19T23:28:40.008+0000] {logging_mixin.py:188} INFO - [2025-11-19T23:28:40.007+0000] {dag.py:3823} INFO - Setting next_dagrun for full_ml_pipeline_v2 to 2025-11-19 00:00:00+00:00, run_after=2025-11-20 00:00:00+00:00
[2025-11-19T23:28:40.030+0000] {processor.py:183} INFO - Processing /opt/airflow/dags/pipeline_dag.py took 0.111 seconds
[2025-11-19T23:29:10.415+0000] {processor.py:161} INFO - Started process (PID=646) to work on /opt/airflow/dags/pipeline_dag.py
[2025-11-19T23:29:10.420+0000] {processor.py:830} INFO - Processing file /opt/airflow/dags/pipeline_dag.py for tasks to queue
[2025-11-19T23:29:10.421+0000] {logging_mixin.py:188} INFO - [2025-11-19T23:29:10.421+0000] {dagbag.py:538} INFO - Filling up the DagBag from /opt/airflow/dags/pipeline_dag.py
[2025-11-19T23:29:10.514+0000] {processor.py:840} INFO - DAG(s) 'full_ml_pipeline_v2' retrieved from /opt/airflow/dags/pipeline_dag.py
[2025-11-19T23:29:10.565+0000] {logging_mixin.py:188} INFO - [2025-11-19T23:29:10.564+0000] {dag.py:3036} INFO - Sync 1 DAGs
[2025-11-19T23:29:10.600+0000] {logging_mixin.py:188} INFO - [2025-11-19T23:29:10.600+0000] {dag.py:3823} INFO - Setting next_dagrun for full_ml_pipeline_v2 to 2025-11-19 00:00:00+00:00, run_after=2025-11-20 00:00:00+00:00
[2025-11-19T23:29:10.658+0000] {processor.py:183} INFO - Processing /opt/airflow/dags/pipeline_dag.py took 0.247 seconds
[2025-11-19T23:29:40.873+0000] {processor.py:161} INFO - Started process (PID=647) to work on /opt/airflow/dags/pipeline_dag.py
[2025-11-19T23:29:40.875+0000] {processor.py:830} INFO - Processing file /opt/airflow/dags/pipeline_dag.py for tasks to queue
[2025-11-19T23:29:40.877+0000] {logging_mixin.py:188} INFO - [2025-11-19T23:29:40.876+0000] {dagbag.py:538} INFO - Filling up the DagBag from /opt/airflow/dags/pipeline_dag.py
[2025-11-19T23:29:40.951+0000] {processor.py:840} INFO - DAG(s) 'full_ml_pipeline_v2' retrieved from /opt/airflow/dags/pipeline_dag.py
[2025-11-19T23:29:41.008+0000] {logging_mixin.py:188} INFO - [2025-11-19T23:29:41.008+0000] {dag.py:3036} INFO - Sync 1 DAGs
[2025-11-19T23:29:41.049+0000] {logging_mixin.py:188} INFO - [2025-11-19T23:29:41.049+0000] {dag.py:3823} INFO - Setting next_dagrun for full_ml_pipeline_v2 to 2025-11-19 00:00:00+00:00, run_after=2025-11-20 00:00:00+00:00
[2025-11-19T23:29:41.096+0000] {processor.py:183} INFO - Processing /opt/airflow/dags/pipeline_dag.py took 0.229 seconds
[2025-11-19T23:30:11.577+0000] {processor.py:161} INFO - Started process (PID=648) to work on /opt/airflow/dags/pipeline_dag.py
[2025-11-19T23:30:11.583+0000] {processor.py:830} INFO - Processing file /opt/airflow/dags/pipeline_dag.py for tasks to queue
[2025-11-19T23:30:11.585+0000] {logging_mixin.py:188} INFO - [2025-11-19T23:30:11.584+0000] {dagbag.py:538} INFO - Filling up the DagBag from /opt/airflow/dags/pipeline_dag.py
[2025-11-19T23:30:11.707+0000] {processor.py:840} INFO - DAG(s) 'full_ml_pipeline_v2' retrieved from /opt/airflow/dags/pipeline_dag.py
[2025-11-19T23:30:11.762+0000] {logging_mixin.py:188} INFO - [2025-11-19T23:30:11.761+0000] {dag.py:3036} INFO - Sync 1 DAGs
[2025-11-19T23:30:11.821+0000] {logging_mixin.py:188} INFO - [2025-11-19T23:30:11.820+0000] {dag.py:3823} INFO - Setting next_dagrun for full_ml_pipeline_v2 to 2025-11-19 00:00:00+00:00, run_after=2025-11-20 00:00:00+00:00
[2025-11-19T23:30:11.873+0000] {processor.py:183} INFO - Processing /opt/airflow/dags/pipeline_dag.py took 0.305 seconds
[2025-11-19T23:30:42.105+0000] {processor.py:161} INFO - Started process (PID=649) to work on /opt/airflow/dags/pipeline_dag.py
[2025-11-19T23:30:42.110+0000] {processor.py:830} INFO - Processing file /opt/airflow/dags/pipeline_dag.py for tasks to queue
[2025-11-19T23:30:42.121+0000] {logging_mixin.py:188} INFO - [2025-11-19T23:30:42.120+0000] {dagbag.py:538} INFO - Filling up the DagBag from /opt/airflow/dags/pipeline_dag.py
[2025-11-19T23:30:42.187+0000] {processor.py:840} INFO - DAG(s) 'full_ml_pipeline_v2' retrieved from /opt/airflow/dags/pipeline_dag.py
[2025-11-19T23:30:42.256+0000] {logging_mixin.py:188} INFO - [2025-11-19T23:30:42.256+0000] {dag.py:3036} INFO - Sync 1 DAGs
[2025-11-19T23:30:42.336+0000] {logging_mixin.py:188} INFO - [2025-11-19T23:30:42.335+0000] {dag.py:3823} INFO - Setting next_dagrun for full_ml_pipeline_v2 to 2025-11-19 00:00:00+00:00, run_after=2025-11-20 00:00:00+00:00
[2025-11-19T23:30:42.423+0000] {processor.py:183} INFO - Processing /opt/airflow/dags/pipeline_dag.py took 0.324 seconds
[2025-11-19T23:31:12.901+0000] {processor.py:161} INFO - Started process (PID=650) to work on /opt/airflow/dags/pipeline_dag.py
[2025-11-19T23:31:12.903+0000] {processor.py:830} INFO - Processing file /opt/airflow/dags/pipeline_dag.py for tasks to queue
[2025-11-19T23:31:12.906+0000] {logging_mixin.py:188} INFO - [2025-11-19T23:31:12.906+0000] {dagbag.py:538} INFO - Filling up the DagBag from /opt/airflow/dags/pipeline_dag.py
[2025-11-19T23:31:13.027+0000] {processor.py:840} INFO - DAG(s) 'full_ml_pipeline_v2' retrieved from /opt/airflow/dags/pipeline_dag.py
[2025-11-19T23:31:13.099+0000] {logging_mixin.py:188} INFO - [2025-11-19T23:31:13.099+0000] {dag.py:3036} INFO - Sync 1 DAGs
[2025-11-19T23:31:13.144+0000] {logging_mixin.py:188} INFO - [2025-11-19T23:31:13.143+0000] {dag.py:3823} INFO - Setting next_dagrun for full_ml_pipeline_v2 to 2025-11-19 00:00:00+00:00, run_after=2025-11-20 00:00:00+00:00
[2025-11-19T23:31:13.187+0000] {processor.py:183} INFO - Processing /opt/airflow/dags/pipeline_dag.py took 0.297 seconds
[2025-11-19T23:31:43.366+0000] {processor.py:161} INFO - Started process (PID=651) to work on /opt/airflow/dags/pipeline_dag.py
[2025-11-19T23:31:43.371+0000] {processor.py:830} INFO - Processing file /opt/airflow/dags/pipeline_dag.py for tasks to queue
[2025-11-19T23:31:43.373+0000] {logging_mixin.py:188} INFO - [2025-11-19T23:31:43.372+0000] {dagbag.py:538} INFO - Filling up the DagBag from /opt/airflow/dags/pipeline_dag.py
[2025-11-19T23:31:43.438+0000] {processor.py:840} INFO - DAG(s) 'full_ml_pipeline_v2' retrieved from /opt/airflow/dags/pipeline_dag.py
[2025-11-19T23:31:43.490+0000] {logging_mixin.py:188} INFO - [2025-11-19T23:31:43.490+0000] {dag.py:3036} INFO - Sync 1 DAGs
[2025-11-19T23:31:43.537+0000] {logging_mixin.py:188} INFO - [2025-11-19T23:31:43.536+0000] {dag.py:3823} INFO - Setting next_dagrun for full_ml_pipeline_v2 to 2025-11-19 00:00:00+00:00, run_after=2025-11-20 00:00:00+00:00
[2025-11-19T23:31:43.588+0000] {processor.py:183} INFO - Processing /opt/airflow/dags/pipeline_dag.py took 0.227 seconds
[2025-11-19T23:32:13.830+0000] {processor.py:161} INFO - Started process (PID=652) to work on /opt/airflow/dags/pipeline_dag.py
[2025-11-19T23:32:13.831+0000] {processor.py:830} INFO - Processing file /opt/airflow/dags/pipeline_dag.py for tasks to queue
[2025-11-19T23:32:13.833+0000] {logging_mixin.py:188} INFO - [2025-11-19T23:32:13.832+0000] {dagbag.py:538} INFO - Filling up the DagBag from /opt/airflow/dags/pipeline_dag.py
[2025-11-19T23:32:13.979+0000] {processor.py:840} INFO - DAG(s) 'full_ml_pipeline_v2' retrieved from /opt/airflow/dags/pipeline_dag.py
[2025-11-19T23:32:14.038+0000] {logging_mixin.py:188} INFO - [2025-11-19T23:32:14.034+0000] {dag.py:3036} INFO - Sync 1 DAGs
[2025-11-19T23:32:14.100+0000] {logging_mixin.py:188} INFO - [2025-11-19T23:32:14.099+0000] {dag.py:3823} INFO - Setting next_dagrun for full_ml_pipeline_v2 to 2025-11-19 00:00:00+00:00, run_after=2025-11-20 00:00:00+00:00
[2025-11-19T23:32:14.152+0000] {processor.py:183} INFO - Processing /opt/airflow/dags/pipeline_dag.py took 0.334 seconds
[2025-11-19T23:32:44.579+0000] {processor.py:161} INFO - Started process (PID=653) to work on /opt/airflow/dags/pipeline_dag.py
[2025-11-19T23:32:44.585+0000] {processor.py:830} INFO - Processing file /opt/airflow/dags/pipeline_dag.py for tasks to queue
[2025-11-19T23:32:44.594+0000] {logging_mixin.py:188} INFO - [2025-11-19T23:32:44.593+0000] {dagbag.py:538} INFO - Filling up the DagBag from /opt/airflow/dags/pipeline_dag.py
[2025-11-19T23:32:44.706+0000] {processor.py:840} INFO - DAG(s) 'full_ml_pipeline_v2' retrieved from /opt/airflow/dags/pipeline_dag.py
[2025-11-19T23:32:44.763+0000] {logging_mixin.py:188} INFO - [2025-11-19T23:32:44.763+0000] {dag.py:3036} INFO - Sync 1 DAGs
[2025-11-19T23:32:44.835+0000] {logging_mixin.py:188} INFO - [2025-11-19T23:32:44.835+0000] {dag.py:3823} INFO - Setting next_dagrun for full_ml_pipeline_v2 to 2025-11-19 00:00:00+00:00, run_after=2025-11-20 00:00:00+00:00
[2025-11-19T23:32:44.911+0000] {processor.py:183} INFO - Processing /opt/airflow/dags/pipeline_dag.py took 0.337 seconds
[2025-11-19T23:33:15.290+0000] {processor.py:161} INFO - Started process (PID=654) to work on /opt/airflow/dags/pipeline_dag.py
[2025-11-19T23:33:15.292+0000] {processor.py:830} INFO - Processing file /opt/airflow/dags/pipeline_dag.py for tasks to queue
[2025-11-19T23:33:15.295+0000] {logging_mixin.py:188} INFO - [2025-11-19T23:33:15.295+0000] {dagbag.py:538} INFO - Filling up the DagBag from /opt/airflow/dags/pipeline_dag.py
[2025-11-19T23:33:15.417+0000] {processor.py:840} INFO - DAG(s) 'full_ml_pipeline_v2' retrieved from /opt/airflow/dags/pipeline_dag.py
[2025-11-19T23:33:15.480+0000] {logging_mixin.py:188} INFO - [2025-11-19T23:33:15.479+0000] {dag.py:3036} INFO - Sync 1 DAGs
[2025-11-19T23:33:15.521+0000] {logging_mixin.py:188} INFO - [2025-11-19T23:33:15.521+0000] {dag.py:3823} INFO - Setting next_dagrun for full_ml_pipeline_v2 to 2025-11-19 00:00:00+00:00, run_after=2025-11-20 00:00:00+00:00
[2025-11-19T23:33:15.561+0000] {processor.py:183} INFO - Processing /opt/airflow/dags/pipeline_dag.py took 0.282 seconds
[2025-11-19T23:33:45.927+0000] {processor.py:161} INFO - Started process (PID=655) to work on /opt/airflow/dags/pipeline_dag.py
[2025-11-19T23:33:45.930+0000] {processor.py:830} INFO - Processing file /opt/airflow/dags/pipeline_dag.py for tasks to queue
[2025-11-19T23:33:45.937+0000] {logging_mixin.py:188} INFO - [2025-11-19T23:33:45.935+0000] {dagbag.py:538} INFO - Filling up the DagBag from /opt/airflow/dags/pipeline_dag.py
[2025-11-19T23:33:46.021+0000] {processor.py:840} INFO - DAG(s) 'full_ml_pipeline_v2' retrieved from /opt/airflow/dags/pipeline_dag.py
[2025-11-19T23:33:46.079+0000] {logging_mixin.py:188} INFO - [2025-11-19T23:33:46.079+0000] {dag.py:3036} INFO - Sync 1 DAGs
[2025-11-19T23:33:46.126+0000] {logging_mixin.py:188} INFO - [2025-11-19T23:33:46.126+0000] {dag.py:3823} INFO - Setting next_dagrun for full_ml_pipeline_v2 to 2025-11-19 00:00:00+00:00, run_after=2025-11-20 00:00:00+00:00
[2025-11-19T23:33:46.186+0000] {processor.py:183} INFO - Processing /opt/airflow/dags/pipeline_dag.py took 0.263 seconds
[2025-11-19T23:34:16.708+0000] {processor.py:161} INFO - Started process (PID=656) to work on /opt/airflow/dags/pipeline_dag.py
[2025-11-19T23:34:16.710+0000] {processor.py:830} INFO - Processing file /opt/airflow/dags/pipeline_dag.py for tasks to queue
[2025-11-19T23:34:16.712+0000] {logging_mixin.py:188} INFO - [2025-11-19T23:34:16.711+0000] {dagbag.py:538} INFO - Filling up the DagBag from /opt/airflow/dags/pipeline_dag.py
[2025-11-19T23:34:16.809+0000] {processor.py:840} INFO - DAG(s) 'full_ml_pipeline_v2' retrieved from /opt/airflow/dags/pipeline_dag.py
[2025-11-19T23:34:16.859+0000] {logging_mixin.py:188} INFO - [2025-11-19T23:34:16.858+0000] {dag.py:3036} INFO - Sync 1 DAGs
[2025-11-19T23:34:16.911+0000] {logging_mixin.py:188} INFO - [2025-11-19T23:34:16.910+0000] {dag.py:3823} INFO - Setting next_dagrun for full_ml_pipeline_v2 to 2025-11-19 00:00:00+00:00, run_after=2025-11-20 00:00:00+00:00
[2025-11-19T23:34:16.970+0000] {processor.py:183} INFO - Processing /opt/airflow/dags/pipeline_dag.py took 0.268 seconds
[2025-11-19T23:34:47.229+0000] {processor.py:161} INFO - Started process (PID=657) to work on /opt/airflow/dags/pipeline_dag.py
[2025-11-19T23:34:47.231+0000] {processor.py:830} INFO - Processing file /opt/airflow/dags/pipeline_dag.py for tasks to queue
[2025-11-19T23:34:47.232+0000] {logging_mixin.py:188} INFO - [2025-11-19T23:34:47.232+0000] {dagbag.py:538} INFO - Filling up the DagBag from /opt/airflow/dags/pipeline_dag.py
[2025-11-19T23:34:47.278+0000] {processor.py:840} INFO - DAG(s) 'full_ml_pipeline_v2' retrieved from /opt/airflow/dags/pipeline_dag.py
[2025-11-19T23:34:47.328+0000] {logging_mixin.py:188} INFO - [2025-11-19T23:34:47.326+0000] {dag.py:3036} INFO - Sync 1 DAGs
[2025-11-19T23:34:47.372+0000] {logging_mixin.py:188} INFO - [2025-11-19T23:34:47.371+0000] {dag.py:3823} INFO - Setting next_dagrun for full_ml_pipeline_v2 to 2025-11-19 00:00:00+00:00, run_after=2025-11-20 00:00:00+00:00
[2025-11-19T23:34:47.408+0000] {processor.py:183} INFO - Processing /opt/airflow/dags/pipeline_dag.py took 0.185 seconds
[2025-11-19T23:35:18.046+0000] {processor.py:161} INFO - Started process (PID=658) to work on /opt/airflow/dags/pipeline_dag.py
[2025-11-19T23:35:18.051+0000] {processor.py:830} INFO - Processing file /opt/airflow/dags/pipeline_dag.py for tasks to queue
[2025-11-19T23:35:18.057+0000] {logging_mixin.py:188} INFO - [2025-11-19T23:35:18.056+0000] {dagbag.py:538} INFO - Filling up the DagBag from /opt/airflow/dags/pipeline_dag.py
[2025-11-19T23:35:18.175+0000] {processor.py:840} INFO - DAG(s) 'full_ml_pipeline_v2' retrieved from /opt/airflow/dags/pipeline_dag.py
[2025-11-19T23:35:18.244+0000] {logging_mixin.py:188} INFO - [2025-11-19T23:35:18.243+0000] {dag.py:3036} INFO - Sync 1 DAGs
[2025-11-19T23:35:18.298+0000] {logging_mixin.py:188} INFO - [2025-11-19T23:35:18.298+0000] {dag.py:3823} INFO - Setting next_dagrun for full_ml_pipeline_v2 to 2025-11-19 00:00:00+00:00, run_after=2025-11-20 00:00:00+00:00
[2025-11-19T23:35:18.346+0000] {processor.py:183} INFO - Processing /opt/airflow/dags/pipeline_dag.py took 0.315 seconds
[2025-11-19T23:35:48.479+0000] {processor.py:161} INFO - Started process (PID=659) to work on /opt/airflow/dags/pipeline_dag.py
[2025-11-19T23:35:48.482+0000] {processor.py:830} INFO - Processing file /opt/airflow/dags/pipeline_dag.py for tasks to queue
[2025-11-19T23:35:48.483+0000] {logging_mixin.py:188} INFO - [2025-11-19T23:35:48.483+0000] {dagbag.py:538} INFO - Filling up the DagBag from /opt/airflow/dags/pipeline_dag.py
[2025-11-19T23:35:48.589+0000] {processor.py:840} INFO - DAG(s) 'full_ml_pipeline_v2' retrieved from /opt/airflow/dags/pipeline_dag.py
[2025-11-19T23:35:48.669+0000] {logging_mixin.py:188} INFO - [2025-11-19T23:35:48.669+0000] {dag.py:3036} INFO - Sync 1 DAGs
[2025-11-19T23:35:48.729+0000] {logging_mixin.py:188} INFO - [2025-11-19T23:35:48.726+0000] {dag.py:3823} INFO - Setting next_dagrun for full_ml_pipeline_v2 to 2025-11-19 00:00:00+00:00, run_after=2025-11-20 00:00:00+00:00
[2025-11-19T23:35:48.807+0000] {processor.py:183} INFO - Processing /opt/airflow/dags/pipeline_dag.py took 0.334 seconds
[2025-11-19T23:36:19.295+0000] {processor.py:161} INFO - Started process (PID=660) to work on /opt/airflow/dags/pipeline_dag.py
[2025-11-19T23:36:19.300+0000] {processor.py:830} INFO - Processing file /opt/airflow/dags/pipeline_dag.py for tasks to queue
[2025-11-19T23:36:19.305+0000] {logging_mixin.py:188} INFO - [2025-11-19T23:36:19.304+0000] {dagbag.py:538} INFO - Filling up the DagBag from /opt/airflow/dags/pipeline_dag.py
[2025-11-19T23:36:19.484+0000] {processor.py:840} INFO - DAG(s) 'full_ml_pipeline_v2' retrieved from /opt/airflow/dags/pipeline_dag.py
[2025-11-19T23:36:19.561+0000] {logging_mixin.py:188} INFO - [2025-11-19T23:36:19.560+0000] {dag.py:3036} INFO - Sync 1 DAGs
[2025-11-19T23:36:19.632+0000] {logging_mixin.py:188} INFO - [2025-11-19T23:36:19.632+0000] {dag.py:3823} INFO - Setting next_dagrun for full_ml_pipeline_v2 to 2025-11-19 00:00:00+00:00, run_after=2025-11-20 00:00:00+00:00
[2025-11-19T23:36:19.685+0000] {processor.py:183} INFO - Processing /opt/airflow/dags/pipeline_dag.py took 0.398 seconds
[2025-11-19T23:36:49.834+0000] {processor.py:161} INFO - Started process (PID=661) to work on /opt/airflow/dags/pipeline_dag.py
[2025-11-19T23:36:49.836+0000] {processor.py:830} INFO - Processing file /opt/airflow/dags/pipeline_dag.py for tasks to queue
[2025-11-19T23:36:49.839+0000] {logging_mixin.py:188} INFO - [2025-11-19T23:36:49.838+0000] {dagbag.py:538} INFO - Filling up the DagBag from /opt/airflow/dags/pipeline_dag.py
[2025-11-19T23:36:49.940+0000] {processor.py:840} INFO - DAG(s) 'full_ml_pipeline_v2' retrieved from /opt/airflow/dags/pipeline_dag.py
[2025-11-19T23:36:50.036+0000] {logging_mixin.py:188} INFO - [2025-11-19T23:36:50.035+0000] {dag.py:3036} INFO - Sync 1 DAGs
[2025-11-19T23:36:50.087+0000] {logging_mixin.py:188} INFO - [2025-11-19T23:36:50.086+0000] {dag.py:3823} INFO - Setting next_dagrun for full_ml_pipeline_v2 to 2025-11-19 00:00:00+00:00, run_after=2025-11-20 00:00:00+00:00
[2025-11-19T23:36:50.140+0000] {processor.py:183} INFO - Processing /opt/airflow/dags/pipeline_dag.py took 0.319 seconds
[2025-11-19T23:37:20.247+0000] {processor.py:161} INFO - Started process (PID=662) to work on /opt/airflow/dags/pipeline_dag.py
[2025-11-19T23:37:20.250+0000] {processor.py:830} INFO - Processing file /opt/airflow/dags/pipeline_dag.py for tasks to queue
[2025-11-19T23:37:20.252+0000] {logging_mixin.py:188} INFO - [2025-11-19T23:37:20.251+0000] {dagbag.py:538} INFO - Filling up the DagBag from /opt/airflow/dags/pipeline_dag.py
[2025-11-19T23:37:20.296+0000] {processor.py:840} INFO - DAG(s) 'full_ml_pipeline_v2' retrieved from /opt/airflow/dags/pipeline_dag.py
[2025-11-19T23:37:20.373+0000] {logging_mixin.py:188} INFO - [2025-11-19T23:37:20.373+0000] {dag.py:3036} INFO - Sync 1 DAGs
[2025-11-19T23:37:20.441+0000] {logging_mixin.py:188} INFO - [2025-11-19T23:37:20.441+0000] {dag.py:3823} INFO - Setting next_dagrun for full_ml_pipeline_v2 to 2025-11-19 00:00:00+00:00, run_after=2025-11-20 00:00:00+00:00
[2025-11-19T23:37:20.504+0000] {processor.py:183} INFO - Processing /opt/airflow/dags/pipeline_dag.py took 0.269 seconds
[2025-11-19T23:37:50.798+0000] {processor.py:161} INFO - Started process (PID=663) to work on /opt/airflow/dags/pipeline_dag.py
[2025-11-19T23:37:50.802+0000] {processor.py:830} INFO - Processing file /opt/airflow/dags/pipeline_dag.py for tasks to queue
[2025-11-19T23:37:50.812+0000] {logging_mixin.py:188} INFO - [2025-11-19T23:37:50.811+0000] {dagbag.py:538} INFO - Filling up the DagBag from /opt/airflow/dags/pipeline_dag.py
[2025-11-19T23:37:50.888+0000] {processor.py:840} INFO - DAG(s) 'full_ml_pipeline_v2' retrieved from /opt/airflow/dags/pipeline_dag.py
[2025-11-19T23:37:50.963+0000] {logging_mixin.py:188} INFO - [2025-11-19T23:37:50.963+0000] {dag.py:3036} INFO - Sync 1 DAGs
[2025-11-19T23:37:51.025+0000] {logging_mixin.py:188} INFO - [2025-11-19T23:37:51.023+0000] {dag.py:3823} INFO - Setting next_dagrun for full_ml_pipeline_v2 to 2025-11-19 00:00:00+00:00, run_after=2025-11-20 00:00:00+00:00
[2025-11-19T23:37:51.086+0000] {processor.py:183} INFO - Processing /opt/airflow/dags/pipeline_dag.py took 0.295 seconds
[2025-11-19T23:38:21.421+0000] {processor.py:161} INFO - Started process (PID=667) to work on /opt/airflow/dags/pipeline_dag.py
[2025-11-19T23:38:21.424+0000] {processor.py:830} INFO - Processing file /opt/airflow/dags/pipeline_dag.py for tasks to queue
[2025-11-19T23:38:21.426+0000] {logging_mixin.py:188} INFO - [2025-11-19T23:38:21.425+0000] {dagbag.py:538} INFO - Filling up the DagBag from /opt/airflow/dags/pipeline_dag.py
[2025-11-19T23:38:21.458+0000] {processor.py:840} INFO - DAG(s) 'full_ml_pipeline_v2' retrieved from /opt/airflow/dags/pipeline_dag.py
[2025-11-19T23:38:21.502+0000] {logging_mixin.py:188} INFO - [2025-11-19T23:38:21.502+0000] {dag.py:3036} INFO - Sync 1 DAGs
[2025-11-19T23:38:21.546+0000] {logging_mixin.py:188} INFO - [2025-11-19T23:38:21.546+0000] {dag.py:3823} INFO - Setting next_dagrun for full_ml_pipeline_v2 to 2025-11-19 00:00:00+00:00, run_after=2025-11-20 00:00:00+00:00
[2025-11-19T23:38:21.583+0000] {processor.py:183} INFO - Processing /opt/airflow/dags/pipeline_dag.py took 0.169 seconds
[2025-11-19T23:38:51.757+0000] {processor.py:161} INFO - Started process (PID=712) to work on /opt/airflow/dags/pipeline_dag.py
[2025-11-19T23:38:51.759+0000] {processor.py:830} INFO - Processing file /opt/airflow/dags/pipeline_dag.py for tasks to queue
[2025-11-19T23:38:51.760+0000] {logging_mixin.py:188} INFO - [2025-11-19T23:38:51.760+0000] {dagbag.py:538} INFO - Filling up the DagBag from /opt/airflow/dags/pipeline_dag.py
[2025-11-19T23:38:51.786+0000] {processor.py:840} INFO - DAG(s) 'full_ml_pipeline_v2' retrieved from /opt/airflow/dags/pipeline_dag.py
[2025-11-19T23:38:51.815+0000] {logging_mixin.py:188} INFO - [2025-11-19T23:38:51.815+0000] {dag.py:3036} INFO - Sync 1 DAGs
[2025-11-19T23:38:51.841+0000] {logging_mixin.py:188} INFO - [2025-11-19T23:38:51.841+0000] {dag.py:3823} INFO - Setting next_dagrun for full_ml_pipeline_v2 to 2025-11-19 00:00:00+00:00, run_after=2025-11-20 00:00:00+00:00
[2025-11-19T23:38:51.866+0000] {processor.py:183} INFO - Processing /opt/airflow/dags/pipeline_dag.py took 0.112 seconds
[2025-11-19T23:39:22.001+0000] {processor.py:161} INFO - Started process (PID=713) to work on /opt/airflow/dags/pipeline_dag.py
[2025-11-19T23:39:22.003+0000] {processor.py:830} INFO - Processing file /opt/airflow/dags/pipeline_dag.py for tasks to queue
[2025-11-19T23:39:22.004+0000] {logging_mixin.py:188} INFO - [2025-11-19T23:39:22.004+0000] {dagbag.py:538} INFO - Filling up the DagBag from /opt/airflow/dags/pipeline_dag.py
[2025-11-19T23:39:22.032+0000] {processor.py:840} INFO - DAG(s) 'full_ml_pipeline_v2' retrieved from /opt/airflow/dags/pipeline_dag.py
[2025-11-19T23:39:22.067+0000] {logging_mixin.py:188} INFO - [2025-11-19T23:39:22.066+0000] {dag.py:3036} INFO - Sync 1 DAGs
[2025-11-19T23:39:22.091+0000] {logging_mixin.py:188} INFO - [2025-11-19T23:39:22.091+0000] {dag.py:3823} INFO - Setting next_dagrun for full_ml_pipeline_v2 to 2025-11-19 00:00:00+00:00, run_after=2025-11-20 00:00:00+00:00
[2025-11-19T23:39:22.112+0000] {processor.py:183} INFO - Processing /opt/airflow/dags/pipeline_dag.py took 0.117 seconds
[2025-11-19T23:39:52.350+0000] {processor.py:161} INFO - Started process (PID=714) to work on /opt/airflow/dags/pipeline_dag.py
[2025-11-19T23:39:52.351+0000] {processor.py:830} INFO - Processing file /opt/airflow/dags/pipeline_dag.py for tasks to queue
[2025-11-19T23:39:52.352+0000] {logging_mixin.py:188} INFO - [2025-11-19T23:39:52.352+0000] {dagbag.py:538} INFO - Filling up the DagBag from /opt/airflow/dags/pipeline_dag.py
[2025-11-19T23:39:52.379+0000] {processor.py:840} INFO - DAG(s) 'full_ml_pipeline_v2' retrieved from /opt/airflow/dags/pipeline_dag.py
[2025-11-19T23:39:52.410+0000] {logging_mixin.py:188} INFO - [2025-11-19T23:39:52.410+0000] {dag.py:3036} INFO - Sync 1 DAGs
[2025-11-19T23:39:52.434+0000] {logging_mixin.py:188} INFO - [2025-11-19T23:39:52.434+0000] {dag.py:3823} INFO - Setting next_dagrun for full_ml_pipeline_v2 to 2025-11-19 00:00:00+00:00, run_after=2025-11-20 00:00:00+00:00
[2025-11-19T23:39:52.464+0000] {processor.py:183} INFO - Processing /opt/airflow/dags/pipeline_dag.py took 0.117 seconds
[2025-11-19T23:40:22.656+0000] {processor.py:161} INFO - Started process (PID=715) to work on /opt/airflow/dags/pipeline_dag.py
[2025-11-19T23:40:22.658+0000] {processor.py:830} INFO - Processing file /opt/airflow/dags/pipeline_dag.py for tasks to queue
[2025-11-19T23:40:22.660+0000] {logging_mixin.py:188} INFO - [2025-11-19T23:40:22.659+0000] {dagbag.py:538} INFO - Filling up the DagBag from /opt/airflow/dags/pipeline_dag.py
[2025-11-19T23:40:22.693+0000] {processor.py:840} INFO - DAG(s) 'full_ml_pipeline_v2' retrieved from /opt/airflow/dags/pipeline_dag.py
[2025-11-19T23:40:22.744+0000] {logging_mixin.py:188} INFO - [2025-11-19T23:40:22.743+0000] {dag.py:3036} INFO - Sync 1 DAGs
[2025-11-19T23:40:22.768+0000] {logging_mixin.py:188} INFO - [2025-11-19T23:40:22.768+0000] {dag.py:3823} INFO - Setting next_dagrun for full_ml_pipeline_v2 to 2025-11-19 00:00:00+00:00, run_after=2025-11-20 00:00:00+00:00
[2025-11-19T23:40:22.791+0000] {processor.py:183} INFO - Processing /opt/airflow/dags/pipeline_dag.py took 0.141 seconds
[2025-11-19T23:40:52.912+0000] {processor.py:161} INFO - Started process (PID=716) to work on /opt/airflow/dags/pipeline_dag.py
[2025-11-19T23:40:52.913+0000] {processor.py:830} INFO - Processing file /opt/airflow/dags/pipeline_dag.py for tasks to queue
[2025-11-19T23:40:52.914+0000] {logging_mixin.py:188} INFO - [2025-11-19T23:40:52.914+0000] {dagbag.py:538} INFO - Filling up the DagBag from /opt/airflow/dags/pipeline_dag.py
[2025-11-19T23:40:52.944+0000] {processor.py:840} INFO - DAG(s) 'full_ml_pipeline_v2' retrieved from /opt/airflow/dags/pipeline_dag.py
[2025-11-19T23:40:52.975+0000] {logging_mixin.py:188} INFO - [2025-11-19T23:40:52.974+0000] {dag.py:3036} INFO - Sync 1 DAGs
[2025-11-19T23:40:52.999+0000] {logging_mixin.py:188} INFO - [2025-11-19T23:40:52.998+0000] {dag.py:3823} INFO - Setting next_dagrun for full_ml_pipeline_v2 to 2025-11-19 00:00:00+00:00, run_after=2025-11-20 00:00:00+00:00
[2025-11-19T23:40:53.059+0000] {processor.py:183} INFO - Processing /opt/airflow/dags/pipeline_dag.py took 0.150 seconds
[2025-11-19T23:41:23.155+0000] {processor.py:161} INFO - Started process (PID=717) to work on /opt/airflow/dags/pipeline_dag.py
[2025-11-19T23:41:23.156+0000] {processor.py:830} INFO - Processing file /opt/airflow/dags/pipeline_dag.py for tasks to queue
[2025-11-19T23:41:23.157+0000] {logging_mixin.py:188} INFO - [2025-11-19T23:41:23.157+0000] {dagbag.py:538} INFO - Filling up the DagBag from /opt/airflow/dags/pipeline_dag.py
[2025-11-19T23:41:23.195+0000] {processor.py:840} INFO - DAG(s) 'full_ml_pipeline_v2' retrieved from /opt/airflow/dags/pipeline_dag.py
[2025-11-19T23:41:23.227+0000] {logging_mixin.py:188} INFO - [2025-11-19T23:41:23.227+0000] {dag.py:3036} INFO - Sync 1 DAGs
[2025-11-19T23:41:23.253+0000] {logging_mixin.py:188} INFO - [2025-11-19T23:41:23.253+0000] {dag.py:3823} INFO - Setting next_dagrun for full_ml_pipeline_v2 to 2025-11-19 00:00:00+00:00, run_after=2025-11-20 00:00:00+00:00
[2025-11-19T23:41:23.277+0000] {processor.py:183} INFO - Processing /opt/airflow/dags/pipeline_dag.py took 0.126 seconds
[2025-11-19T23:41:53.427+0000] {processor.py:161} INFO - Started process (PID=718) to work on /opt/airflow/dags/pipeline_dag.py
[2025-11-19T23:41:53.429+0000] {processor.py:830} INFO - Processing file /opt/airflow/dags/pipeline_dag.py for tasks to queue
[2025-11-19T23:41:53.431+0000] {logging_mixin.py:188} INFO - [2025-11-19T23:41:53.430+0000] {dagbag.py:538} INFO - Filling up the DagBag from /opt/airflow/dags/pipeline_dag.py
[2025-11-19T23:41:53.467+0000] {processor.py:840} INFO - DAG(s) 'full_ml_pipeline_v2' retrieved from /opt/airflow/dags/pipeline_dag.py
[2025-11-19T23:41:53.504+0000] {logging_mixin.py:188} INFO - [2025-11-19T23:41:53.504+0000] {dag.py:3036} INFO - Sync 1 DAGs
[2025-11-19T23:41:53.528+0000] {logging_mixin.py:188} INFO - [2025-11-19T23:41:53.528+0000] {dag.py:3823} INFO - Setting next_dagrun for full_ml_pipeline_v2 to 2025-11-19 00:00:00+00:00, run_after=2025-11-20 00:00:00+00:00
[2025-11-19T23:41:53.557+0000] {processor.py:183} INFO - Processing /opt/airflow/dags/pipeline_dag.py took 0.135 seconds
[2025-11-19T23:42:23.644+0000] {processor.py:161} INFO - Started process (PID=719) to work on /opt/airflow/dags/pipeline_dag.py
[2025-11-19T23:42:23.646+0000] {processor.py:830} INFO - Processing file /opt/airflow/dags/pipeline_dag.py for tasks to queue
[2025-11-19T23:42:23.648+0000] {logging_mixin.py:188} INFO - [2025-11-19T23:42:23.648+0000] {dagbag.py:538} INFO - Filling up the DagBag from /opt/airflow/dags/pipeline_dag.py
[2025-11-19T23:42:23.676+0000] {processor.py:840} INFO - DAG(s) 'full_ml_pipeline_v2' retrieved from /opt/airflow/dags/pipeline_dag.py
[2025-11-19T23:42:23.713+0000] {logging_mixin.py:188} INFO - [2025-11-19T23:42:23.713+0000] {dag.py:3036} INFO - Sync 1 DAGs
[2025-11-19T23:42:23.748+0000] {logging_mixin.py:188} INFO - [2025-11-19T23:42:23.747+0000] {dag.py:3823} INFO - Setting next_dagrun for full_ml_pipeline_v2 to 2025-11-19 00:00:00+00:00, run_after=2025-11-20 00:00:00+00:00
[2025-11-19T23:42:23.775+0000] {processor.py:183} INFO - Processing /opt/airflow/dags/pipeline_dag.py took 0.136 seconds
[2025-11-19T23:42:53.950+0000] {processor.py:161} INFO - Started process (PID=720) to work on /opt/airflow/dags/pipeline_dag.py
[2025-11-19T23:42:53.951+0000] {processor.py:830} INFO - Processing file /opt/airflow/dags/pipeline_dag.py for tasks to queue
[2025-11-19T23:42:53.953+0000] {logging_mixin.py:188} INFO - [2025-11-19T23:42:53.952+0000] {dagbag.py:538} INFO - Filling up the DagBag from /opt/airflow/dags/pipeline_dag.py
[2025-11-19T23:42:53.983+0000] {processor.py:840} INFO - DAG(s) 'full_ml_pipeline_v2' retrieved from /opt/airflow/dags/pipeline_dag.py
[2025-11-19T23:42:54.016+0000] {logging_mixin.py:188} INFO - [2025-11-19T23:42:54.016+0000] {dag.py:3036} INFO - Sync 1 DAGs
[2025-11-19T23:42:54.051+0000] {logging_mixin.py:188} INFO - [2025-11-19T23:42:54.050+0000] {dag.py:3823} INFO - Setting next_dagrun for full_ml_pipeline_v2 to 2025-11-19 00:00:00+00:00, run_after=2025-11-20 00:00:00+00:00
[2025-11-19T23:42:54.077+0000] {processor.py:183} INFO - Processing /opt/airflow/dags/pipeline_dag.py took 0.130 seconds
[2025-11-19T23:43:37.838+0000] {processor.py:161} INFO - Started process (PID=721) to work on /opt/airflow/dags/pipeline_dag.py
[2025-11-19T23:43:37.840+0000] {processor.py:830} INFO - Processing file /opt/airflow/dags/pipeline_dag.py for tasks to queue
[2025-11-19T23:43:37.841+0000] {logging_mixin.py:188} INFO - [2025-11-19T23:43:37.840+0000] {dagbag.py:538} INFO - Filling up the DagBag from /opt/airflow/dags/pipeline_dag.py
[2025-11-19T23:43:37.962+0000] {processor.py:840} INFO - DAG(s) 'full_ml_pipeline_v2' retrieved from /opt/airflow/dags/pipeline_dag.py
[2025-11-19T23:43:38.052+0000] {logging_mixin.py:188} INFO - [2025-11-19T23:43:38.051+0000] {dag.py:3036} INFO - Sync 1 DAGs
[2025-11-19T23:43:38.131+0000] {logging_mixin.py:188} INFO - [2025-11-19T23:43:38.130+0000] {dag.py:3823} INFO - Setting next_dagrun for full_ml_pipeline_v2 to 2025-11-19 00:00:00+00:00, run_after=2025-11-20 00:00:00+00:00
[2025-11-19T23:43:38.264+0000] {processor.py:183} INFO - Processing /opt/airflow/dags/pipeline_dag.py took 0.429 seconds
