customer_id,product_id
61899,1370
172056,61672
176643,56714
183213,61348
187806,50270
194082,11262
205353,61672
206787,61542
207222,61542
217848,48574
229527,61552
230286,56714
230331,56714
232410,61364
236115,50716
236226,48574
70890,56714
71274,36720
88920,35732
183195,39186
186384,1370
206433,1370
217782,57804
218265,61542
220713,1370
222906,11262
231663,1370
232035,50716
234018,11262
234297,11262
244404,1370
56868,1370
60864,11262
164337,1370
173940,11262
175266,35732
176643,48574
188331,61280
205107,11262
205959,1370
212397,48574
217782,1370
234093,50716
234120,56714
60888,11262
61482,50716
64299,11262
154041,1370
164541,61672
178230,30500
178458,30500
178458,60522
178830,48574
183105,56714
188787,50716
191232,61542
197673,56714
201837,61542
203259,11262
211383,11262
212211,48574
212748,56714
59691,1370
61908,61542
88920,50270
186174,50716
198867,30500
203259,1370
206940,56714
207339,11262
213978,56714
216123,1370
218265,1370
225501,62074
227115,61542
230286,1370
63873,61542
153303,61672
164007,1370
172161,61672
189045,56714
194229,62074
194790,61542
197286,44302
198552,16358
210120,1370
220269,61280
222906,44302
239577,11262
72483,11490
163131,30500
164541,1370
183213,61364
186990,56714
196845,61542
198573,30500
203175,50716
205353,11262
206367,1370
210678,11262
220269,124
236115,56714
25749,1370
154551,61542
183450,11262
183573,61542
186174,52918
201522,60522
203175,33886
203259,61672
204144,16358
237300,1370
60888,50274
88821,1370
155055,48574
172161,48574
183213,11262
183492,61672
183573,48574
188637,1370
197286,39186
206772,56714
206940,44302
207150,61542
60888,56714
62817,50274
159831,1370
183105,3382
183213,50716
183492,35732
188331,39186
189045,48574
194229,50716
203820,1370
242409,1370
71271,61364
154245,61542
160029,1370
187806,124
197286,35732
207216,48574
222906,30500
227988,61672
67827,1370
71271,16358
186990,1370
187707,61542
198573,50716
204795,11262
207216,1370
210171,61542
210171,1370
220269,61364
229527,1370
234972,62074
25749,50270
59691,11262
63873,11262
71274,10808
165717,1370
176643,1370
179790,1370
207078,56714
241824,61542
128469,50716
179496,61542
183213,16358
183789,1370
186174,30500
203094,1370
204762,62074
210840,62074
211950,1370
216648,61542
220269,56714
225669,61558
242388,60522
71271,50270
172161,1370
193323,61542
203100,61542
203460,11262
203790,16358
219021,48574
59703,56714
66777,48574
72483,30500
153303,11262
155055,56714
172419,1370
178458,44302
183105,61280
187806,50716
189045,1370
191892,56714
203100,48574
203790,48574
232455,48574
232827,61558
242556,11262
167652,1370
187707,52918
187734,1370
187806,54290
194229,61542
203502,33886
204222,11262
205353,1370
207399,1370
232827,56714
183195,48574
183195,52918
186990,50716
187806,30500
191232,61280
192771,61542
194082,56714
196845,11262
203112,11262
207102,33886
71274,48298
159831,48574
186990,11262
187806,48574
188331,50270
194229,39186
198573,34092
204657,11262
206670,61542
207222,56714
207996,1370
216498,1370
241329,1370
167571,1370
178230,35732
183105,35732
187797,61672
196845,39186
201522,56714
206367,56714
206772,61280
207339,61542
210981,11262
212748,59816
234120,1370
237300,48574
154077,1370
172056,11262
183489,1370
189045,61542
194883,50716
198573,11262
203259,61542
204522,1370
209622,61542
221115,1370
64299,1370
154041,48574
178230,48574
186174,1370
187806,61672
188331,50274
188787,11262
191232,48574
191232,56714
198867,1370
204144,1370
207996,61542
210678,62074
216498,61542
239577,1370
241824,59822
196845,61552
204762,1370
217848,1370
224925,11262
225501,56714
234093,48574
60864,1370
72045,1370
129081,35732
187101,44302
194229,44302
203082,1370
203460,1370
211383,48574
217782,61280
232410,61542
72483,33886
158742,11262
183105,61542
186174,48298
193323,11262
194229,56714
206940,30500
207150,11262
210678,1370
222669,33886
234297,61558
183105,1370
196845,48574
211806,61542
231900,11262
239556,1370
25749,30500
25749,124
71271,44302
72483,44302
154797,124
173940,1370
183213,56714
187806,44302
191232,11262
203460,48574
204144,11262
209637,1370
234093,30500
237300,11262
60888,39186
61977,56714
66378,50270
88920,11262
172161,11262
175293,1370
183195,36720
206940,61542
206940,11262
220269,61542
227343,1370
239247,11262
61899,30500
176403,61364
191232,11490
209622,54096
234021,11262
71271,34092
163131,48574
178458,48574
183213,61552
188331,11262
202959,48574
203445,16358
203502,35732
203502,61542
206418,50716
212721,1370
212775,48574
219021,1370
219381,1370
231102,61542
234018,61542
244380,48574
71274,48574
128502,50270
178230,61542
183492,48574
187707,124
188331,61672
206955,61558
207222,11262
211950,35732
212721,61280
217782,50716
25749,61552
153303,1370
158742,61672
165750,1370
176403,10808
178230,1370
183576,30500
183576,35732
186174,61672
187707,56714
188343,1370
194082,1370
197286,11262
211641,30500
213114,56714
229527,59816
232455,56714
244404,50716
61482,1370
71766,48574
153303,35732
158742,48574
178458,62074
187806,56714
191250,1370
203790,1370
206367,48574
212112,1370
234021,56714
242388,50716
60888,61672
71271,39186
176403,61552
183105,54096
187707,61672
197673,61542
203775,61672
207243,1370
209622,48574
211641,61542
216648,50716
244404,50274
71271,30500
72483,39186
88920,1370
186174,60522
194883,44302
212379,11262
227988,1370
229527,48574
60888,30500
72045,61542
129081,61672
160029,30500
183492,1370
186174,11262
186990,30500
187707,50274
187962,1370
193323,48574
197286,50716
204795,44302
209637,56714
222906,50716
154551,11262
164541,11262
187707,30500
206940,33886
239556,56714
64734,1370
65631,61542
71766,1370
154167,1370
154551,1370
172503,1370
178830,1370
187806,61542
188331,50716
191232,50270
204222,1370
212475,1370
232035,1370
61692,61542
61908,50716
66378,35732
88920,61542
187806,60522
194229,1370
202959,61542
205107,1370
207828,50716
217782,44302
227115,11262
227988,50716
60888,50270
173940,61542
188331,60522
194790,1370
203259,56714
207243,11262
232410,1370
234297,61542
62817,1370
183489,57804
196845,50270
203673,16358
25749,39186
153303,30500
191232,50716
203178,1370
212379,61672
220713,30500
222906,33886
72558,1370
183213,1370
192159,35732
203178,61542
206850,48574
206850,11262
207222,48574
234972,16358
66378,61542
71274,35732
71274,61364
71274,50716
154797,1370
164064,11262
172161,33886
175266,11262
187707,11262
203673,1370
208806,61552
232035,35732
232827,48574
234972,11262
238887,1370
241263,1370
72483,56714
172587,61542
183105,50716
183489,61672
187707,1370
188331,61348
207216,56714
210981,50716
211965,61552
212379,1370
232455,1370
234018,35732
242439,1370
71271,1370
72483,11262
186990,61542
187806,61280
203175,61672
206418,11262
207828,16358
222906,56714
71274,59816
129081,61542
178458,11262
183105,61364
187797,30500
194229,124
206349,61542
225501,61364
234021,62074
241824,56714
71766,56714
88920,50716
129081,30500
187797,1370
198573,61542
204768,61542
225351,62074
225699,1370
61692,1370
71274,1370
178458,50274
186174,48574
197286,30500
203673,48574
231096,11262
234093,11262
158742,61542
158742,1370
183489,44302
198990,61542
203100,30500
206955,61552
219021,11262
219522,1370
220269,1370
231459,1370
232827,1370
72045,48574
72045,56714
153303,61542
206376,11262
207150,33886
223968,1370
244404,61672
172503,48574
175266,61542
210981,56714
211950,11262
212721,61542
204795,56714
211383,39186
236115,11262
128502,1370
176403,1370
183576,61542
187101,48574
187806,1370
187962,50716
188331,57804
188787,33886
196845,61672
203790,61542
207366,61542
212721,56714
25749,44302
153303,48574
217293,1370
217782,61672
154113,61542
183105,48574
183105,16358
186378,16358
188331,30500
206358,61542
206496,11262
211950,61552
219021,61542
221751,61542
60888,61280
183573,56714
186174,56714
191232,35732
192159,61542
204657,61542
206850,33886
207996,11262
210168,61542
210171,11262
211950,50716
222906,34092
178458,56714
183195,1370
187707,44302
191232,124
196845,56714
203502,30500
206349,11262
207150,56714
208806,61542
210981,124
211806,48574
225501,61542
225669,61542
242388,44302
71271,50272
71766,61364
175266,1370
203112,30500
207102,50716
212211,1370
222669,11262
225699,11262
234093,56714
242430,1370
61482,56714
71271,54096
71274,39186
172161,30500
194883,11262
202959,56714
203460,57804
204762,11262
204795,48574
207078,1304
237300,61542
242556,1370
25749,50716
88920,48574
158742,35732
175293,61542
178230,61552
186174,61552
187707,50716
206850,61542
206940,61364
209622,1370
210981,30500
212397,61542
220269,48574
236226,56714
61977,62074
88920,44302
154245,11262
154797,11262
183489,11262
205959,61542
209994,1370
212112,11262
214506,1370
25749,54096
72483,1370
186174,44302
217782,50270
220269,16358
236226,50716
242388,56714
62817,56714
62817,61672
176403,56714
211950,61542
238536,1370
239247,1370
172161,50270
188331,1370
196845,33886
206496,33886
221115,56714
222906,50270
242388,59816
172503,11262
183105,59816
194229,59816
203259,50716
207102,48574
71271,35732
164064,61542
211950,48574
223968,56714
230331,1370
60888,1370
71271,50716
89013,1370
186174,35732
186657,1370
198552,11262
198573,61672
203775,1370
206787,11262
206955,11262
207078,62074
207222,1370
213114,61542
221751,48574
224925,1370
232035,30500
234972,61542
239247,56714
61482,60522
129081,56714
129081,1370
153303,56714
176403,61280
203100,11262
204093,1370
212748,61364
216498,16358
227988,61542
62817,61542
178458,50716
183489,39186
191232,1370
208476,1370
211383,33886
211641,11262
217380,1370
234021,61542
61908,1370
71271,3382
154098,11262
162843,1370
208572,11262
222669,61542
244380,56714
60888,48574
154077,61542
172587,1370
187806,11262
188331,33886
207216,11262
71271,11262
180495,1370
206358,11262
207927,1370
213114,30500
216648,61672
225669,33886
234297,48574
88920,33886
188331,56714
191232,50274
192771,30500
196845,1370
206787,61552
25749,11262
71271,61542
165927,1370
176403,48574
178230,11262
183105,48298
183195,61542
186174,61558
212748,1370
216648,1370
225669,11262
231900,1370
232035,11262
211767,1370
241824,1370
66378,30500
71274,44302
198573,39186
207339,50716
222894,61542
61692,61672
186657,11262
196845,61280
203502,11262
206418,1370
206940,60522
213114,60522
230604,1370
239556,11262
72558,61542
164064,48574
196845,61558
204141,1370
207339,30500
210840,48574
211641,56714
217782,35732
61692,11262
61899,50716
175266,56714
178458,50270
179496,1370
183489,50716
186174,50270
187101,1370
197286,56714
198867,56714
206955,62074
207828,11262
213114,1370
25749,33886
59703,48574
61692,48574
203232,61672
203259,48574
207102,11262
232455,11262
66777,61280
71766,11262
188331,44302
206358,1370
207102,30500
207216,61542
71274,50270
187806,3382
191892,44302
207828,61672
222906,1370
228060,1370
230331,48574
231162,1370
232455,61280
66777,1370
163131,56714
193323,62074
198867,50716
211989,61542
220269,61552
244380,30500
71274,11262
128469,30500
198867,11262
207339,48574
211950,30500
220713,11262
234297,1370
62817,61364
71271,53160
154098,1370
183489,50270
186174,33886
187797,48574
187806,50274
197286,1370
197673,1370
198990,11262
203088,1370
203445,1370
228060,11262
183573,1370
187707,60522
194229,11262
194883,30500
203232,124
211950,61364
25749,56714
71271,48298
128469,61542
187707,50270
209637,61542
217848,61542
72483,61672
128502,33886
202959,11262
205728,1370
207078,50716
217782,11262
227973,56714
227973,1370
236226,1370
71274,54096
71766,61542
186174,3382
234093,61542
128469,1370
183105,33886
187659,33886
188331,48298
193323,61552
206940,50716
211641,61364
25749,52918
66378,11262
188331,54290
203232,11262
232035,61672
61899,60522
164064,1370
195063,1370
204762,16358
207828,33886
217782,48574
236226,11262
129081,16358
203232,1370
206772,50716
61692,16358
186174,11490
191232,61558
192159,56714
198867,61672
211383,30500
221115,48574
232827,30500
194229,16358
196845,30500
203232,48574
204795,50716
211965,16358
183489,30500
187707,48574
211965,56714
238689,1370
71274,53160
186174,50274
232035,61542
234021,50968
235299,11262
25749,61672
59703,61542
195507,11262
201282,61542
203460,61542
205107,33886
236226,30500
243408,1370
25749,48574
72483,50716
191232,61552
196845,16358
203232,33886
206349,124
207366,56714
208572,35732
211950,62074
223968,11262
227973,48574
244380,61542
188730,48574
198882,48574
212220,56714
220728,35732
153756,1370
177903,1370
194424,60978
203133,48574
203796,1370
206433,1304
206460,1304
207129,56714
167316,1304
207339,50270
208341,56714
66777,33886
206361,50270
206667,60978
226662,1304
153756,60978
154011,60978
174468,35846
198882,56714
203052,48574
204780,1370
208788,33886
211527,30500
211749,44302
220728,30500
234030,1304
61899,60978
72930,11262
186177,1370
203829,1370
206361,48574
211125,11262
211527,36720
237195,48574
60888,46632
167316,1370
172704,60978
178458,1304
220728,60978
72108,1370
176643,1304
184950,56714
203100,10652
210186,1372
232065,35732
65640,56714
154275,11262
203052,33886
183105,10652
192159,1370
210834,1370
187734,1304
198210,1370
208572,50270
211524,1304
211965,35846
231282,1304
65640,1304
96444,1370
153756,56714
154275,35846
183213,48574
183492,30500
208797,1370
212775,1304
239592,60978
196722,10652
196845,35846
203388,30500
204780,48574
217848,30500
220170,11262
220170,1304
174513,1370
183105,50270
208053,11262
211965,48574
225747,1370
228741,1304
239592,30500
61824,1370
166128,11262
197529,1370
203322,1304
219381,11262
61899,39186
183492,50270
198882,50272
206427,56714
220728,11262
225393,11262
61824,35846
66465,48574
172503,10652
206697,60978
210114,1304
210114,56714
211548,50270
220170,10652
232404,1304
154011,35732
176403,30500
72558,11262
154032,1370
174468,56714
206361,1370
212526,1370
217494,1370
224169,11262
72108,1304
166128,48574
183213,50270
194718,11262
203259,16358
204657,1304
208350,1370
211965,33534
232065,30500
153756,1304
172587,1304
188730,56714
238293,50270
204762,33534
239592,35732
200502,33886
206361,10652
208788,11262
210114,11262
225393,124
228741,50268
60888,35732
172161,1304
206361,60978
208209,11262
227310,11262
60882,1370
172161,60978
183105,11262
183195,53406
61824,1304
66843,30500
128469,48574
200502,50270
201837,1304
208806,35846
210114,50272
178230,56714
206697,50274
211527,44302
61899,11262
128526,48574
153765,1370
203889,11262
224169,1370
231102,1304
196845,1372
198882,1304
208893,11262
210840,1304
223554,11262
224145,30500
234156,11262
154011,30500
154551,1304
206667,48574
217848,60978
234093,1304
160770,1304
183195,30500
198210,56714
206361,11262
206664,48574
206760,1304
238293,60978
61344,50274
172704,56714
186174,39186
208806,1304
72558,48574
206664,35846
208341,33886
212301,11262
224169,30500
154011,1370
176403,33886
193323,1304
198210,50270
205107,56714
206361,50274
208788,30500
224526,1370
62817,124
183213,33886
203082,16358
203133,1304
203388,1304
206496,56714
212301,60978
225393,50270
225393,50272
61908,16358
128526,51974
212232,56714
183213,57804
200502,60978
206361,33886
211476,48574
225393,33534
61899,44302
66465,11262
154743,56714
196845,1304
206760,50274
208788,1370
222711,1370
66465,10652
183195,57804
194388,1304
63867,59822
66465,30500
72108,11262
183213,30500
183213,35846
195372,11262
203133,46632
203820,50720
206664,56714
206760,54290
211527,54290
65640,1370
178230,60978
196722,48574
198882,30500
208524,10652
154275,35732
157224,56714
157224,1304
192159,48574
198882,50274
205122,11262
208797,56714
234156,1304
198882,1370
153756,1372
156057,48574
167571,124
180495,11262
207366,11262
208506,1304
208788,39186
231282,30500
175899,1370
185244,1370
197529,1304
198210,1304
206439,50270
60882,11262
128526,11262
183492,56714
234129,11262
238263,48574
154011,48574
167082,1370
203460,56714
211965,1304
70890,33886
157680,1370
175266,1304
176403,1372
197595,1370
206361,44302
206943,11262
219021,10652
224169,124
196845,10652
206664,11262
212220,50270
231102,56714
183195,11262
194424,33886
203796,30500
225393,1304
225393,57804
66465,1304
192714,1370
193323,50270
201282,11262
206451,48574
225393,35846
184863,56714
228060,48574
234093,60978
198882,1372
203259,35846
207828,1304
225393,1370
63867,1304
128526,60978
156057,1370
188730,124
196722,56714
219021,35732
225393,10652
232404,48574
234030,48574
61899,10652
183213,50724
206361,39186
128526,56714
160770,48574
167316,48574
172704,11262
177903,11262
201282,1304
207129,1304
232065,56714
232269,1304
60888,44302
72930,60978
192564,1370
196722,1370
198210,48574
198573,35732
204411,10652
210186,1304
225393,35732
65631,1370
61908,48574
128526,57804
153756,10652
194424,11262
183213,33534
196722,1304
223104,11262
234129,56714
153756,30500
154041,1304
160770,60978
187101,10652
203820,1304
157224,11262
198882,60978
220170,30500
230286,48574
238263,60978
239592,49888
166128,1304
178458,1370
193323,1370
203052,1304
203178,16358
208722,1370
211140,56714
66465,1370
157680,1304
176403,35732
184950,10652
208053,1304
209520,11262
212301,44302
176403,1304
206439,1304
224169,48574
176403,16358
178230,1304
186177,11262
203133,1370
206361,56714
206607,54096
206760,54096
211749,60978
153303,35846
153756,11262
157224,48574
183213,10652
203175,44302
204411,11262
206361,1304
211950,60978
224169,1304
225393,33886
156057,60978
166128,1370
203700,11262
203796,48574
206427,11262
212892,1370
231282,48574
237195,1304
156057,44302
195372,48574
203775,10652
204780,16358
238293,30500
72930,1370
166128,35846
182442,1370
167571,11262
187101,50270
196722,50716
204762,30500
207993,1370
208788,56714
212301,10652
66777,11262
156057,1304
204762,48574
206433,11262
206451,1370
211527,1304
219021,1304
223518,60978
66777,60978
154275,56714
178230,35846
194904,50274
203790,35846
225669,35732
238293,56714
66843,56714
176403,39186
201798,1370
203178,39186
206760,33886
224169,10652
225393,1372
238293,44302
61908,56714
174513,11262
211749,50270
223554,1304
181101,11262
194424,1304
203133,11262
206361,33534
237195,1370
153756,48574
157224,1370
203175,1370
160770,11262
181101,60978
204780,11262
208524,11262
208572,1370
208788,44302
208872,56714
238293,50720
239217,35846
156057,54096
172161,10652
208209,48574
209520,1370
211527,1372
215298,48574
224145,11262
66777,56714
66777,1304
194904,56714
197034,1370
208788,48574
208806,33886
212232,33886
203100,1304
211476,1304
211524,56714
212469,48574
239115,1370
203322,11262
211527,33886
154275,48574
172704,30500
172704,33886
206664,1304
211641,1304
129135,11262
192159,11262
203052,60978
207339,1304
217848,35732
237195,11262
183492,33886
203790,1304
205107,16358
208524,35732
211140,50274
212892,48574
184950,1370
188730,30500
191892,50270
212469,56714
216309,56714
160770,1370
167316,56714
174468,1304
178458,10652
188730,44302
206667,46632
238263,1304
61344,35846
174468,11262
176403,50274
188730,1370
223518,1370
225393,30500
232269,1370
160770,30500
203052,11262
203388,11262
206664,33534
211965,30500
217848,56714
239592,50270
70890,1304
128526,1304
188730,1304
206607,44914
206667,1304
211950,1304
212469,1370
225393,46632
225393,56714
228060,1304
154011,56714
206667,11262
208566,1304
211125,44302
226662,1370
238293,11262
183195,56714
191892,60978
198882,50270
208524,30500
208722,11262
128469,1304
129081,48574
61344,1370
156057,56714
203322,30500
205107,1304
206427,1304
211524,1370
61824,39186
154275,1304
156057,10652
206697,33886
206760,39186
206760,57804
208350,1304
216309,54096
227310,56714
239115,1304
153303,1304
203052,30500
205122,1304
206760,44302
211125,60978
225669,1304
239592,11262
66843,1370
184863,60978
203073,1370
204780,56714
206760,11262
223554,48574
154869,1370
160029,61542
176403,50270
182565,11262
194883,61672
211965,11262
61692,44302
88920,61672
187707,50272
206346,11262
207828,61560
212892,11262
203316,48574
205662,50716
206406,48574
208872,34092
63873,1372
72483,61558
172695,1372
187707,39186
205740,11262
2061063,1370
206346,30500
206745,48574
229341,11262
206406,56714
208872,50270
210678,124
225276,11262
230028,50716
242151,1370
167316,30500
190776,61542
208872,1370
210234,1370
226662,48574
71766,50716
96444,50716
181149,11262
212220,1370
216648,30500
225012,124
66777,61542
203214,50716
205662,61560
208572,50716
208626,11262
208872,61558
212892,50716
63582,11262
157938,11262
174468,61542
208476,11262
230331,44302
207084,61542
221526,1370
225351,1370
25749,61542
186438,11262
198882,61552
206346,61672
154068,61542
186933,56714
190776,56714
212301,50716
158016,61542
166128,61542
167316,44302
198882,44302
203328,11262
207222,50270
208872,50716
212469,11262
96444,33886
205662,56714
206670,11262
224841,1370
230028,56714
235932,61542
181149,1370
205662,61558
206664,61542
206847,1370
210186,50716
210393,42132
227310,61558
96444,11262
194904,1370
203328,61542
210678,61672
72900,56714
194904,30500
208347,1370
208500,50716
208572,61560
208575,61542
235299,61542
72900,30500
181860,1370
206943,61542
208572,30500
209799,1370
210234,30500
210690,11262
225012,1370
129204,61542
178458,61672
197286,61560
198279,50716
198882,50716
234156,44302
25743,61552
208500,11262
209799,30500
212442,30500
212892,56714
230091,61672
96444,34092
129153,61542
156057,50272
220011,11262
71766,61560
164064,33886
210678,48574
210678,61542
210846,61542
225747,11262
155097,1370
163377,1370
194883,1370
203322,61542
205740,56714
206847,61552
206943,57804
208500,61542
232068,1370
234972,1370
238377,50716
158685,1370
190776,50274
205740,61542
66777,50716
164064,50716
188331,34092
208872,30500
209622,30500
184863,50716
203310,50716
204657,1370
204795,30500
206376,33886
208575,50716
208740,61542
210234,11262
211533,1370
234156,1370
238218,30500
25743,61542
203439,61542
203178,61672
205662,1370
208575,11262
208575,30500
230091,30500
128901,48574
128901,1370
164661,56714
203439,48574
2061063,30500
208872,61560
230010,56714
166128,30500
183105,50272
220011,1370
223401,61672
128901,61542
208491,61542
208524,50716
221526,61542
198882,42132
211524,50270
230091,11262
158016,11262
161667,1370
174468,1370
182565,48574
194883,50270
203310,11262
206367,61672
208761,11262
212892,1372
240939,48574
59703,50716
172161,50274
198867,33886
208599,48574
208761,30500
210834,33886
212448,30500
230028,11262
186933,57804
188331,61028
203439,11262
206943,39186
211407,11262
212220,124
238293,61560
72900,11262
172695,42132
174468,61552
210234,50716
226662,61542
63582,61560
158016,50716
161787,1370
181149,56714
206943,34092
128901,30500
187797,11262
194904,48574
206811,61542
208740,11262
241203,61542
206358,50270
229977,1370
231282,61560
235299,61672
188331,53386
72483,124
188331,50272
203268,44302
212469,50274
234030,61542
72483,52918
157500,61542
192144,1370
203316,50716
203328,33886
206376,50716
206439,33886
210186,50270
230091,61560
72900,1370
153960,124
158685,48574
181149,48574
186933,124
203673,124
203724,30500
208575,56714
25743,56714
184863,30500
208506,61542
242151,33886
186933,39186
203214,44302
206847,61542
212220,42132
212469,57804
183105,34092
203268,11262
229341,61542
63873,61672
96444,48574
197286,33886
203268,50270
206367,124
208491,48574
212448,11262
224169,33886
235932,1370
205662,61542
208482,61542
208575,48574
209799,11262
210168,11262
210840,61542
166128,61672
210234,48574
225987,1370
230091,50716
230091,54096
182565,56714
182565,61542
198279,1370
206664,33886
212448,44302
230028,61542
72900,61542
198882,61542
207828,61542
235299,48574
164661,1370
208347,11262
221526,56714
238377,30500
96444,56714
190776,1370
210234,50970
210393,48574
230091,44302
72900,33886
96444,61672
203439,50716
203724,48574
208626,61542
210690,50716
191232,30500
203178,50716
230091,39186
209622,61552
210114,44302
224169,50716
224526,61542
206367,61552
206376,61542
208518,61560
236775,49888
186933,54096
203310,61542
203322,50716
203439,61552
212448,61672
212571,50716
224169,61542
156057,11262
192564,61542
205662,48574
206376,61672
208500,48574
71766,30500
129264,1370
207600,1370
211533,44302
212379,57804
227310,50270
235299,1370
178458,50272
183921,11262
192627,1370
208491,61558
210186,50272
154551,33886
156057,50716
197286,61672
203724,11262
205740,48574
240939,61542
156057,50274
203460,61672
213513,61542
222438,1370
242151,11262
88920,61558
221526,61552
224526,50716
238218,56714
153960,1370
158016,48574
2061063,61542
206847,11262
227310,50716
128901,56714
172695,1370
186933,48574
190776,11262
203316,30500
205740,1370
2061063,50716
212688,61560
219021,61672
225672,1370
206406,33886
212220,61542
230010,1370
64218,1370
203316,44302
205662,44302
206376,61558
208740,1370
223401,56714
155085,1370
183105,57804
209622,11262
213513,11262
213513,1370
222438,11262
236775,1370
63582,33886
158016,33886
182565,30500
198573,1370
203724,50270
206664,61552
25743,1370
172161,34092
206811,30500
227115,50716
227310,48574
206406,1370
212442,61542
212571,11262
208491,1370
210678,30500
198867,48574
206439,1370
186933,50716
203316,50270
203724,50716
237300,61560
176403,57804
203268,61542
206943,61672
25749,61560
174468,50716
203790,61672
208347,30500
208524,44302
208599,56714
154068,11262
208872,61552
224169,49888
238293,61558
183921,61542
208482,61552
208761,124
207339,56714
210114,61542
210834,11262
61692,50274
203214,1370
208524,61542
208872,61542
238377,11262
242151,61560
154068,124
157500,1370
190776,33886
211533,50270
220011,48574
72900,50716
166128,61552
186933,11262
207390,33886
217848,61672
129264,11262
157500,30500
198522,11262
203724,44302
206406,61542
209799,50272
210234,124
211524,33886
230028,30500
61692,39186
176403,54290
212220,10808
235299,61560
153960,11262
172161,61542
186933,30500
192564,48574
203214,48574
205662,50270
2061063,11262
206406,50716
208599,61542
217848,52918
235299,56714
184863,11262
198573,48574
203460,30500
206346,39186
208491,61560
234972,61560
238293,39186
128901,50716
202818,48574
206943,50716
210678,61552
210690,56714
211950,1372
220011,56714
198882,33886
203796,61542
208485,50716
208599,1370
210393,61542
227310,61542
186933,61558
191232,44302
206376,52918
206406,11262
206745,61560
210846,11262
212220,54096
238377,48574
156057,50270
184950,61542
198882,61558
207390,11262
230010,11262
198522,33886
203439,30500
208761,50716
210393,39186
229341,30500
229341,50716
198882,11262
206847,48574
210168,1370
238377,61542
62337,50274
160029,11262
203310,33886
204795,61542
182565,1370
186933,61560
225654,1370
128901,50970
165762,1370
186933,33886
221115,61672
221115,11262
140277,1370
156057,30500
197286,48574
207390,50270
212220,48574
212448,34092
212571,1370
25743,48574
154485,1370
203460,50716
203724,50274
206376,44302
206943,52918
212220,61560
203178,33886
203460,44302
206346,48574
207084,11262
208545,11262
242571,11262
186174,59394
194208,10652
195063,11262
203517,1370
2061063,63510
211533,1304
229620,11262
236775,10652
242442,57804
246627,30500
176403,32496
206376,57414
217848,11262
242232,1304
251643,11262
129204,10652
157500,63510
176403,63360
183105,35846
183213,1304
208500,57414
210981,59396
242232,57414
252375,63510
25749,57414
25749,63510
186990,35732
203142,1370
220713,10652
242442,56714
251643,1370
72900,1304
128901,1304
139272,35732
162984,1370
192771,33886
203106,1304
203724,57414
206952,11262
223530,11262
241026,63510
242619,33886
128502,10652
129204,57414
206748,10652
227115,1370
183489,63510
206412,11262
208485,56714
208491,56714
212442,56714
232035,62274
236775,56714
237804,11262
251106,11262
72045,30500
220713,35732
229521,30500
245706,1370
250947,63220
162957,1370
176403,63186
203133,56714
206952,57804
236775,57414
243927,1370
252375,11262
72900,57414
163131,50274
220713,62274
237804,1370
248292,1370
248373,62274
25749,57804
183492,57414
186177,63218
193323,35732
197802,30500
203058,39186
203058,63510
203322,3382
212721,56696
252375,1304
187797,63220
194208,33886
207144,11262
208575,59396
208788,35732
222894,1304
223530,62944
227115,1304
232035,56714
163131,10652
186174,1304
212442,63188
212721,33886
242232,62944
242619,11262
183105,39186
206349,1304
206637,1370
222306,1304
225393,63188
231057,10652
72045,1304
157500,56714
172503,57414
207087,56714
207240,62074
249579,1304
157500,61280
187806,35732
212469,57414
246627,124
250434,11262
252696,1370
176403,57414
186174,44660
203517,11262
207240,16358
208341,1370
229521,63510
229521,11262
241305,10652
250275,11262
163131,1304
183213,48298
203058,1304
203724,56714
204768,1304
212442,11262
212469,1304
212721,11262
216495,1370
222894,1370
252375,30500
25749,35732
129081,1304
157224,63510
182565,63218
183921,63510
191232,63136
203058,30500
206847,16358
234021,62944
241026,33886
242232,62074
66777,57414
128502,63510
157185,1370
163101,1370
187806,1304
191556,1370
206748,57414
225393,39186
229341,1304
229521,61280
242442,11262
248178,10652
249930,1370
66777,39186
203106,63510
213102,57414
128502,11262
163101,11262
184950,1304
210690,33886
210813,11262
221331,57414
229521,59396
157500,39186
187797,57414
192159,63510
203316,63220
203724,63510
208479,1304
232455,16358
248013,57414
250947,63188
96138,1370
206952,35846
207144,56714
213114,1304
229341,56714
187797,63360
203724,1370
206376,62944
206952,51974
221526,1304
234021,1370
238218,1304
186174,61280
194229,61540
206673,57414
225501,63510
227292,10652
183105,54290
205122,56714
206637,11262
206952,63188
212442,62074
212721,57414
220713,56714
251829,30500
183573,1304
183921,1304
206979,56714
213114,33886
216495,11262
227115,33886
227469,61280
234021,63220
248292,57414
249207,10652
139272,10652
155055,1370
157500,57414
183489,124
192771,59396
204480,1370
206856,1304
206979,1304
213102,1304
242442,63188
247983,54096
248061,1370
230010,16358
232029,1370
252375,35732
66465,56714
192771,1304
200259,1370
208500,35846
211476,1370
222306,11262
163131,59396
186174,63510
206364,63510
225501,11262
229341,63218
229521,62944
206958,57414
208806,11262
210981,1370
211476,59396
229620,57414
232029,30500
61977,11262
66465,62944
164661,11262
186174,59396
186177,54096
187806,63510
203058,10652
206673,11262
206748,62074
229620,35732
248373,62944
128502,59396
165183,1370
203058,33886
206355,11262
206952,36720
213102,10652
242151,1304
195372,33886
201837,30500
203058,35846
206748,30500
210678,10652
222306,63220
194229,50274
212721,30500
242619,57414
25749,16358
66378,10652
163131,1370
183213,63510
197673,63188
203058,62944
206748,1304
206847,56714
227292,30500
227292,35732
228060,62376
231876,56714
72117,30500
129204,30500
203145,63510
206958,63510
210843,63220
216495,1304
227292,63510
186177,35846
206364,11262
206412,1370
207087,50274
210690,63510
232455,35846
251106,56714
251253,1370
252375,56714
187806,57414
206673,62944
236766,1370
250947,30500
157185,1304
163101,30500
183921,62944
203646,1370
210843,56714
213102,56714
183387,62074
203145,33886
225501,57414
248178,1370
250275,62074
72045,63510
194208,1370
206748,35732
207216,35732
209622,39186
223530,30500
223530,1304
240939,1304
241305,1370
244041,1370
248373,63510
183105,53386
206748,63218
225393,63186
227115,63510
240939,57414
187962,50718
206952,1304
208575,1304
244380,57414
247983,57414
165183,56714
176403,10652
206928,11262
208341,10652
208341,11262
212721,10652
163131,33886
183213,63218
186177,56714
208341,55632
213102,11262
231282,56714
247956,11262
61824,56714
72900,35732
175266,10652
211989,1304
221331,63510
227469,1370
167316,57414
201837,11262
208482,57414
208788,59396
230028,63510
247983,30500
249216,11262
72117,63188
157500,1304
206868,11262
225393,36720
61824,62944
196845,57414
206748,32496
207087,62274
207216,10652
248373,11262
197802,11262
203517,10652
206748,11262
242151,62274
67314,1370
183492,59396
184950,62074
191247,1370
207144,33886
208788,63136
217848,59396
242619,56714
247983,62074
128502,49888
182565,35732
183387,1370
206847,30500
206847,33886
207216,57414
208758,1370
241824,63510
61824,63188
72045,57414
129081,59396
157500,11262
183105,57414
183489,51974
206748,54096
208806,62944
228060,59822
232404,1370
241026,1304
241305,56714
208758,50274
209154,1370
210843,62944
232035,57414
66777,30500
183213,57414
192771,50718
194229,59396
206979,1370
210690,30500
250434,16358
66378,59396
186177,61280
203316,61280
208758,59396
220728,57414
224526,10652
225669,1370
242442,53046
246627,63218
183573,11262
207144,1370
208788,10652
225501,63136
183213,63360
200259,11262
206637,1304
206748,33886
206811,11262
208488,59396
208500,1304
242442,63218
25749,10652
2061063,57414
211989,11262
229620,1304
238377,33534
163101,63510
163131,35732
172695,30500
186174,57414
203445,57414
206673,1304
210813,30500
247983,1304
208488,62944
212442,1304
213102,30500
213513,1304
221526,16358
231057,11262
232035,63510
234129,10652
139272,11262
157500,35732
195372,63360
210813,56714
211533,30500
211533,62074
228060,62074
242442,10652
244041,1304
250434,56714
25749,62074
139272,57414
183489,59396
196722,63510
201837,35732
206748,56714
208488,1370
212748,62074
220728,56714
242619,1370
196722,11262
203133,35732
208488,56714
230028,59396
187962,63218
196845,63188
207087,61280
191232,16358
210843,1370
66465,63510
187962,63510
203724,1304
206928,56714
236115,57414
163101,56714
193323,59396
206748,62944
206784,1304
206952,54290
206952,59396
206979,11262
231282,11262
25749,62944
183492,1304
203145,1370
206376,1304
208758,1304
208788,57414
213102,1370
222306,1370
225501,63188
238377,56714
242151,63510
244380,10652
183105,63188
206412,33886
208485,35732
208758,35732
232404,11262
246099,30500
66918,1370
175266,33886
208482,11262
229521,1304
232029,56714
236115,11490
236115,1370
251106,30500
192159,57414
194229,33534
207216,62074
231876,11262
241824,11262
242619,30500
163101,57414
163131,11262
221331,63218
223968,30500
236775,63510
248373,1304
139272,56714
165786,1370
203058,59396
203145,56714
203445,30500
206364,33886
241824,33886
66378,33886
72117,1304
206979,57414
208488,63188
212571,30500
229263,61280
232404,10652
237057,1370
183105,63218
183489,54096
187806,61348
206868,1304
209622,57414
210186,33886
247983,63186
248373,30500
163131,59394
184488,11262
187806,63218
192771,33534
203322,63510
208488,30500
208788,63510
225972,1370
72045,11262
164661,30500
195372,56714
234018,1304
250275,33534
25749,59396
72045,10652
186174,63188
186174,63218
208488,63510
225501,1370
234021,35732
247983,11262
72117,57414
154077,11262
154077,1304
191232,1304
203058,1370
203058,57414
2061063,124
206427,1370
208788,63538
212571,10652
225393,54096
231876,33886
236226,57804
249216,1370
249342,11262
182565,33886
206355,1370
206376,63218
211533,59396
213114,57414
232035,1304
250434,62074
208488,11262
237057,11262
238377,62074
25749,1304
72117,59396
191232,63188
206748,124
207339,39186
236775,11262
252066,10652
194208,11262
203058,11262
211533,11262
229263,1370
162984,57414
186990,1304
198573,56714
203316,11262
203724,61280
206376,59396
225393,62944
225501,1304
234018,1370
236226,63218
242442,1304
61824,63510
129204,1304
154167,11262
172503,1304
192159,62074
194409,10652
206748,59396
212748,30500
212748,63188
225393,57414
227238,1370
231282,63510
213114,62074
225501,62944
228060,57414
25749,3382
129081,57414
206748,57804
208479,11262
209154,1304
213885,11262
221331,1370
224526,1304
128901,57414
206748,63188
206784,11262
208758,63510
220011,57414
232410,35732
236775,30500
246804,1370
252375,49888
176403,11490
203145,57414
206667,35846
227292,11262
229521,57804
242442,124
208485,63510
208788,50274
225501,63218
247956,1370
203145,1304
207240,1370
211638,62074
220713,62376
223530,63510
232029,11262
246099,63510
139272,63510
174279,1370
175266,57414
210678,57414
225972,16358
236226,63510
191232,35846
208788,62944
210843,62274
212721,1304
242442,39186
249486,11262
206748,63186
207150,1370
207339,63510
208341,57414
210813,1304
213102,62074
167316,63510
203058,35732
203322,56714
205188,1370
206412,56714
237252,1370
249207,1370
250434,1370
250947,56714
211638,11262
217848,62074
224526,63510
225393,63218
232455,35732
241026,11262
242415,56714
250668,1370
71274,61542
192564,62074
203175,61542
212112,124
208206,61542
188730,50716
194883,10652
157767,10652
196845,61364
171702,11262
203451,16358
205191,30500
212232,48574
223104,30500
205191,10652
207240,35732
183213,35732
212112,48574
171702,61558
229737,1370
232656,11262
233163,11262
72930,61558
203280,35732
229737,10652
188730,10652
211533,33886
25749,35846
157767,11262
203280,1370
183468,59822
205191,61280
229737,35732
177672,1370
211533,57414
239592,59396
244041,61542
210000,1370
231102,59822
212232,1370
188730,59822
61482,61280
198210,39186
128502,50716
210981,61552
61482,48574
183213,53046
157767,61542
192564,11262
202818,57414
172419,56714
198279,30500
153303,10652
205191,50274
72930,10652
203811,59822
205191,11490
206634,48574
204657,62074
171702,1370
212232,61542
229539,59396
61482,39186
205191,59822
203811,56714
205191,44302
194229,59822
203214,35732
244680,1370
206988,59822
212232,59396
183213,50968
194229,3382
205191,1370
231708,1370
211533,35732
212232,39186
180495,62074
193911,61364
203811,62074
208206,59822
212112,59396
172161,50716
221610,16358
71766,39186
157767,59822
221610,56714
194229,35846
71766,10652
211533,35846
166356,61542
212232,10652
205191,50716
212232,61364
128502,44302
205191,48574
208206,11262
194082,61280
203673,62170
206376,30500
225396,1370
188787,49888
244644,1370
61344,1304
159831,57414
178830,39186
222306,34092
203271,1370
230286,57414
238032,1370
139272,30500
163044,1370
174468,57414
183573,50270
203889,1304
221331,50270
194229,1304
209073,1370
217782,54290
184710,35846
139272,1304
163044,30500
183105,53160
204795,59396
205665,1304
211533,53160
230073,11262
230073,1304
72108,33886
154113,1304
77484,30500
186174,35846
202818,1372
203811,11262
205122,30500
237300,35732
163131,57414
206376,50270
213114,35846
244287,53160
246870,1372
183489,61280
172704,10652
203316,57414
204411,50716
178830,61280
208872,1304
77484,56714
183105,53406
183105,1304
187962,11262
219456,1304
232269,57414
247974,11262
208491,11262
242388,34092
154698,50274
183213,52918
232068,33886
157500,50270
178830,50272
208491,30500
212211,50716
203145,11262
163482,50274
72918,1370
187734,11262
203256,57414
246870,35846
183213,62074
200508,1304
203316,34092
203796,62376
207114,1304
165312,1370
204795,1304
154167,62074
196845,50274
242619,16358
154011,11262
176403,48980
196845,62074
203271,16358
217782,10652
238032,50716
193323,57414
194229,50270
203733,1304
235932,1304
238032,57414
154698,51316
172704,1370
207828,1370
186174,33534
197286,1304
212721,57804
243927,10652
248250,1304
71766,1304
189045,35732
237300,1304
61344,33886
203178,1304
212211,33886
129264,62074
183105,50274
183105,1372
206745,33886
215298,1304
205665,57414
230073,1370
203445,35846
210825,1370
77484,33886
183213,48980
205662,59396
129264,16358
192564,57414
203811,1304
217782,53160
220728,62074
224931,1370
227988,56696
243927,11262
194229,54096
195723,10652
207222,1372
176403,42132
232035,50718
187806,10652
189045,57414
234156,50716
178830,1372
183489,57414
184710,30500
225480,1370
162984,11262
166128,56714
176403,35846
203811,33534
208515,50716
242232,35732
163044,35732
208515,33886
222306,50716
244287,10652
203241,1370
217848,33886
246870,1304
184710,1304
217848,61280
248250,16358
183573,57414
196845,56696
203736,1370
203811,57414
163131,56696
183492,50716
203256,1370
242388,11262
244287,11262
154698,34092
244287,50270
158274,11262
178830,35732
155388,11262
188787,55798
194229,57414
203733,57414
234156,35732
242619,42132
88920,10652
203247,1370
210690,1304
221331,30500
224169,57414
175809,1370
187101,57414
192564,33534
207150,1304
208524,1370
242232,11262
154113,57414
193323,62376
195723,35732
198573,49888
205122,50716
234972,1304
88920,1304
162603,1370
178830,50274
178830,57414
206376,53046
159831,35732
208491,35846
212211,16358
225480,1304
226623,30500
248202,1370
179496,1304
215298,56714
218061,1370
218673,1370
187806,50272
192771,56696
195723,56714
207114,35846
232035,10652
203241,57414
203274,1370
211950,57414
232068,44302
245631,57414
183213,36720
192771,50270
208554,10652
232269,56714
72918,1304
162603,11262
183489,50274
211548,11262
212721,53160
232269,62074
207339,44302
212721,50270
192159,50716
203145,56696
203310,34092
217848,1304
189045,10652
196845,50716
231225,1370
235191,56696
242151,57414
166128,61280
194082,57414
228315,1370
77484,11262
203889,50716
206376,54290
188787,1370
189045,11262
236766,1372
88920,57414
157500,44302
178830,50270
203733,1370
231162,30500
244287,50716
96444,1304
178830,54096
203574,57414
129264,124
184710,1370
203145,35732
203574,50716
207243,57414
25743,1304
178830,30500
195723,1304
205662,11262
230178,1370
191238,1370
218061,1304
203310,56714
203460,34092
224169,35732
244287,56714
212775,57414
231876,1370
244287,35732
178830,56714
192564,1304
194082,53160
205662,30500
206988,11262
211533,16358
163101,1304
178830,42132
183213,1372
208491,1304
129081,10652
166128,50716
208524,1304
231102,1370
238032,30500
203274,1304
248250,1370
162603,1304
209073,11262
232068,30500
77484,1370
139272,50716
178830,44302
183213,62614
206406,53160
206406,62074
211548,33886
231876,50716
183213,39186
203256,62074
203445,56696
206406,57414
210834,10652
217848,57414
221331,56696
242619,49888
248202,11262
72900,34092
77484,57414
172704,50716
178230,34092
183489,42132
189045,1304
211965,50716
203316,56714
221331,10652
96444,57414
176643,57414
72918,57414
206448,11262
155388,56696
191238,10652
206418,50270
64959,1370
162603,56714
211950,35846
211965,39186
77484,1304
242388,33886
61344,56714
204411,35846
206376,53160
207114,1370
183105,44302
187101,11262
187962,57414
206418,33886
208872,33886
215298,57414
206421,1304
208515,11262
160029,48574
206940,48574
157767,1304
158742,1304
190776,42132
206355,1304
216498,30500
222669,35732
233814,44302
242232,48574
199860,11262
203256,10652
206367,30500
163131,48298
197529,124
71766,61028
199854,16358
206406,1304
206955,33534
207330,33534
232029,48574
238827,11262
72483,1304
206415,1304
207105,56714
210981,1304
203256,11262
210678,1304
211806,1304
154098,1304
158610,50968
61935,1370
196311,11262
204654,1370
206346,1370
206937,11262
157185,35732
187743,1304
197529,56714
199860,44302
206367,33886
207096,30500
61344,11262
186378,1370
206823,35732
220728,48574
238572,33886
206478,11262
227616,11262
71766,35732
157500,50716
164064,1304
206355,35732
206421,11262
225501,35732
156486,11262
164970,11262
197799,30500
206745,1304
208341,61028
199854,10652
128526,30500
203106,48574
206625,1304
238827,35732
154476,1370
153150,56714
156486,50716
163101,1372
167451,11262
203736,1304
208341,35732
230010,30500
153402,1304
203232,56714
203256,35732
207096,11262
210846,1304
212442,1372
192159,10652
206364,50716
206367,35846
225501,124
61344,10652
158766,11262
206421,1370
211413,1304
216498,50716
232029,35732
197286,50272
206376,61280
206427,35846
72483,48574
194208,50716
206346,50270
210981,35732
228024,11262
203736,33886
209622,1304
220728,50716
207216,30500
224841,11262
25743,33886
203232,1304
230010,33534
231282,49888
154098,48574
210114,50716
225672,48574
59703,1304
128901,11262
153642,1304
182565,48298
213114,11262
236226,50270
153645,1370
186378,11262
190776,61280
160029,50716
199860,48574
199860,1304
203058,48574
224526,30500
232269,35732
71766,1372
194229,61280
198867,1304
199854,56714
203670,11262
206475,36720
212640,11262
154068,1370
158610,33886
164970,1304
203460,1372
206346,50274
210678,16358
215457,48574
157185,11262
163101,10652
194208,1304
199854,35846
204141,33534
206475,51974
191229,16358
207105,33886
240912,1370
184713,16358
197286,50270
198279,11262
206358,1304
206637,48574
207156,33886
179496,11262
187395,1370
198990,1304
203256,48574
210846,56714
72918,48574
158610,11262
198279,44302
239247,1304
61482,48298
72918,11262
153150,1370
206346,54290
232035,48574
186882,11262
191229,30500
205191,11262
157767,56714
164541,50716
194883,56714
203058,50716
203106,11262
206346,61028
216498,1304
72930,30500
187743,11262
198279,61028
206346,50716
167451,1370
210897,48574
213102,48574
230010,35732
153150,1304
153402,11262
206358,33886
206637,30500
206940,1304
212721,50716
61977,1304
201852,11262
206673,50716
154506,1370
203106,50716
227616,33886
72483,50270
206745,56714
208341,50716
158766,50716
186882,1370
190776,35732
206478,10652
208599,1304
238572,1304
188100,1304
202638,11262
72483,61028
203256,35846
206427,48574
211413,48574
213114,48574
222225,44302
223554,56714
225501,48574
206637,35732
207084,1304
210846,50716
225393,42132
232269,11262
157767,1370
206937,50716
222750,1304
227616,1304
194904,10652
194904,1372
203256,44302
206439,1372
208599,30500
187743,1370
204141,1304
205107,48574
207156,1304
209622,61028
210882,11262
215457,1304
128526,35846
193323,10652
203460,50270
207156,56714
207828,30500
207996,56714
199854,11262
206346,33886
211767,30500
227616,30500
59703,33534
63873,1370
194229,48574
203670,10652
206979,50716
212256,11262
220728,50270
228687,1370
59703,33886
66378,1304
197529,11262
157767,50716
186882,1304
199860,30500
216648,11262
234972,35846
153303,50716
203256,50270
206346,1304
206823,1304
63873,1304
153402,1370
163101,50716
199860,50716
206412,1304
210834,56714
222750,1370
225672,33886
61482,57804
157767,30500
186327,11262
206625,48574
207105,1304
207996,33534
209796,1370
238377,1304
212721,48574
154068,1304
174087,1370
194229,48298
206475,36762
206955,35846
206979,35732
158016,1304
206346,56714
207996,1304
199854,1304
205959,11262
206415,50716
207366,33534
221151,1304
72918,33886
167451,10652
197799,1370
206346,1372
63690,11262
165717,11262
194883,35732
62337,56714
68568,1370
156486,56714
163101,35732
194229,10652
25734,50720
186882,16358
225393,50716
163101,48574
186882,48574
197286,10652
206367,11262
207096,33886
238572,50716
156486,30500
211524,50716
212442,50716
220728,33886
128526,33534
63690,33886
210882,48574
211767,11262
212721,3382
175266,48574
206376,35732
222669,1304
196845,61028
232269,48574
72483,10652
197286,61028
216648,1304
222225,50270
128526,16358
206427,10652
128901,1372
174468,48574
212442,48574
72918,10652
172695,11262
210882,1304
210882,1370
217752,1370
190776,50716
206376,48574
207216,50716
227973,30500
238572,56714
61908,1304
184713,11262
206979,61028
204654,1304
206406,35732
158016,56714
172695,16358
187395,11262
211806,1370
233814,30500
204411,1370
207156,11262
238572,11262
203058,56714
203106,33886
206673,48574
211767,44302
227469,11262
238827,1304
182565,1304
199854,1370
206823,1370
61482,11262
188100,1370
205107,35732
207828,35732
216498,56714
236226,61280
203670,1304
211413,1370
220728,35846
220728,1304
205905,57414
206811,56714
153885,30500
208599,50716
203445,62074
210234,56714
206439,11262
206772,1304
208806,30500
203268,1370
220269,57414
208491,50716
220269,50272
196845,62170
197286,62074
207084,44302
216564,56714
61908,62074
220269,62170
218673,11262
196845,59822
218673,1304
227238,57414
153885,1304
208626,33886
203145,62074
206076,44302
72918,56714
196845,35732
210234,1304
206076,50716
208488,33886
153885,1370
203145,10652
203460,39186
206811,62074
153885,56714
183492,11262
210234,35732
210234,33886
203256,62618
210633,11262
208488,50716
208599,57414
220269,35846
220269,1372
154167,53046
203256,50716
25743,30500
175293,11262
206823,56714
207582,30500
211965,57414
25743,57414
206412,53160
220269,62376
196845,44302
206412,30500
206772,11262
223389,56714
203274,10652
238878,1370
208524,62274
203259,30500
206364,59396
61908,11262
203268,10652
153885,57414
203259,33886
206076,30500
196845,62616
213102,62376
227292,1370
89013,11262
196722,35732
155043,1370
210834,50716
208554,1304
231096,10652
154245,1370
220269,62074
206811,1304
220269,50274
208806,50716
205905,1370
220269,11262
203256,16358
235335,11262
203268,50716
203256,1304
206076,53160
241203,1304
220269,1304
225012,11262
203268,57414
212379,30500
206745,61552
153885,11262
212748,11262
222906,59396
128526,50716
206745,11262
207084,61558
128526,61542
167316,61542
206346,61348
158742,10652
153885,61542
212442,1370
232065,11262
65637,11262
186882,56714
232065,50716
153885,48574
210843,33534
182565,61280
181101,50716
208599,44302
62817,59822
162603,61542
212379,10652
225393,61364
227616,50716
206823,59822
227616,35846
212442,39186
187806,11490
237840,61542
206346,59396
183573,10652
227616,48574
167316,50716
206346,61364
213102,59822
232827,59822
187797,59822
206823,11262
240918,1370
187806,62074
206955,1370
210633,1370
62817,10652
237840,50716
187806,52918
225501,61560
206358,48574
206427,33886
210615,1370
197286,16358
210615,10808
224787,48574
229536,30500
240990,33886
242442,53406
192942,56714
211533,61560
195723,1370
216498,61560
223728,1370
25743,16358
183489,56714
210615,36720
236766,61542
242442,44302
175815,1370
242442,54096
128469,11262
206439,61542
183489,48574
184863,61542
197802,10652
203127,11262
206415,11262
225501,61558
206784,61542
206955,61542
211806,56714
72108,61542
178458,61542
206760,50270
184863,1370
210615,61028
211533,61028
211533,124
183105,30500
195723,11262
223728,33886
224787,30500
231102,48574
208692,50716
210615,50272
212442,42132
212775,61542
240990,61542
206427,61542
211533,33534
224787,56714
242442,50716
206940,61560
203106,61542
193323,61558
207096,48574
158766,57804
181860,61542
210615,44302
210615,54096
223728,30500
210615,124
210615,56714
236115,61542
242442,33886
194904,61028
208692,61542
236115,30500
240990,16358
157500,61028
208812,11262
186987,33886
207222,30500
225393,48574
242442,1372
80925,61542
210114,33886
238827,61542
242442,61540
194082,61028
206346,61542
210585,33886
206646,30500
194904,61542
205728,11262
206613,50274
236115,61028
178458,61558
224787,11262
229620,61542
242442,1370
194883,61542
176403,11262
207096,61542
192144,11262
205107,61542
211524,3382
206349,61552
206958,56714
238263,11262
160770,50716
206346,61558
207078,1370
210615,35846
210615,50270
192768,61542
207096,56714
208812,56714
210585,61542
195723,61542
223728,16358
242388,30500
242442,48574
242442,50270
206940,33534
206958,61542
229536,44302
242388,50270
242442,61028
206613,61542
206940,57804
206940,61558
210234,61558
224787,61542
188331,10652
208812,61542
229620,48574
194082,50716
205191,56714
211524,61542
210615,57804
183105,42132
192942,11262
206760,61542
183489,61028
204375,11262
206364,44302
206415,1370
176403,124
225393,61028
68496,1370
128526,44302
128526,1370
210234,44302
183489,10652
242442,53386
207222,50716
228060,61542
203058,61542
206355,61560
80925,50716
166002,11490
206415,61542
212748,42132
234297,56714
160770,61542
176403,54096
216498,48574
202959,50716
223728,56714
242442,61560
63690,10652
187734,61542
206940,1372
208692,1370
242442,61542
194388,11262
208797,61542
210585,11262
211524,48574
224787,54096
229536,50270
240990,1370
182565,50270
233559,1370
205728,61542
210234,61560
210615,11262
212748,50270
187734,56714
208812,1370
221751,11262
221751,30500
206613,61560
211533,61558
212748,1372
225393,61542
236775,50716
206760,30500
208794,16358
210615,36762
212748,50716
193323,61560
196311,42132
208794,35846
181149,61542
205191,50270
242442,61280
63690,61542
176403,53160
206955,61560
225501,1372
238263,61542
204141,11262
232404,61542
80925,11262
194883,61028
206868,61542
227310,1370
240990,30500
240990,11262
206940,124
234093,61560
183489,61542
192942,33886
206367,61542
206613,11262
206958,50716
212721,61560
194082,61542
206613,61558
154113,11262
186882,61542
206646,11262
212748,61542
223728,11262
225501,30500
194904,50270
197286,61542
223728,50716
225669,61560
238218,50716
221331,11262
184863,61028
194388,1370
208872,35846
177672,56714
186987,11262
206346,10652
220011,61542
225390,1370
69249,1370
196302,11262
176403,3382
194883,48574
221331,50716
231144,11262
242388,61280
242442,30500
25743,35846
192159,62376
245976,33886
156057,61280
203256,53160
234093,62074
197286,59396
198882,63188
211548,1370
211950,63188
61482,30500
198981,1370
203259,62074
220269,53160
227310,1304
207222,61280
229521,44302
61692,61280
207222,63188
198882,57414
212211,62074
183195,35732
208758,57414
156057,39186
187707,59396
211548,35732
186177,44302
208722,10652
244041,57414
210882,33886
207999,50718
199860,62074
208515,35846
171684,11262
194229,53406
176403,44302
224280,49888
153303,57414
203256,56714
72483,61280
203259,57414
227469,53160
207222,59396
229521,57414
155097,11262
194883,16358
212211,10652
225672,49888
241305,57414
176403,50716
207999,1370
227670,61280
198981,56714
245976,1370
183195,10652
208116,62074
72045,50716
208806,10652
223104,50718
223968,50718
245976,57414
61482,59396
220269,54096
171684,1370
198882,61540
227670,56714
240912,1304
241203,50718
156057,53406
194229,30500
199860,57414
225012,1304
227310,44302
156057,54290
176403,50272
203166,1370
241305,30500
154476,124
212469,62074
210882,30500
249633,11262
224280,33886
61692,50720
203175,11262
203178,11262
211950,16358
220269,63188
183213,61280
212211,44302
250020,59822
72483,59396
229341,50718
183213,3382
129081,63188
156057,59396
203790,50716
246099,50716
207222,10652
227670,57414
244041,50716
72558,57414
212586,1370
61692,1304
96444,62074
212211,30500
60864,53160
72558,1304
197286,53160
205332,11262
72045,35732
156057,50718
225276,1370
61692,57414
224169,44302
208806,124
220713,50716
156057,57414
227670,50716
60864,16358
212112,10652
220269,35732
194883,50718
172161,35732
194229,48980
197286,63136
72045,53394
211950,63186
203199,1370
203259,10652
208806,44302
77484,50716
203133,61542
221331,62376
227670,11262
77484,44302
207222,44302
61692,53160
178458,59396
244731,32496
60888,50716
206760,53160
206952,30500
183213,53160
206952,10652
232455,54096
244731,50716
249633,1370
250653,57414
167136,1370
187707,10652
206748,42132
199860,10652
211965,63188
183195,54096
205191,53160
217494,62376
187707,1304
194883,57414
229812,62378
62811,1370
197286,61280
208788,34092
241203,59822
212211,11262
206760,62378
242505,1304
206760,53406
242505,35732
244731,62378
244731,35732
244731,39186
187707,3382
243408,62376
244731,1304
183195,59396
187806,33534
206952,1372
208788,1304
227670,10652
244731,54096
227670,50718
183492,61280
208545,1304
172161,57414
203517,1304
77484,59822
212220,62618
203790,11262
61899,3382
77484,35732
72045,44302
206748,61280
183492,44302
229341,57414
205191,57414
72558,50716
205191,1304
207999,16358
209880,1370
210882,10652
183213,50274
220269,10652
203790,62376
211950,39186
77484,62378
206787,35846
61692,35846
234951,57414
225012,59822
230091,10652
249633,16358
61482,57414
206760,62170
194883,1304
216498,61540
60888,59396
72558,62074
203790,57414
206952,62400
61899,48298
187806,16358
207999,1304
244731,11262
182295,1370
204768,1370
207222,50718
232827,10652
234093,57414
206760,59822
72045,32496
221331,35732
186177,16358
207999,10652
207999,11262
209622,44302
196302,35732
198867,1372
206748,50716
176403,53406
203256,33886
250020,1370
244731,36720
194229,35732
207927,57414
227670,1370
234093,35732
244731,44302
171684,1304
183195,50718
224169,34092
161667,10652
208341,49888
208788,50716
227670,63188
72483,53394
207996,62616
243408,61542
244731,30500
198210,59822
178458,62618
244731,56714
244731,1370
188730,11262
206952,35732
77484,10652
188787,10652
206952,42132
231663,56714
230091,56714
244731,62618
206748,61542
206760,3382
187707,50718
203133,57414
77484,59396
222843,62074
232827,1304
206748,36720
244731,53160
187707,62618
206760,33534
206760,1372
231663,11262
157224,57414
66843,33886
157224,16358
192771,11262
208347,62074
190152,33886
231102,62074
203052,57414
206868,57414
208347,57414
211413,50716
244287,62944
25749,63360
128538,1370
197529,57414
203724,63360
207222,1304
249342,1304
250221,33534
172695,63186
208758,33886
227469,59394
183489,62944
206367,63510
206478,62944
217782,124
246711,50274
65640,35732
68676,57414
176403,36720
186990,33886
197799,11262
203673,57414
238263,57414
251625,11262
199242,16358
212220,57804
223968,10652
203166,11262
206346,32496
236766,1304
244287,63510
65640,63510
188331,63136
204780,1304
250629,11262
216822,56714
219030,1370
238293,33886
251085,59396
251625,30500
153600,11262
221331,63360
210393,1304
217782,62944
251085,57414
251625,57414
183213,32496
186384,62074
187797,62074
204780,57414
206787,62074
208692,56714
219132,35846
234093,33886
248013,1304
248871,1304
209622,59396
235335,33886
153303,62274
193542,50716
213102,63510
224145,63220
251442,57414
209637,1304
211527,54096
224841,57414
242232,63510
128469,62074
183489,35732
203775,33886
204717,33886
208347,56714
208758,30500
248301,11262
204717,63510
209622,35846
252405,11262
248013,62074
251085,30500
251442,33886
194883,63218
207096,35732
250221,11262
62337,124
163101,39186
178458,59394
213885,63360
216822,1370
222669,63136
251625,33886
208692,11262
209622,35732
188331,63360
194790,1304
204717,124
251169,1370
187734,57414
203574,11262
203724,63136
217782,59394
154011,57414
194883,63510
198534,11262
222669,59396
250221,35732
176403,63188
217782,63360
248301,1370
163101,33886
209622,63510
66777,62274
203724,33886
217782,59396
250221,16358
153885,35732
63867,63510
240990,57414
63867,56714
63867,57414
66843,11262
154509,11262
206868,35846
238293,63510
250629,57414
128469,57414
209622,124
223728,54096
245631,33886
69060,1370
246711,30500
252375,33886
68676,1304
194082,30500
203175,1304
248724,1370
60888,10652
198534,63510
63867,63188
63867,11262
154665,10652
157224,35732
167364,11262
209622,33534
206364,51316
211527,59394
215298,30500
236115,63510
250974,1370
186174,10652
194409,11262
199479,11262
211413,57414
203259,50718
206772,62274
61482,61348
157224,50274
184950,30500
186882,57414
225501,11490
230010,10652
206787,33534
206868,1370
212220,57414
225501,57804
246711,63510
157224,30500
184950,63510
252081,33886
65631,11262
157224,35846
183105,63360
187707,34092
234093,62274
248550,1370
251442,62944
251442,16358
211527,63360
65640,57414
186174,16358
210393,11262
176403,63510
216822,10652
211527,11262
211527,63510
251442,63510
167364,10652
190152,63510
203727,63510
218265,1304
128526,63360
157224,62074
157500,63220
188331,63510
251085,1304
25749,61280
63867,35732
155388,1370
180195,124
194904,63188
211344,124
212748,33886
223728,63186
251442,11262
178458,62944
212748,63510
249222,30500
249342,56714
227292,62074
65631,1304
174087,11262
242232,62274
153150,11262
160770,56714
206958,11262
234093,63218
61482,51974
207828,124
234093,59396
190152,11262
216822,30500
216822,11262
217380,1304
211527,57804
250221,1370
186174,62944
194904,57414
199242,56714
203058,63418
212748,59396
246711,61280
190152,56714
204717,11262
210234,59396
212220,63188
244287,1370
153303,63510
208350,35846
216822,1304
233559,56714
63867,33886
160770,57414
167571,16358
187743,57414
194904,62074
210393,1370
217848,63360
252375,52918
243408,59822
232827,11262
193965,11262
66843,63510
72045,16358
207114,61552
191238,1304
203259,56696
210393,33886
211413,30500
59703,62074
239217,11262
203871,1370
59703,57414
206772,57414
217782,56714
252081,11262
194229,11490
204717,62274
212220,32496
219132,1304
246711,62944
208479,61542
153315,1370
203052,63510
203052,10652
210393,57414
212775,1370
212892,57414
225501,39186
63867,1370
210234,63220
250221,33886
66777,63510
68676,11262
154665,63510
230073,61542
209622,62944
212220,54290
234093,63510
230073,48574
183489,63186
183921,1370
211413,11262
212748,63218
61344,48574
249342,35846
180495,61542
219456,11262
198873,39186
211344,39186
211527,63188
212220,1304
223728,1304
198882,39186
211767,61558
250221,1304
199044,48574
155085,10652
156486,1370
192771,62074
208758,11262
224211,1370
229737,16358
194082,10652
246915,1370
248871,1370
250221,30500
251169,1304
187707,63218
155097,16358
203058,34092
155085,61558
65640,11262
72045,62944
173667,61558
206448,1304
217782,53386
229620,30500
72483,63510
198882,61280
228948,61364
212220,63360
180195,1370
197595,1304
206346,62944
206358,62944
208692,62944
211527,62944
213114,63510
225501,50718
234297,63510
245631,63510
203310,59822
247134,11262
248013,1370
173667,53046
228741,53046
61482,50274
154509,1370
206868,62074
219132,1370
242442,57414
77484,63510
154551,63510
176403,48298
206460,11262
242232,50274
232788,61542
60888,57414
128526,63136
203727,1304
206868,56714
234972,61558
217848,63136
234297,30500
236115,1304
248202,62074
248202,1304
25749,63136
222750,61542
63582,62074
63867,30500
69060,56714
194904,39186
206772,62074
206772,1370
216822,39186
217782,57414
206406,63510
228741,1370
250629,1304
203670,1370
248796,11262
176403,51974
187734,30500
188331,57414
225501,62274
223554,61542
235335,30500
236766,63188
65640,53160
153600,1304
164337,11262
206787,1304
251442,59396
251442,1370
188331,62944
198873,1304
217782,63510
246711,10652
250221,34092
194082,63188
247134,16358
250221,63510
156486,35846
224211,11262
247134,1370
194082,62074
198873,11262
199242,11490
236115,63186
236115,63218
238827,1370
68676,1370
61344,61542
72561,1370
211344,59394
155052,1370
232404,62074
250221,56714
250629,56714
206451,61542
176403,53046
211344,62944
203790,30500
203178,59822
231414,61558
230073,56714
222669,56714
194082,39186
195447,11262
186174,61364
198882,62074
155097,10652
207114,11262
213102,61542
171702,1304
203241,11262
203454,16358
203796,44302
219450,1370
197286,60978
203454,48574
203454,11262
206412,33534
206979,48574
207123,33886
226827,1370
243546,56714
71274,1372
234972,33534
184863,44302
204189,11262
206940,50270
212379,60978
224787,1304
225393,44302
173667,50968
206940,50274
211524,46632
232029,59822
194082,48574
203439,1370
206940,34092
71274,42132
208485,61542
228948,61542
232410,61558
158274,1304
162957,1304
206637,46632
183468,61542
204189,60978
219450,35732
178830,11262
194883,60522
203055,1304
216309,44302
227616,35732
71766,60978
206979,30500
217782,60978
203178,33534
206940,54096
243546,59396
206376,46632
207222,60978
227973,60978
183468,50968
184863,39186
203454,1370
216309,11262
219456,61542
231876,1304
72117,48574
128526,48298
199854,48574
157767,48574
158016,60978
203112,33886
71274,45912
162984,48574
204189,36722
208341,44302
210981,60978
183573,35732
204189,50272
56868,60978
153303,50270
174468,35732
216309,50274
217293,1304
178830,10652
184713,35732
196722,33534
231057,60978
212232,11262
25749,60978
128526,50720
178458,60978
153303,124
219450,1304
183105,60978
194904,124
203241,48574
208812,33886
219231,11262
232410,11262
202638,1304
210234,50270
71274,50720
206625,60978
224280,11262
205959,1304
128526,50724
71274,16358
206940,35732
231057,30500
187707,50724
187707,60978
71271,1304
157767,60978
194388,56714
206625,11262
209622,60978
211383,60978
216498,60978
25734,1370
204189,124
183573,30500
186174,124
184863,42132
208692,10652
199854,39186
203454,56714
203454,60978
183195,60978
186882,60978
216648,60978
216648,48574
71271,50720
163101,60978
208812,1304
224280,1370
227292,48574
220269,60978
232410,48574
187707,35732
230091,35732
208341,30500
221151,11262
203259,1304
220728,1370
171702,10652
203256,60978
203454,33886
207822,1304
210585,1304
219420,1370
176403,37644
206406,44302
208116,1304
210834,60978
217293,11262
191232,60978
203259,60978
208758,56714
230091,1370
203232,60978
207330,35846
71274,60978
157767,1372
187806,60978
206979,1372
207222,35732
173940,1304
197673,1372
206367,1304
183576,11262
213114,50268
225501,60978
128901,50268
128901,60978
189045,59822
203454,30500
217782,3382
184863,50270
210981,35846
219450,11262
221751,1304
153303,60978
210843,11262
224841,1304
232410,1372
129264,33534
171702,48574
206979,33886
71766,46632
212232,60978
225672,60978
63690,1304
71274,1304
183576,1304
211413,60978
208341,50268
224787,60978
71274,36722
163131,60978
194904,60978
68568,11262
206364,60978
227829,11262
157767,35732
206376,60978
208812,60978
220269,46632
72930,35732
203796,1304
211236,1370
229263,48574
186987,35732
208758,60978
25743,11262
182565,50720
203268,48574
206376,1370
212220,51974
213102,35732
230091,1304
166356,1304
199854,35732
204189,44302
72117,1372
197673,11262
203232,10652
224280,44302
227223,1370
221151,48574
206940,60978
139272,60978
158274,1370
199242,60978
208116,1370
199242,11262
207123,11262
208692,1304
212721,51974
230091,60978
212721,60978
232410,1304
156486,60978
184863,50272
183468,1304
203268,60978
72117,1370
139272,33886
186174,46632
216309,60978
227829,1304
231876,35732
232269,60978
128526,46632
213114,35732
220269,44302
226827,11262
235932,48574
72930,33886
236775,60978
208758,46632
219420,1304
178830,1304
197673,42132
203214,60978
217782,51974
208116,48574
223728,35732
225672,50270
186174,60978
231876,60978
25734,11262
176403,50720
194229,60978
194388,46632
202638,1370
203058,60978
166005,1370
191232,1372
211476,35732
72117,11262
183195,44302
184863,57804
194388,16358
197673,1304
207105,11262
210843,1304
172695,1304
217782,30500
207822,1370
61344,1372
139272,48574
156486,48574
203241,60978
207084,35732
209637,11262
210633,1304
211413,1372
211383,1304
71274,50272
203460,1304
210234,50268
216498,44302
211524,11262
220713,60978
231876,16358
208068,61542
211413,56714
213102,61672
154821,1370
186174,50968
194601,48298
199242,50716
206760,61672
226827,56714
219132,61542
186174,50970
194601,1370
213102,50716
244287,33886
158274,48574
194601,50716
238032,3382
154713,39186
206745,61542
63690,56714
202818,1370
206760,42132
225501,49888
231057,61542
238032,35732
204780,61542
238032,56714
63690,49888
154713,1370
203724,60522
195507,61542
230028,48574
238218,1370
238293,50716
206625,62074
163131,61542
197529,61672
207330,61552
72117,50716
158274,50716
206838,61558
211413,61542
207390,35732
211407,33886
236766,61364
154275,50716
197802,35732
194601,50270
221151,61542
183468,30500
203322,33886
217848,50716
63690,48574
206838,1370
244287,61348
194601,30500
154068,48574
157185,30500
196311,61558
205122,61542
206763,61364
196302,61542
244287,30500
167316,11262
196311,33886
211524,62074
219132,61672
158274,30500
230028,33886
242415,1370
227988,11262
206433,61542
206514,61542
229341,62074
195507,30500
223776,62074
206514,61552
157500,61672
160029,56714
197529,30500
222306,30500
154275,61542
154821,34092
231057,61280
154713,34092
154713,35732
223728,61542
211524,44302
222306,61542
63690,61364
230286,61542
154713,61364
206625,61542
206637,61542
206460,61542
154821,11262
163131,61558
205122,48574
195507,48574
221151,35732
154713,50270
154713,50274
183489,59816
203724,61542
207330,16358
77484,61280
226827,30500
163131,50716
208788,50270
211407,61542
221331,48574
223776,1370
227292,56714
163131,44302
164970,61542
197529,61542
206625,35732
206760,50272
231057,1370
242415,61558
63690,50270
225501,61280
154713,11262
206745,61672
129264,35732
197529,48574
242415,11262
195507,56714
226827,44302
195507,50716
72900,48574
236766,62074
203310,48574
203322,1370
206412,61542
63690,61672
206637,62074
208053,1370
238032,33886
63690,50716
203439,61672
212442,61364
223776,61542
227616,61542
154713,48574
194601,35732
231057,48574
207498,11262
210846,48574
211407,61552
167451,61672
206838,11262
208350,61542
210186,48574
212448,50716
229341,48574
206760,61348
212448,33886
231057,50270
208068,1370
217002,1370
203322,35732
206625,30500
223776,11262
154713,30500
183213,61672
210186,62074
210846,30500
210186,11262
139272,61542
238032,11262
194601,11262
154275,1370
231057,56714
63690,39186
205662,35732
203439,16358
203511,61542
238218,61672
238293,35732
242232,44302
61899,56714
211527,50272
212301,35732
216564,50274
210393,35732
212550,1370
71274,61028
206760,50716
25749,42132
206760,48574
206937,35732
66465,44302
223518,11262
211527,42132
208521,61028
232065,61280
206667,30500
242232,33886
71271,36720
210627,11262
204762,56714
212445,50274
183195,1304
207993,11262
60888,61028
211527,50716
71271,1372
61692,35732
198573,1304
61977,48574
203178,56714
206748,44302
232065,10652
240990,1304
208521,11262
228060,16358
206991,1370
229521,50716
229539,30500
194718,1304
206748,50272
232788,1304
61908,30500
212445,50716
211527,35732
161283,11262
230028,35732
208485,1304
71271,61028
206760,56714
207129,50716
211950,61028
227310,61028
61908,10652
204657,10652
207129,35732
206748,50274
184605,1370
198573,61028
242232,50716
203175,35732
203796,124
229521,10652
178230,61280
203796,50274
208788,124
238263,50716
154551,30500
206496,1372
223518,50716
129081,11262
228564,1370
25749,50274
178230,50274
232065,61028
211527,50270
232065,1370
206748,61028
212220,16358
232788,35732
206988,35732
222750,35732
223518,1372
184950,11262
203178,35732
206748,3382
207387,11262
225987,35732
205353,10652
220302,33886
228564,35732
207129,33886
208521,56714
154551,35732
206442,1304
203796,1372
203796,61028
211533,48574
232065,50270
240990,35732
205740,1304
71271,48574
166362,11262
204762,35732
210978,11262
212445,56714
154011,1304
207078,35732
207087,33886
206748,48574
187806,32496
198882,35732
210840,11262
187734,35732
198210,11262
220302,1304
191892,61280
206928,1304
156057,61028
220302,35846
206667,35732
206748,1372
61977,33886
154275,44302
203142,56714
203796,50716
206748,54290
64734,11262
210627,1370
204657,48574
206670,1304
206748,37644
210393,56714
228564,11262
229521,48574
61899,48574
71274,35846
207087,35732
210393,50716
203796,11262
61692,56714
198210,10652
203517,35732
25749,50720
208521,1304
223401,1370
206427,30500
157500,10652
154011,62618
211524,62618
206358,44302
211527,35846
186177,1304
206856,11262
186177,50716
203829,62376
72930,44302
182565,57414
183213,62618
206952,50716
206478,44302
211527,124
201798,62376
172704,50274
194904,32496
212469,62376
206514,59822
206514,1304
239247,55798
206952,36762
206952,61542
185817,1370
172704,59396
211527,56714
246099,11262
212469,62618
193323,62378
203088,61542
246099,50718
59703,11262
211527,61542
157224,50716
212397,57414
128526,124
186177,59396
206952,62616
210114,59822
212469,35846
183213,59396
206856,35846
128685,1370
166362,1370
182565,48980
187806,59396
195582,1370
175266,62378
238218,11262
192714,62376
213114,44302
193323,33534
65640,50716
65640,30500
213114,33534
244065,11262
225501,48980
211641,1370
70890,59396
244065,59396
212637,11262
210234,62074
212637,10652
221331,62074
187395,16358
206376,10652
66843,53046
231057,50716
210234,10652
206637,50716
212442,59822
212442,61280
187395,33886
225501,33886
212748,48980
231057,57414
210234,57414
231057,59822
66843,50970
212235,39186
211527,61364
210186,61364
212442,57414
210186,61542
213114,50716
205122,59822
244065,56714
197529,35732
203439,35732
198882,54096
198873,35732
203829,59822
153303,61552
217782,16358
203727,11262
200508,35732
208575,59822
204795,59822
233427,1370
187101,59396
212469,61364
158274,61558
210978,1370
221526,59822
158274,35732
172704,61542
237300,59822
163578,1370
208575,61552
225396,11262
203727,61542
205731,61542
172704,44302
208491,59822
207999,59822
232827,61364
198873,30500
166002,1370
198882,61364
190113,1370
187734,62074
182565,59396
203439,57414
207582,11262
62817,57414
194229,54290
198882,10652
232827,35732
203796,59396
208575,35732
62817,59396
175266,61552
203727,30500
203388,59822
204375,16358
62817,39186
155388,35732
224211,59822
62817,62074
172704,62074
207999,61542
228948,61552
203727,50716
196722,61542
207828,10652
203820,57414
208575,57414
65637,61542
203790,10652
158274,10652
206937,44302
186384,11262
64860,1370
157680,61542
208491,57414
187962,30500
172704,35732
228948,59816
188685,1370
211236,10652
65637,1370
62817,61552
62817,50716
72918,61542
205731,35732
149634,11262
196845,63418
61692,62274
183492,50720
61692,56696
154821,56714
157767,33886
216498,35846
186933,44302
196722,62274
198882,34092
242151,50716
242412,11262
77484,63136
220269,62378
227310,59396
25749,54290
227310,50274
206514,30500
249981,32496
250434,57414
186933,63136
194601,61280
203280,10652
210615,61280
251967,59396
242151,56714
249981,50716
251967,33886
249981,50718
25749,61348
208482,1304
211965,1370
220269,50716
249981,56714
129081,63418
157767,63418
183195,62074
198882,63136
206952,63360
246618,52918
250020,57414
157767,57414
183492,10652
210846,10652
244866,1370
198873,10652
206952,50274
208518,10652
183195,57414
227310,30500
249981,63418
246618,30500
249981,34092
77484,62074
196722,34092
225501,16358
194601,124
210615,63188
246618,62274
183105,59394
186933,50274
203151,57414
187797,50716
206673,62074
183105,63136
203256,62274
208518,56696
250434,1304
251643,16358
203178,10652
215247,62274
77484,39186
154740,11262
207147,56714
208518,30500
249981,62274
203811,1370
203736,11262
211413,61280
249981,63136
203256,56696
210615,50274
215247,61540
61692,59396
194601,44302
208554,1370
194601,10652
225672,50716
249981,33886
203151,56714
207147,1304
149634,1304
203256,49888
61692,59394
249081,56714
149634,10652
186933,52918
231876,57414
198990,63418
203439,62074
206952,63186
157767,61280
203268,62274
220728,44302
212571,35732
202638,50716
203082,35846
183492,32496
154827,1370
210615,50716
242619,63418
129081,62074
157767,59396
203151,1370
210615,33886
129081,33886
194601,63360
206514,33886
208518,11262
231282,1370
249486,1370
249981,61280
206952,57414
251106,50716
186933,35732
208599,63188
220269,59394
61692,63418
203178,63418
206952,39186
208872,44302
225672,30500
227292,50716
250020,1304
208347,1304
249981,11262
249981,1304
183786,10652
183786,11262
61692,63186
186933,33534
208524,59396
208599,35846
202638,56696
223554,57414
194601,62274
206952,63136
215247,33886
249981,30500
251967,56714
217848,50720
183105,63418
244866,56714
66465,63418
183105,124
208347,63418
208788,63360
238875,1370
206952,1370
66465,16358
197286,48298
206673,44302
220269,63418
227310,34092
206952,61280
207330,59394
213102,63360
242412,33886
246339,57414
186933,10652
206412,50720
246618,35732
187797,52918
203796,56714
215247,30500
215247,39186
242151,30500
206952,59394
210615,35732
197286,63360
195894,1370
212688,61280
210615,10652
203574,1304
218121,1370
211413,50274
183195,63418
186933,50720
251967,63360
198873,63360
198873,59396
217782,32496
153756,35846
198873,56714
224280,57414
188331,59396
203661,1370
203145,50716
210678,62274
203178,49888
232404,57414
198873,57414
200502,50716
226140,59396
176403,59396
176403,62074
205662,33886
216498,11262
224169,59396
247002,11262
193911,1304
251442,63188
187806,53386
212220,61280
249294,11262
190152,50716
207999,56714
172161,59396
198873,1370
208872,10652
250653,1370
249687,56714
251631,10652
200502,35732
203460,33886
231876,44302
206868,30500
251442,1304
158610,63360
60888,53160
211749,59396
251442,10652
197286,59394
247983,50716
251442,50274
211527,63186
249687,57414
250947,50716
226140,50716
226140,11262
159831,11262
206427,34092
207078,30500
247002,30500
245976,11262
250653,30500
251442,54096
197286,34092
250653,35732
251631,11262
226140,33886
250668,1304
206376,63136
207156,57414
206838,50716
178458,57414
187806,53160
249216,1304
96444,10652
247962,30500
251631,1370
154275,63188
203790,63188
206637,57414
212220,59396
251619,62074
154665,59396
190152,62274
211950,10652
251442,61280
208341,63360
250947,57414
190152,63360
205107,53160
216498,10652
251442,50716
207999,30500
247983,62274
176403,49888
247962,54096
72918,50716
211413,63360
181101,10652
196311,59396
247962,44302
248706,1370
200502,1370
207078,33886
212211,1304
128526,61280
237300,57414
249687,33886
206451,11262
251442,39186
247962,50716
250020,10652
61692,33886
187806,63136
249687,1370
198279,10652
250653,11262
190152,1304
251442,53160
206358,57414
225012,10652
190152,57414
238827,33886
238827,50716
251382,1304
251442,30500
203181,1370
250947,11262
251442,35732
224280,10652
251442,34092
205662,1304
206838,1304
247962,56714
128526,33886
206838,35732
234018,56696
207999,50716
250653,63136
251442,63360
206868,59396
200502,30500
203175,63186
203178,57414
193911,63188
203175,59396
207078,11262
250362,1370
71766,57414
183489,63360
206346,63360
208797,1304
247002,44302
247962,57804
60888,62274
212211,62274
250653,39186
208341,53046
61692,50716
229521,1370
237300,50718
153756,50716
251442,49888
206418,33534
247002,59396
251442,62274
203175,10652
210186,63188
229521,56714
247962,11262
249294,50716
251442,32496
246618,11262
175293,1304
248373,44302
187806,35846
197034,57414
197286,57414
181101,59396
60888,33886
198882,59396
247002,50716
251442,124
251442,56696
187806,59394
217782,63136
238377,59396
249687,11262
250947,1304
71766,63188
251619,50716
212211,57414
249294,33886
128526,62274
217782,1304
250653,56714
156486,10652
207345,50272
194229,46632
149634,30500
206979,42132
207345,11262
235842,1370
210981,10652
210981,44302
59703,50268
198873,48574
154494,1370
154113,1370
192942,1304
207345,51974
223776,1304
157500,48574
206343,50270
213987,1370
192756,35732
200259,48574
206955,35732
212112,50274
238827,50270
203574,48574
206415,1372
213102,60978
25743,60978
63582,35732
203502,50268
207345,10652
72930,50270
207366,1304
229812,50268
194229,50272
198867,60978
205821,48574
207345,30500
166128,60978
206346,60978
187797,60978
195723,30500
203574,30500
158610,1304
224841,35732
207345,46632
229812,11262
174279,1304
206979,35846
192756,1304
205821,1304
206346,50268
184674,11262
175293,48574
203058,44302
203661,48574
219231,33886
72930,16358
194229,33886
206349,35732
187797,39186
206343,46632
155403,11262
212505,1304
178230,10652
205821,1370
167316,16358
207216,60978
207366,48574
213987,1304
203796,59822
129153,1304
206979,39186
194208,46632
129153,11262
167316,60978
192768,1304
183492,46632
226623,1370
154494,11262
192942,48574
183492,50268
188787,60978
206940,39186
129153,60978
212505,35732
222750,11262
207345,3382
66843,48574
187797,35732
203106,35846
183489,50272
205821,11262
206979,10808
206346,46632
229812,1304
226623,1304
192942,1372
222750,124
210897,11262
72483,60978
211413,50270
192942,1370
200259,1304
206343,30500
184113,1370
66843,1304
155403,1304
206637,33886
207345,1304
196311,1304
234093,50268
129153,30500
210114,10652
210897,1304
234093,50270
25743,46632
229812,60978
216498,35732
207345,39186
212112,50268
206415,48574
212505,33886
197673,33886
192942,44302
210882,60978
203574,60978
212112,50272
213102,44302
203106,44302
206838,35846
212112,46632
149634,60978
163131,50272
183492,60978
206343,124
207345,50724
206418,16358
206745,10652
206979,60978
207345,1370
208341,39186
203106,60978
210114,30500
183492,57804
206343,50272
197673,60978
222906,60978
178230,57804
207345,33886
210843,35846
167316,50270
199242,35732
207114,16358
61692,10652
195372,1304
192768,56696
211524,48980
245631,50716
188331,53406
203106,57414
206952,124
246963,50716
213987,56714
234093,39186
249855,53406
232455,50270
192768,11262
195372,1370
64299,124
210114,62074
208473,1370
62817,11262
155403,56714
247962,59396
200964,11262
209793,33886
178458,61280
198573,44302
222669,50270
246858,50716
246963,61348
227310,35732
178830,63188
247986,57414
192756,57414
224211,30500
230331,57414
234297,57414
247986,56714
247986,11262
205821,30500
232410,56696
176403,61348
186438,53256
211524,30500
211527,39186
231225,11262
245631,56714
210186,56714
232410,56714
249855,56714
203142,1304
63690,57414
201282,62074
205821,59396
183105,11490
187734,10652
153888,1370
178830,53406
210393,30500
238263,56696
249855,11262
188331,51974
240939,11262
240990,10652
178830,57804
192756,30500
206439,63188
241329,62074
246963,1370
240990,50716
198534,1304
204483,11262
207264,39186
219231,50716
206667,50716
157185,56714
60888,53394
178458,53406
212748,32496
236775,16358
246963,1304
206952,50270
210186,57414
225393,53406
178458,34092
221331,59396
62817,63188
199860,56714
63690,62074
157500,53394
178458,50718
221751,57414
204483,1370
205821,44302
63690,1370
246963,11262
206952,34092
226662,57414
198792,1370
194424,35732
210897,57414
211476,57414
212220,52918
246858,11262
211740,16358
244287,59396
246858,33886
206361,57414
244287,44302
62817,1304
192159,1304
223776,50272
232410,62274
206667,56714
187734,50716
212220,10652
206346,53406
234093,10652
206952,54096
195372,34092
203388,33886
210393,50270
206346,63188
207096,50716
246627,33886
210186,30500
231102,57414
191316,16358
249486,50716
154665,1304
246963,62074
206415,62074
206667,57414
239247,57414
157185,44302
205821,50716
240990,50718
211476,56714
163482,62274
207339,63186
230331,50716
248301,35732
163482,11262
66777,59394
184950,50718
206646,62074
211407,33534
61344,57414
183213,51316
162810,36720
210234,53160
232029,57414
219450,56714
60888,59394
191232,59394
248706,1304
162810,54290
198534,33886
211407,1304
172056,1370
249486,1304
162810,50274
162810,30500
162810,63186
249294,1304
186882,50716
162810,3382
162810,35732
186882,62274
207366,57414
206823,62274
206637,34092
241305,1304
206346,63136
191232,53160
172056,33886
198534,30500
207828,35846
162810,36762
155055,57414
66465,39186
162810,35846
229737,62074
206625,1370
225501,10652
72045,62074
246963,56714
162810,48298
72045,62274
162810,39186
186174,53160
237057,30500
207216,33886
198534,57414
207339,53160
248292,11262
195372,35732
162810,53160
227616,57414
207339,59396
225669,50718
206346,53160
162810,50716
162810,54096
213513,50716
206634,1304
225501,50716
248301,10652
72045,54096
162810,49888
191232,54096
203724,59396
208758,62274
208758,44302
206625,50716
224526,50718
199479,1370
198534,1370
186174,62274
203724,59394
162810,124
227616,1370
198210,61280
227988,10652
207084,49888
238218,57414
250221,53160
162810,11262
162810,61280
210633,53160
219450,16358
221331,32496
198534,50716
206745,57414
230331,33886
162810,59396
247029,1370
207828,56696
241305,63188
153888,30500
206928,61542
155403,61552
207078,44302
210846,44302
217293,61542
154665,1370
206697,56714
207222,61364
157185,61542
199854,61542
210633,50716
230028,34092
220728,61672
216495,61542
212448,61542
216495,56714
217293,56714
203796,61672
154665,30500
207222,61672
212448,61364
212448,56714
229620,59822
199854,30500
220302,11262
206850,61348
228741,62074
156057,124
206964,61542
220302,61552
206772,61672
206670,61552
172695,61542
185817,50716
207129,61542
207822,56714
235335,50716
204189,54096
155403,61542
204141,61542
204189,36720
211524,61672
244065,10652
204189,33886
220728,61542
204189,30500
172695,59822
71271,57804
178230,59822
206772,35732
242232,61542
211476,61542
71271,54290
212448,39186
244065,50274
199854,44302
204189,50716
212301,61552
156057,61672
71271,10652
156057,60522
204189,48298
206772,61542
206772,30500
178230,44302
205191,61542
230073,61558
206673,61542
207129,11262
228741,11262
244065,61348
178230,61348
218121,11262
230073,30500
199854,61672
227670,30500
204189,35732
206823,61542
172695,59816
178230,50716
212211,61542
230073,61672
206856,33886
231708,61542
230073,50716
206799,48574
211413,61364
206664,62074
206856,61542
207222,33886
220728,61558
203796,35732
63876,61542
206964,56714
156057,61542
154374,11262
198882,59816
244065,1370
235335,61672
77484,61542
212220,50274
25743,50716
213114,61560
234021,33886
178761,48574
178761,61542
211476,11262
167316,61560
183105,32496
192942,61542
222906,49888
207396,1370
229527,54096
197676,1370
229521,50274
128901,61560
60882,30500
207144,61542
228564,61560
66843,44302
173667,50716
66843,61672
222906,32496
212475,61542
225393,52918
77484,61558
194229,42132
236226,44302
197595,56714
206667,61542
213102,61560
25749,34092
203106,50270
225393,61672
163131,61672
229527,44302
148782,61542
173667,34092
186882,44302
163131,50270
60888,124
192159,61364
208872,1372
66843,39186
172704,50270
68676,61542
183468,11262
220047,1370
212220,50272
210234,61542
68568,61542
148782,33886
186882,61560
153888,56714
172704,48574
183105,61672
219456,33886
203322,48574
211527,61558
178761,1370
197595,61542
197802,61672
198552,1370
224208,1370
220269,61672
156486,61672
227973,11262
153150,61542
172704,61558
183468,33886
206868,50716
201522,34092
211527,61560
199854,34092
220269,54290
213102,34092
206868,48574
229527,34092
229536,1372
183492,61542
230286,11262
242232,61672
154011,61542
229521,61558
70890,34092
66465,61672
220269,59816
226827,61672
206448,61542
72561,11262
158742,61560
210114,61672
229521,50270
183105,61560
234021,61558
183195,62400
234972,35732
208341,1372
234972,50718
167316,62376
205947,1370
176403,61542
66336,16358
194082,62400
194601,59396
200259,61542
203790,59822
166128,50718
191451,62074
242619,50716
205821,56714
66465,61542
66336,30500
203796,50718
182565,50718
194601,33886
225351,62376
225480,61542
66336,56714
25743,59822
212892,33886
72483,62376
242505,59822
194601,3382
72045,35846
183195,124
203733,61542
194082,50718
194601,16358
183573,33886
66336,1370
196845,62400
212112,57414
192159,61280
232455,50718
25749,50718
203178,62376
203796,10652
187797,50718
212892,62170
25743,62074
167316,10652
158685,50718
176403,59816
242619,61540
72918,61280
182565,57804
205191,59396
232455,59396
218061,61542
182565,62074
203820,61542
186933,63186
194904,50716
209799,10652
194904,1304
206868,33886
241026,62074
206940,59394
249342,33886
252774,33886
211533,63218
248064,11262
222759,30500
249342,50274
71274,57804
153642,1370
244380,63188
186933,62944
71274,11490
71274,59396
71271,59396
71274,10652
186933,1304
210615,59396
71274,53386
206955,57414
71274,50274
186933,59396
71271,52918
71271,33886
212721,50274
71274,33886
71274,57414
181860,56714
186933,3382
71271,62944
194904,63218
210114,59394
210114,59396
194904,61280
211524,10652
249342,59394
211527,63218
220011,30500
71271,63188
71271,57414
227973,57414
210615,39186
72117,56714
251442,63218
234021,1304
183105,59396
211524,63218
212301,62944
71274,32496
71274,52918
167316,62944
206748,51974
71271,56714
206940,59396
71271,53386
206748,39186
210615,30500
251766,1370
222759,49888
71271,61348
210615,63186
71274,30500
251442,56714
206988,62074
209799,59396
211533,50716
206667,44302
210840,57414
206670,35732
181149,1304
248064,1370
249342,30500
210615,16358
186933,34092
212220,61552
229521,35732
210615,48298
187707,57414
230073,44302
186933,62074
206427,57414
229521,61364
252774,1304
164064,57414
230073,33886
206670,50716
186933,63188
186933,57414
212442,10652
186933,36720
71274,56714
61908,57414
211527,59396
210615,62944
244380,1304
206940,63188
153885,59822
71274,61280
242232,35846
212220,48980
252774,11262
71274,63188
154665,57414
212220,59816
221115,10652
175239,57414
190776,59822
192144,57414
212220,44302
212220,61364
206670,30500
211527,61280
222759,11262
187743,56714
229536,61364
72558,35846
183492,62376
212220,50716
206772,59822
207129,30500
71271,124
166128,124
206475,1304
211527,53394
61344,30500
211767,1304
206943,61280
220713,34092
234030,11262
237765,1370
203439,10652
243789,39186
194904,53160
206475,10808
71274,61348
235932,11262
65637,1304
178761,57414
212220,60522
232656,1370
166128,33886
190776,62376
229521,59822
220713,44302
72117,44302
206484,1304
183195,61280
194904,34092
211965,10652
247239,1304
194904,53394
203820,35846
241824,1304
206457,1370
227670,1372
242505,56714
72930,59396
206667,61280
223554,30500
154665,61542
231225,62376
61899,34092
194082,62376
206514,11262
206847,57414
61899,59396
245976,124
229737,35846
203796,48980
163101,62376
207129,44302
77484,35846
71271,59816
242412,50716
162960,53160
183492,52918
210186,44302
242151,35732
230073,57414
242151,53160
191556,11262
245976,1304
161667,11262
71274,34092
203175,30500
209154,11262
243789,1304
207129,59822
153792,11262
202638,10652
206955,1304
243477,1370
212220,11490
181101,44302
65637,57414
204375,35732
208206,35732
212721,44302
71274,54290
163482,10652
210186,59396
206664,57414
208206,1304
208506,11262
212112,1304
61692,1372
206484,39186
206763,35732
193323,32496
193323,50274
220728,62376
234156,62074
243789,56714
211125,30500
203820,11262
229536,39186
198867,61542
194082,59822
243546,33886
242571,33886
187806,48298
206979,10652
77484,53394
234156,53160
242151,39186
247239,1370
243546,1370
178458,53160
203511,1304
243789,57414
208506,33886
224280,62074
243789,1370
246099,33886
198210,50716
229527,42132
203517,30500
227988,1304
211527,48980
183195,53160
198210,33886
183195,50716
61344,50716
212220,1372
194409,1370
206484,54096
71274,124
193323,53160
229527,11262
234021,57414
242505,1370
194904,11262
237840,1304
163482,39186
229527,30500
154245,1304
229527,62074
243546,11262
206748,53160
206955,50716
188787,30500
206484,30500
211524,57414
194904,35732
203439,1304
63690,35732
224874,1370
230091,57414
232269,50716
243789,62074
198867,10652
206847,1304
162957,11262
245976,35732
184713,1370
206478,39186
211524,34092
243546,30500
153792,1370
231282,50716
172161,62074
233814,50272
212721,39186
208341,53160
243789,30500
203328,30500
183213,50970
187707,16358
232503,50716
162957,35732
186174,50272
203310,35732
183105,61028
208500,30500
215247,50716
227988,16358
207330,1304
61899,61028
206850,1304
227310,33886
203724,60978
156057,36720
65640,48574
207330,1370
212748,35732
206784,35846
206952,61028
66843,61028
207345,50270
229341,35846
223728,1372
207345,56714
215247,61028
230073,61028
234297,1304
204795,60978
219132,10652
211125,33886
208794,1370
195447,33886
211413,35732
221526,50716
72930,50716
162957,16358
62817,30500
62817,50270
212379,50270
222843,11262
208500,33886
234018,33886
207345,48574
203439,35846
208488,44302
62817,33886
206607,48574
62817,1372
219450,35846
61899,1304
156057,36762
232788,1370
206607,11490
154011,44302
156057,35732
207339,42132
188730,35732
236766,124
66843,10652
206943,1304
221526,11262
154275,30500
207339,61028
207339,51974
183573,50716
237300,50716
172161,44302
154275,1372
223728,48574
219132,11262
208599,35732
191238,48574
206952,50272
187707,61280
196302,1304
184863,10652
207345,57804
206952,48574
209793,50716
232035,61028
66843,60978
206958,1304
212571,16358
203328,1304
208341,60978
212748,61028
25749,32496
191238,11262
196845,42132
203310,60978
203724,35732
204654,30500
72558,35732
206943,53386
215247,11262
72117,35732
157185,50716
227988,35732
215298,11262
208872,35732
220011,1304
203445,124
208566,35732
211965,35732
173667,11262
232035,33886
208599,10652
217782,35846
219132,35732
203454,11490
244731,34092
164871,1370
71271,36722
198522,57414
72900,44302
229539,50270
164661,1304
195378,49888
206952,53160
209796,11262
212688,35732
210171,1304
220269,36722
244731,48980
188331,53160
207129,57414
221610,1370
244380,11262
228948,35846
228948,42132
196311,1370
224787,61280
234972,49888
154011,50274
195378,11262
220269,51974
183213,50720
244380,62074
128469,50718
212301,33886
158742,57414
164661,10652
220269,50720
183213,36762
157500,33886
163101,44302
190113,11262
225672,62074
77484,53406
244731,53406
181149,57414
188730,57414
206952,36722
206940,62170
248178,11262
226140,50270
206772,35846
225672,57414
198882,56696
230286,1304
209799,35732
162960,56696
178761,56714
199854,57414
157185,57414
157767,39186
184713,56696
206478,50716
211527,3382
183105,62614
157767,50270
199854,62074
63873,56696
157767,44302
183213,34092
221610,11262
228948,39186
154011,50272
212442,33886
179496,53394
206772,49888
226140,44302
208206,1370
194904,44302
206760,124
183105,51974
183213,36722
71271,50274
154167,124
206988,35846
179496,56714
212442,35846
206988,1304
204657,57414
71271,53406
220269,48980
212220,35732
190113,10652
220269,32496
229539,33886
164661,50716
210981,57414
222750,10652
226623,10652
187734,48574
198981,11262
206439,48574
198522,1304
206670,35846
247239,57414
211125,59396
71271,61552
203820,48574
61344,35732
206346,59776
212211,35732
220269,10808
61344,44302
162810,57804
162810,10652
186174,44644
206979,61552
203724,10652
220269,57804
195372,61542
207105,50716
211125,50716
184713,10652
220179,56714
244731,57414
183213,53386
162957,61542
187659,11262
216648,59822
242232,55798
204657,35732
231414,1370
219021,57414
178761,1304
220269,3382
71271,35846
178761,11262
128526,57414
71271,42132
206412,61364
242442,59816
183213,44302
190113,35732
206607,54290
172056,10652
61908,59822
224787,50716
248178,1304
206760,57414
206952,53394
210615,61542
166362,16358
219132,61552
179496,53160
221331,124
239247,34092
190776,59816
204375,61558
219420,61542
221331,44302
70890,44302
220713,61558
222669,50716
227829,61542
195507,1370
216648,56714
162810,61542
225654,56714
219132,56714
206346,34092
210615,61552
207105,48574
163131,59822
212469,10652
218673,61542
212220,33886
162810,33886
187806,34092
71271,36762
154560,11262
163101,34092
212220,11262
229521,61542
154275,62074
167652,59822
183195,59816
206346,61280
212220,30500
183468,50716
195507,33886
194601,60522
224208,56714
154275,61364
186174,53406
186174,61542
212637,49888
162810,1370
220269,33886
227988,59822
149634,48574
182565,59822
194601,61558
194904,61364
212220,3382
162810,61364
186174,44664
211533,61552
230091,61348
195582,61542
212637,50716
212721,59816
149634,61542
242442,61364
206346,44302
163101,61558
210186,39186
211383,61542
149634,50716
229977,11262
242442,52918
206346,35732
206412,62074
162810,60522
172056,44302
225501,61552
234093,36720
238293,53406
178458,32496
232455,53394
206412,50718
155403,33886
158766,33886
229521,39186
238293,1370
205728,56696
229521,63188
231057,1304
236115,50270
206349,35846
234018,30500
234018,50718
229521,53394
247962,50272
62817,50718
206415,56714
208812,50716
62817,50272
129153,56714
178458,35732
178458,48298
248682,1370
203889,57414
211476,50270
232455,44302
238218,35732
176403,50718
206346,36720
206856,62074
206943,10652
210393,124
208350,57414
203232,57414
129153,57414
206376,48980
232455,124
234297,44302
248682,11262
236115,50718
139272,44302
238263,50718
248202,1372
203127,30500
206415,57414
206346,50272
211383,57414
210393,53406
212748,54096
231057,33886
186882,35732
249216,62074
243546,44302
66843,57414
238293,124
208812,30500
225393,34092
66843,35732
206979,53394
238263,44302
62817,61280
231057,54096
248871,10652
238263,33886
208692,35732
208692,1372
153744,32496
232455,33886
238293,50718
158016,57414
62817,44302
225393,54290
66843,61280
232455,57414
248871,33886
62817,53406
210393,44302
210897,33886
203454,35846
192768,62074
158766,30500
203127,56696
210234,53394
203454,62074
231057,32496
192942,50716
208794,1304
66843,50718
206346,50718
65640,50718
247962,50270
203889,30500
154698,56714
206349,53394
186882,30500
203454,57414
207096,34092
207390,30500
208347,63188
238293,62074
155403,30500
208347,35732
149634,50718
158016,62074
211641,33886
232827,57414
199854,50718
211383,42132
210393,50718
232827,63188
232827,62074
231057,44302
188787,124
204657,16358
232827,50718
149634,35732
225393,50274
229521,53406
210810,1370
206943,33886
231057,62074
212748,44302
181860,57414
206346,62614
206346,56696
208347,1372
210615,1304
211407,56714
223728,62376
236775,44302
242388,33534
232455,62074
242388,50272
206346,52918
242388,124
193323,56696
148782,1304
207999,57414
220269,52918
244380,1372
212748,57414
206346,48980
129081,50270
206364,55798
206349,1370
181860,11262
234297,33886
211407,1370
207144,57414
186933,50270
221115,57414
232455,50716
242388,39186
154698,57804
183489,54290
211407,30500
194424,52918
216498,56696
244380,39186
181860,50716
206418,44302
154698,36720
206760,10652
210615,1372
204411,50274
211527,10652
204411,33886
234297,50716
207222,39186
224145,1304
208350,62074
201282,30500
220269,59822
206760,35846
210615,32496
203796,33886
205995,1304
238377,62944
244404,62074
69060,57414
229341,56696
217848,34092
232065,63218
72483,50274
195723,34092
251619,63188
252375,57414
197673,34092
68676,33886
178458,63510
207102,56714
217848,63218
251619,3382
220302,57414
244680,16358
251619,50272
242388,62944
206376,63510
212442,63510
163101,62400
199242,57414
206496,62400
208518,33886
211965,61542
229812,1370
230073,10652
245631,62074
172704,57414
205995,33886
206979,63510
204411,53046
205662,57414
208518,61558
244404,1304
183105,60522
232065,51974
202959,57414
209793,35846
251619,30500
207222,62400
205995,63188
163101,62170
182565,16358
188685,62376
242388,59396
212448,1304
232065,34092
249855,33886
242415,1304
244287,32496
251619,56714
246150,1370
251619,33886
153885,33886
154035,1370
192756,11262
199860,33534
208812,63510
178230,57414
242415,35732
246711,56714
245631,44302
181149,59822
163101,61542
206415,63188
216822,62274
194904,62400
242388,10652
203574,50718
206418,62074
218121,63186
128526,63218
210882,57414
224526,11262
208788,62376
248871,11262
251829,16358
129081,50716
194718,61542
205995,35846
191892,59396
212571,62376
245631,34092
204411,30500
211950,62400
210186,62400
199242,61558
208476,62376
208488,61542
242151,61280
188730,61542
197286,62400
236115,62400
203133,62074
206415,39186
234021,30500
204795,57414
245631,61542
232035,53160
245631,59396
207216,50718
211950,62376
192756,63510
202959,1304
249486,56714
251619,63218
206346,57414
238263,63510
205995,1370
242388,63510
211767,63510
232827,63510
208488,1372
238377,57414
128502,35732
220179,33534
65640,61542
251619,59396
229341,59822
220302,59822
225393,59396
176403,63218
246711,1370
212448,57414
203055,62376
208518,35732
61344,59396
208788,62400
242442,63510
128469,63510
202959,33886
198867,50718
206346,63218
244404,57414
251619,35846
195507,59822
197595,57414
156486,62074
186174,62400
128901,61364
166128,57414
186174,62074
191892,1304
242151,62376
207105,57414
232065,57414
200508,61542
245631,50274
242388,63218
196302,63218
238377,63510
167514,30500
203574,63510
251619,35732
208788,62074
232068,62376
208599,1372
232827,62376
205995,63510
216822,63510
216822,50274
251619,63510
219021,59822
205995,11262
207102,63510
191238,61542
208488,57414
65640,34092
206784,62074
157224,61542
245631,1370
178830,63510
186882,63510
193323,61540
153600,57414
211383,63186
221751,33886
242442,53048
60864,50718
199854,50716
210690,61542
192756,33886
203889,63510
249855,59396
186174,1372
194229,63186
251619,59394
232827,50716
242151,62400
198867,63510
198279,35732
207105,1370
181860,30500
235335,63510
251619,57804
251829,10652
216648,57414
223728,63510
72483,35732
215457,57414
242151,59822
198279,63510
205959,50720
212445,44302
63582,1304
148782,30500
236226,50274
158610,35732
206481,1304
69060,1304
232065,59396
188331,62618
198210,35732
205995,50716
205995,30500
198279,39186
206670,57414
215517,1370
71301,1370
128526,62944
206406,63218
221751,63510
68676,30500
195507,57414
61344,63188
68568,57414
244041,11262
222306,56714
211140,53406
212445,59396
154509,35732
244041,34092
229737,11262
227292,53160
206481,42132
213987,11262
183492,62618
195378,50716
61482,50272
154665,35846
192756,50716
206481,51974
211140,53160
199044,57414
212688,33534
236226,10652
236226,57414
207087,50272
213114,53160
198210,57414
218121,50716
61482,44302
154275,57414
191892,53394
246711,11262
205995,1372
206481,59396
208545,35732
186438,62074
206481,54096
206673,48980
246150,11262
218121,30500
206943,57414
218121,35846
206481,11262
212448,1372
175293,57414
218121,10652
216366,53046
163578,11262
207129,62074
225393,32496
206481,39186
206481,1372
224526,124
61482,1304
206937,33886
207129,53160
218121,42132
244041,30500
206673,53160
154560,61558
206664,62376
242232,10652
199854,59822
211476,50716
216309,62618
209880,62376
246804,62376
72483,59822
227292,57414
232410,62170
224211,56714
71271,62400
154518,1370
221331,62618
224169,50718
220728,50718
206637,62618
229521,50718
68568,1304
206964,1304
212301,50274
210615,54290
206358,50716
224211,50718
61899,57804
246987,30500
164970,62074
195372,59822
229521,62400
232503,62400
162810,50272
243408,1304
199854,62400
206772,62376
205122,57414
71274,62400
154068,57414
212301,62274
246915,62376
222759,50716
172695,62376
220728,10652
184113,62376
203796,62618
154509,62376
206646,10652
210615,62618
216309,36720
220728,62274
209799,33886
72930,124
206964,11262
222759,44302
172056,50716
198981,62376
204657,59822
241329,62376
182565,10652
242232,59822
162810,1304
211383,50716
187707,48980
235380,1304
194904,50718
212301,50272
216309,35732
199854,62378
210846,57414
206637,44302
209094,62376
216309,57804
204657,62376
183105,62616
210615,3382
210627,62074
72483,62400
208116,57414
222669,62618
211749,62618
162810,62618
162810,1372
62817,62616
229527,56714
66777,35732
192942,42132
175266,62274
236115,10652
206376,62616
238611,1370
212748,39186
153303,16358
71274,62616
222906,62618
192942,124
229527,50716
225393,62618
230028,1304
66465,57414
229527,53160
219420,11262
192756,50718
220269,39186
220269,42132
191232,59822
206760,62618
238032,32496
212748,1304
229527,50274
238293,50274
229539,50718
71271,48980
61824,11262
203058,49888
235299,57414
192942,35732
245046,57414
206346,51974
206940,57414
203502,1304
191232,62616
62817,53160
216498,62274
204762,50716
206418,62274
186384,62376
183489,48980
192942,34092
192942,30500
192942,57414
64299,62376
222906,50718
183573,50718
225501,54096
128901,35732
183489,62618
229539,62618
213987,61558
236115,42132
183489,16358
186882,61558
71271,10808
193323,59822
242409,62376
191232,62618
245631,11262
183489,1304
187806,62616
206955,16358
238293,10652
206367,62074
206442,11262
238293,55798
129153,50716
217782,50274
70890,62618
245631,53160
238293,1304
247002,50272
194883,50274
245046,11262
233961,1304
212379,50716
68676,35846
217782,62616
247002,62618
71271,62616
206376,62618
62817,16358
203232,1372
206415,33886
234120,16358
206346,62274
237057,1304
238032,53160
208341,61280
192159,30500
192942,63360
187707,63136
197673,50716
236226,1304
212220,61348
212220,59394
220269,63360
61482,59394
182565,50274
208758,50716
211527,36762
250434,34092
157500,53160
238032,59396
197673,44302
183105,61348
128526,53160
238032,34092
208881,30500
193323,63360
210690,1370
244287,63360
158274,59394
210690,57414
207339,35732
207339,57414
211533,63360
221526,49888
207222,50274
196845,63360
211527,63136
187707,53160
250653,49888
248301,30500
162792,1370
208881,56714
208788,56696
233961,1370
157500,63360
203820,124
206367,63360
232068,50716
232068,10652
218121,57414
72045,53160
203268,62074
203871,1304
212112,16358
71766,61280
187707,63360
246987,11262
186447,124
206481,50716
207222,63360
236226,63360
208575,61348
207828,63360
158274,62074
203460,61348
210690,62074
203661,1304
207339,34092
208758,63360
223518,30500
61692,63188
206481,44302
207222,57414
208488,35846
220269,30500
203268,1304
232068,11262
203256,59396
206481,63188
203259,53394
223518,57414
129204,11262
203268,56714
206367,56696
208575,35846
203112,1304
207339,32496
88920,124
206481,33886
207828,56714
203256,34092
206376,56696
206376,63360
188787,63360
203460,57414
203661,57414
66465,50716
208524,61672
208554,61672
203310,1370
191232,61364
225672,61672
212892,16358
208545,61542
208566,61542
212469,61542
227670,35732
224526,61672
197034,48574
163131,59776
212721,61348
198882,61672
212181,1370
212469,30500
203274,61542
186174,32496
208524,50270
196845,34092
208488,48574
187962,61542
194601,50274
205191,32496
215298,35732
208560,1370
208491,33886
208872,61364
192771,61672
208488,35732
176403,61672
206076,1370
207102,61542
206076,56714
208566,48574
212469,50716
206076,50270
205665,61542
206076,48574
2061063,48574
66465,35732
240918,61542
208491,35732
203790,61364
160029,44302
217752,30500
217848,44302
227115,35732
206427,62376
61899,50274
167364,30500
204189,35846
212445,50270
204189,51974
204189,57414
206646,53160
232065,53160
204189,16358
222711,124
212469,1372
232065,44302
243390,1370
206838,30500
212469,44302
61899,53160
206745,30500
25743,61280
206439,57414
217782,48298
183213,50272
223776,57414
204189,57804
210114,1370
204189,50274
204189,1370
215985,11262
215985,61280
204189,1304
204189,32496
61899,33886
188730,34092
204189,42132
217782,50272
61899,50270
154518,11262
61899,53406
204189,10652
244731,50272
232065,54290
153888,11262
212469,53160
232065,50274
244731,42132
183213,124
232065,50272
244731,61280
204189,39186
212301,62074
95988,57414
217848,53160
204189,54290
211533,53406
212469,16358
212469,39186
243390,11262
220269,53406
217752,50716
211989,57414
223728,50270
155085,50270
203133,10652
236226,53160
61482,53160
234297,53160
208350,124
215112,50716
217782,34092
140277,16358
203133,56696
215112,50270
234297,1372
206484,11262
215112,10652
71274,48980
206484,63186
247983,44302
157500,32496
215112,39186
238293,59396
244731,53386
238293,48980
155055,62376
249843,56714
71274,36762
204189,3382
242442,63186
245631,1304
215112,56714
213114,16358
244731,57804
204189,50270
235380,11262
225669,50716
155337,1370
247002,33886
158685,53160
211140,53394
206496,34092
207147,62614
198882,55798
210168,1304
234297,53406
204189,36762
242442,48980
194229,53160
2061063,1304
248373,50716
249843,1304
206979,33534
160029,1304
246858,10652
206634,57414
218121,50718
246858,35732
237195,57414
61824,57414
206847,35846
211524,53406
206847,50716
198801,53160
215112,30500
227670,1304
227292,44302
215112,11262
237195,33886
206484,62274
244731,59396
206496,30500
246963,32496
219450,30500
129153,1370
206940,50720
207147,50718
194229,53386
246150,62376
204780,10652
246963,44302
206847,53160
215112,44302
220269,11490
234093,44302
208482,56696
235380,30500
183492,53160
195507,124
246339,1304
61824,54096
206760,62614
249843,11262
208521,30500
175239,1304
211524,53160
234093,62170
61824,50716
219420,34092
129153,35846
61482,50270
212220,53160
206979,63188
246963,49888
206076,11262
206076,57414
246711,62170
208521,50716
249843,57414
77484,53160
232029,53160
195447,56714
208209,57414
212220,39186
206943,56714
217782,62074
246963,52918
197286,50274
207264,57804
246963,61280
242151,62074
223554,62074
246963,36720
229620,60978
206952,62614
206943,54096
212892,10652
246987,39186
129204,33886
203673,1304
231708,1304
234972,30500
206940,50272
207339,10652
61482,60978
220302,35732
206943,124
223728,60978
208209,1370
208347,39186
206952,61348
208521,50270
212220,62074
218121,53160
217752,11262
208692,60978
59703,1370
211524,50720
209793,60978
88920,30500
211965,1372
66336,10652
207999,48574
210393,60978
183468,1370
236226,60978
212748,60978
180495,57414
248373,35732
203445,10652
219450,53160
242442,50272
194082,1304
206427,50716
203310,1304
160029,57414
208482,35846
72045,50718
208482,35732
204795,35732
160029,35732
72045,60978
155337,11262
206943,30500
232065,39186
207264,36720
208350,48574
212448,60978
236226,35732
205191,54096
233040,11262
198981,30500
66336,1304
194082,35732
197673,30500
206607,30500
88920,60978
183468,60978
72117,54096
237057,10652
223776,48574
232065,35846
206496,60978
195723,60978
207345,50268
69060,48574
235299,30500
234021,48298
187797,1304
67056,1370
194229,63360
210615,51974
216822,53160
234021,61280
228948,63186
203151,11262
66843,50716
228948,59822
194229,34092
204189,52918
216822,50716
247983,35846
72900,63360
247983,63360
194229,32496
212301,63360
249159,1370
234021,63360
234021,53160
249342,50716
212448,35732
249342,44660
204189,63186
183213,59394
164064,63360
206748,59394
206856,57414
247983,56714
244380,53160
235299,1304
247134,63360
206667,34092
228948,54096
247239,50716
236115,35732
154011,63360
212442,53160
166005,11262
212301,35846
249159,56714
154011,53160
212433,50716
206772,10652
188730,61280
216822,63360
212448,63188
212433,11262
234021,53386
196845,59396
249342,1370
247983,53394
207129,63360
216822,11490
63873,10652
206964,57414
210615,53160
195507,44302
211125,10652
129081,35846
212469,59822
244869,1370
163101,63188
248682,33886
203055,1370
210816,33886
203820,56714
235380,57414
242619,56696
25749,53406
204375,10652
244869,30500
25749,63186
203058,62274
206760,61280
231708,35732
162810,48980
72930,50718
211125,50270
245976,10652
69060,53394
195723,50716
187707,62074
247986,61280
220011,59822
247986,1370
210816,11262
211125,35732
66777,59822
199860,55798
250221,50718
244869,1304
212469,56696
183576,1370
204375,1304
153885,62074
208872,62074
186177,30500
153756,63188
232269,53394
232455,30500
66336,61280
250221,56696
217848,10652
196311,50270
224169,56714
194883,39186
162810,63188
183576,57414
187707,33886
227292,49888
225393,48980
244869,50716
153756,57414
197595,11262
232269,33886
231708,30500
232269,30500
186177,50274
212445,53256
217872,11262
231708,11262
206358,35846
212235,50716
203511,1370
240990,56696
225393,59816
224841,61542
212235,52918
212211,61560
223554,49888
198873,61672
206637,10652
207264,61028
206613,1304
206343,60978
206478,60978
206943,61028
224280,61542
227670,61672
206478,61028
77484,48574
229527,33886
178458,61560
227670,61542
204375,61542
204375,1370
212235,11262
224280,56714
203268,61672
203661,61542
212211,61672
242151,61672
158685,61672
198873,53046
220047,11262
208488,61552
155085,61672
210981,61542
213102,61552
242151,48574
154665,48574
206343,33886
207156,48574
207345,60978
154743,11262
195507,1304
205665,48574
195447,1370
207828,57804
175266,35846
211533,3382
208500,61552
225393,61552
195507,35732
153303,44302
198210,61028
25749,50272
207102,1370
203259,124
207147,11262
225393,11490
184863,59816
212469,50270
212235,33886
242151,61542
224280,50716
194229,61552
203727,48574
221526,30500
227670,48574
220179,50272
238689,33886
205665,11262
210834,48574
212235,44302
206406,60978
227115,60978
226827,1372
229527,60978
203796,39186
229527,50270
208488,61364
203259,61364
195447,1304
158685,30500
198873,61560
149634,61558
230331,10652
238689,35732
212469,54290
207087,51316
238689,60978
72108,48574
212721,61558
213102,16358
192942,35846
238827,44302
194718,61552
238032,60978
195507,35846
203256,11490
209799,124
226827,60978
203256,61552
77484,61672
224280,48574
212220,48298
224280,30500
227670,61364
194229,61672
206943,50724
207102,60978
211533,11490
153303,50272
206343,11262
212721,61028
230331,11262
186882,61028
206343,56714
163101,61028
238032,1304
206343,44302
219231,60978
238032,10652
206343,33534
207096,1304
183489,60978
211407,51974
209799,50270
210234,60978
206343,10652
232455,1304
212220,50720
228948,1372
210615,60978
236973,1304
206763,44302
236973,11262
200502,11262
208485,11262
71271,60978
197529,60978
203142,48574
208806,60978
208881,33886
212775,11262
210615,36722
172056,60978
184863,50274
71271,50724
206763,30500
206943,60978
230028,60978
206799,35846
208506,30500
206646,1304
206646,56714
129081,44302
174468,60978
184950,60978
208485,30500
203073,1304
208485,44302
208572,60978
232455,60978
203454,10652
230028,50270
211533,10652
129081,57804
208488,60978
208485,33886
224169,60978
234972,60978
60888,50268
212469,46632
234018,10652
206670,48574
212220,46632
154041,16358
208488,1304
71274,50724
227310,60978
184863,48574
129081,39186
232455,33534
211965,60978
233961,33534
207330,33886
208485,60978
192714,1304
195378,60978
211533,60978
222621,11262
230028,1370
60888,60978
206763,1372
208806,48574
206646,60978
188730,46632
234297,10652
207999,60978
212448,50270
203322,10652
206955,60978
199854,33886
62817,35732
154275,33886
195723,44302
196302,60978
72900,60978
198882,35846
154275,60978
212640,50268
225672,11262
56868,50270
196302,44302
203517,60978
223776,30500
194082,1372
25734,1304
163482,60978
222906,10652
62817,57804
234297,35732
222906,35732
66777,46632
231459,16358
206346,50724
211638,33534
198882,46632
206346,59822
66777,10652
223776,56714
198882,50724
225672,10652
59703,46632
77484,60978
206748,60978
230286,46632
123150,11262
206964,46632
206958,48574
207144,1304
207345,44302
238293,48574
225672,1304
229521,46632
62817,60978
206748,50270
238293,50272
201522,50272
231102,46632
206346,57804
183213,60978
66777,50268
211476,60978
199854,60978
62817,46632
198882,50268
206748,46632
66465,46632
206787,35732
227292,60978
232035,60978
72900,62074
223518,62274
206958,33886
238032,50720
247986,30500
88920,59396
180195,50720
158610,50716
247986,1304
71274,63136
203259,44302
193323,63136
189045,62074
247986,50716
71271,63136
237300,56696
154011,33886
223518,33886
238032,52918
154011,50716
88920,59394
250947,50720
71271,51974
212469,59396
242619,10652
158610,44302
164064,30500
188730,33886
206979,63136
238032,59394
249981,35732
238032,50274
247986,63418
71271,11490
237300,62074
238218,63360
198867,54096
208758,63418
241824,59396
237300,10652
206979,62074
238032,44302
210678,33886
212220,35846
206979,61540
193323,61280
250221,52918
206667,59396
251442,35846
191232,63360
219231,61280
72045,61280
230028,10652
204762,57414
232065,63136
209793,35732
207096,57414
212220,36720
249081,30500
223518,52918
209622,50716
238887,11262
251829,11262
191232,52918
198552,10652
206955,62274
249159,30500
210393,59396
241305,1372
166002,11262
249081,61280
232065,63360
191232,59396
206955,61280
206748,35846
193323,62618
251442,52918
251829,50716
191232,50720
241305,33886
249081,35732
207099,57414
232065,62074
249081,11262
206823,50716
249159,33886
72045,63360
230331,1304
251442,63186
193323,53406
198534,62376
212721,59396
180495,1304
250221,50716
207999,44302
206412,35732
60864,30500
179436,11262
198534,52918
212445,61280
211524,52918
153726,1370
251829,35846
244287,62618
206667,49888
212721,63360
163101,62618
181101,62618
207222,59822
244380,50716
206514,44302
218121,54096
197673,63186
187101,35732
188637,62074
72930,63360
203100,33886
227829,33886
249081,33886
206667,50720
251085,50716
216822,57414
249081,50716
212748,62618
225501,42132
207828,57414
216498,57414
191238,57414
206763,63188
249081,1370
249081,63136
186882,52918
206412,63186
188730,62274
201522,3382
206823,10652
249081,62274
251106,1370
211524,61280
186882,50720
247983,49888
207330,11262
206928,33886
232065,1304
249081,62074
206418,62618
251085,50718
210393,62074
220170,1370
129081,1372
230028,62074
191892,62618
207099,11262
195723,62074
187962,1304
243927,35732
186882,59396
188331,62614
206667,52918
194904,52918
206763,39186
198534,50720
206748,50720
212469,63188
72930,32496
206748,63136
223518,61280
223518,50720
212469,61280
249081,63360
251442,33534
249411,54096
219030,11262
63867,48574
212721,35732
207345,32496
166002,35732
232269,44302
218673,30500
206940,61280
207114,10652
206613,30500
192942,54096
231057,50274
211533,50272
238572,35846
188331,60978
221331,60978
230073,35732
192942,61028
207222,54096
207345,61028
183213,59822
207114,33886
197799,33886
25743,35732
192942,60978
207465,56714
192942,10652
72918,60978
246963,35732
246963,57414
246963,36762
229263,62376
244869,48980
217782,53406
246963,36722
204762,50718
212448,10652
63690,44302
158685,33886
199860,33886
206349,33534
227292,34092
242442,50274
163131,53160
199242,56696
183195,50270
232065,62614
63690,50718
158766,50270
203058,61280
246963,1372
211344,53160
246963,30500
246963,50270
212448,48980
158274,56714
206481,124
206979,50270
244869,50718
232065,32496
246858,30500
246858,56696
203214,57414
246963,48980
211524,124
225669,10652
238827,49888
207243,1304
229263,10652
191232,32496
212448,62074
187707,53406
206748,48980
206811,62376
232065,124
206481,50270
211344,56714
221151,57414
25749,53160
191232,33886
191232,48298
232065,48298
211344,35732
247983,50270
199242,1370
203796,50270
63690,34092
187797,44302
232068,35732
191232,10652
223554,44302
240924,124
187806,61558
228741,61542
233427,16358
72918,61560
183492,61560
208488,34092
187806,61560
227292,61560
171684,61542
128526,50270
198210,61558
176643,61542
212379,48574
240924,1370
183492,61558
228741,48574
171684,10652
25749,51974
225672,61560
188331,50724
206940,10652
61824,48574
183105,50724
157224,50272
211344,10652
223530,60978
236775,48574
208518,60978
178830,16358
211527,50274
203247,10652
62817,48574
208491,124
207828,33534
234156,48574
211344,33886
212220,61028
178830,61028
198867,61028
208872,60978
215112,50724
192714,48574
195582,1304
211527,60978
154008,1370
208488,10652
211344,30500
238878,11262
75723,16358
220269,36720
224526,49888
63867,60978
154560,35732
69060,60978
182565,53386
198573,10652
232065,11490
212442,35732
236115,60978
198882,61028
206514,56714
211344,50724
215112,60978
236973,60978
208626,1304
232065,16358
208575,33886
208740,33886
232452,1370
187101,60978
206937,60978
205995,10652
162810,60978
233040,1370
60882,56714
75723,1370
208341,1304
155403,1370
205995,60978
206760,60978
231663,48574
176403,60978
234156,60978
457455,50274
215112,50272
194601,60978
75723,124
157500,60978
183489,46632
211344,50272
66465,35846
206484,50724
204762,60978
59703,60978
154821,124
192159,60978
61908,11490
208788,60978
176403,61028
155403,35846
155403,48574
157224,44302
194601,50272
208554,30500
236766,16358
157500,50274
192159,33886
154827,11262
207339,60978
211767,16358
208347,50968
236973,44302
224526,33886
203466,1304
231282,60978
128526,61028
236115,49888
220269,61028
204141,35846
203178,60978
206940,53386
229737,1304
211344,50270
208788,3382
238293,53394
192942,39186
244731,54290
238293,61280
227829,50718
230286,62074
191232,50718
217872,1304
207828,53160
186177,62400
157185,62074
232827,56696
211524,50718
227829,35732
212640,1370
128526,56696
192942,50272
208692,33886
206856,59822
62817,48980
238032,124
244731,50270
183492,56696
199860,61542
248202,50716
188331,62400
244380,62400
198522,61542
178830,53160
208080,1370
207105,61542
163101,61364
206406,59822
204189,59816
220269,55638
223518,1304
154245,59822
221115,34092
238293,32496
206784,33886
183492,50718
206850,50716
238293,53160
238572,61542
206346,62376
70890,50270
206868,10652
178830,59816
186177,62074
212469,62400
242442,35732
244731,10652
194208,61542
194904,16358
206748,59816
178830,62074
71766,48980
211527,62400
194208,35846
244287,61280
206952,59816
242388,42132
178830,50716
198867,57414
208812,62376
194883,124
206760,50718
241824,53160
62817,35846
217872,62170
238293,62400
153885,48980
206346,62400
219420,30500
242388,62400
191232,57414
206760,59396
206760,59816
208758,53160
206760,48980
244731,50274
244731,124
207222,53160
215112,61280
186933,53160
208758,62170
238377,33886
231057,39186
128526,62400
206952,61364
230091,61280
238032,62074
204189,59396
208347,50716
194883,61280
203646,1304
248202,53160
231876,53046
206748,52918
208812,62170
212397,50716
198990,35732
243546,62400
208692,30500
166128,34092
172056,55798
208692,62170
166128,10652
238293,57414
218121,53406
156486,50270
206475,34092
203058,55798
222669,44302
206367,57414
232827,1372
206367,50716
163101,59396
206406,34092
208080,61542
192771,35732
227829,39186
211533,61542
194883,62074
244041,59822
206475,61542
208347,10652
211125,50718
220269,54864
244731,61542
206955,59822
207096,39186
211533,59822
219420,10652
206760,61364
215112,59396
229737,61558
64959,35732
227469,50272
206952,44302
223104,33886
234018,61558
206958,1370
241305,61364
172503,61672
222906,61672
205905,1304
233961,61542
61824,61364
72918,61672
226623,11262
180195,48574
206952,61552
226623,61672
241305,61542
212112,50270
203454,50716
211527,61348
194424,50716
206496,59816
229737,61672
172419,11262
238263,30500
206484,61552
203274,61672
230091,59396
62817,54096
188331,59394
245976,62074
62817,63218
211533,63510
247986,35732
203328,52918
251610,1370
250947,39186
183492,11490
253098,1304
253098,1370
149634,57414
198534,56714
203316,33886
198210,63510
211533,39186
183492,63510
247986,63218
230091,50274
247986,33886
457455,59394
221526,35846
72900,63510
250947,1370
184950,35732
204795,63510
215247,56696
208491,50718
160029,63510
25743,63510
250947,63510
64959,63510
230091,62944
165126,1304
203316,63218
210408,1370
230091,50718
203316,1370
230091,63510
208806,34092
253098,11262
230091,59394
208806,57414
198210,30500
72930,63510
211533,62944
158610,62944
194904,3382
206439,30500
160029,50718
229521,62074
208788,61280
203889,61542
210234,61672
206646,48574
183213,53406
216366,11262
229521,34092
227310,39186
176403,36762
208788,61672
223518,61542
206988,61558
203574,61542
157767,61364
206988,61552
230286,61280
242151,50270
208554,61542
203796,53386
203796,63136
244404,56714
25749,59394
199044,11262
128901,63188
194904,56696
204795,62944
215112,62944
191232,62944
244404,62944
203094,35846
222306,59394
154551,50716
238263,62944
157500,62944
188730,32496
211524,63136
239247,63360
183213,62944
211524,59396
250782,1304
234297,59396
222306,124
238572,1370
194904,63136
225393,59394
184950,50716
187707,62944
203178,48574
71766,61672
196845,62944
224145,33886
250782,11262
203796,62944
244404,10652
206607,50716
240990,56714
250749,48298
211524,62944
196845,59816
250749,62944
203259,50968
194904,62944
206439,50716
250749,11262
206607,50962
209622,61672
61899,61672
236115,63136
183492,59822
194904,33886
215457,61542
203199,11262
208761,35732
232827,61542
167316,34092
198882,59822
235191,11262
72117,57804
154098,61542
210981,48574
206451,1304
251169,11262
66378,62074
196845,59394
250749,1370
212220,61672
209796,30500
194904,59394
206514,62944
215112,61348
215298,61542
128901,63360
236115,44302
153600,48574
207222,62944
207996,48574
211524,63360
241305,48574
241305,50274
61824,61542
246858,124
206451,62074
66843,62944
154098,16358
186882,61280
226623,62074
246963,16358
167316,59822
157224,59396
212469,63360
238572,50718
222750,30500
183492,62944
207150,62074
194082,62944
196302,50716
238572,62074
217782,11490
157224,59394
199860,59396
222306,10652
225501,56696
242442,63360
203796,61280
249207,11262
188730,59396
246963,59396
232035,59822
194904,59822
201798,59822
241305,61672
244404,63360
208209,56714
242442,62944
206418,59396
222669,63360
238293,61542
172503,61542
223728,63188
61824,61672
203256,61672
61824,59816
186174,63360
223401,50716
154551,62944
220269,62944
238263,62074
222306,62944
194904,63360
203796,63188
242442,63136
238293,59822
61824,30500
163482,49888
223401,48574
72117,34092
208350,61552
203256,61542
62817,60522
183195,60522
223518,53160
63876,56696
214998,56714
183195,50720
216309,57414
216309,1304
162810,55798
236823,1370
158610,53160
247983,55798
206481,30500
234021,50716
247983,61280
148782,10652
241824,50716
242610,50274
206667,56696
206637,50718
247983,50274
247983,34092
198873,50716
210234,50274
248301,50716
247983,42132
216309,53160
244065,56696
186987,56696
246804,11262
206637,50270
216309,1370
236226,50272
206346,61560
206943,61558
72117,61028
212448,61558
203106,61552
231057,61028
212448,61028
183213,61560
175239,1370
222843,61560
163032,50274
210633,61542
183213,61558
187743,61542
235932,50716
208524,62618
25749,48980
183489,62274
213513,10652
88920,50272
175809,62376
202959,59822
202959,55798
203451,1370
208491,62274
229341,61558
235932,10652
240918,62376
211965,62274
242505,11262
242556,62376
246216,1304
208758,62618
246963,50274
208554,62376
208812,59822
224526,59822
153645,62376
224280,34092
232035,53394
176403,62614
218061,57414
158016,10652
197595,62074
183105,48980
208518,50716
232410,62074
186174,48980
202959,49888
244731,3382
203820,62376
196722,61558
211965,53160
212220,62614
206838,59822
208758,16358
224280,62376
67056,62376
193323,62274
241824,62074
246963,48298
196845,62618
208554,59822
227973,50716
230073,39186
186174,53394
193911,1372
203439,62376
156057,57804
243789,35732
203796,54096
211533,50718
234030,1370
206760,63188
198210,50718
203256,50272
212220,63186
243789,11262
215247,48298
203178,34092
249513,56714
204411,50270
222306,44302
206760,63186
249579,1370
172008,57414
203151,34092
203796,53406
198882,53406
222306,53160
196311,56714
187806,53406
206760,62074
222306,50270
172008,1304
66336,53160
249513,1304
188787,50270
231663,57414
203184,1370
203241,50716
211407,62074
242505,50718
64959,57414
208812,10652
249981,1370
203445,1304
208347,33534
208692,44302
157080,11262
203280,33886
194904,50272
249981,57414
208881,50716
208575,34092
227973,1304
249981,44302
242151,59396
238032,53406
242412,30500
208341,32496
242412,59396
208341,53394
154740,1370
250344,56714
249981,39186
250344,1304
203082,1304
249981,53406
249981,62074
249981,10652
249981,54096
196845,53406
229527,10652
249981,59396
227238,11262
203055,61542
72483,49888
217848,57804
203082,124
181101,50270
212475,56714
234018,44302
56868,11262
210882,49888
203574,1370
192942,61552
204189,11490
230331,61672
203574,35732
210441,11262
204189,61552
206868,61552
212112,3382
128526,61672
156486,61552
166356,35846
188100,61542
203670,61672
221526,124
206439,61364
210441,1304
183492,61348
210441,33886
223554,50716
232065,48574
234297,50274
208599,61364
206361,30500
204189,48574
229527,61672
158274,61364
163101,61672
187101,50716
66777,61558
238377,35732
204411,61672
222669,61028
196845,50272
205995,61542
204780,61672
232410,50716
72483,61542
186933,50272
187797,61542
193323,50720
238572,35732
205905,48574
210882,50716
210882,61542
213114,10652
194229,61028
232410,44302
191232,10808
61977,61542
232269,61542
206406,61028
191232,61560
128526,61560
208347,61542
77484,61552
207828,50274
128526,61558
166356,33886
173667,50970
208080,11262
203112,61542
211407,54096
227238,61542
154803,11262
212232,44302
166356,11262
166356,61560
77484,61560
212232,50272
212232,50716
212232,50270
212232,10808
72045,50270
203052,61542
203178,52918
234972,50716
96444,59822
183105,59822
224280,48980
244065,33886
229527,60522
203736,35732
225012,57414
227973,35732
229527,57414
176403,62376
207390,59396
227973,62074
203259,59396
203724,59822
172008,39186
203214,11262
227973,10652
61692,61364
164661,62074
208341,61348
176403,50970
167316,62074
164661,61542
244065,60522
239115,61542
242505,61542
244065,30500
203445,35732
80925,60978
210585,60978
183195,54290
203445,11262
210585,35732
172704,50724
173667,50268
224526,35732
61908,35732
198279,50270
223401,11262
197673,35846
80925,1304
222225,50268
153885,46632
157767,46632
203445,33534
191232,46632
194883,33886
187962,60978
223401,10652
234129,35732
184863,54096
197286,46632
184863,35732
173667,35732
217782,46632
222225,35732
211407,48574
72558,10652
222225,11262
208575,1370
212211,60978
207156,30500
72558,60978
235191,35732
187962,35732
249411,11262
249411,35732
206364,50270
154743,1370
205662,34092
211524,56696
235335,50718
205665,33886
208821,11262
249411,30500
220269,59396
249411,56714
249411,62274
244404,35846
249411,56696
208488,56696
205662,56696
183492,50274
241305,54096
220713,16358
220269,63186
249411,50716
249411,57414
238293,62274
166128,59396
187797,10652
96444,35732
230073,50720
208758,61028
208788,61028
210186,46632
61908,50270
229536,56714
207216,1304
227670,50270
235335,48298
71766,59822
221526,33886
208491,60978
208347,60978
235335,60978
230091,61028
192756,60978
186657,16358
230073,46632
96444,60978
191229,11262
206847,35732
203145,48574
212112,35732
72558,44302
240918,1304
157767,61028
230028,44302
230073,60978
217848,50270
198873,50270
210186,60978
230073,50724
192159,1372
203058,1372
183105,37644
213114,48298
178830,60978
199860,60978
206745,60978
203889,60978
203058,50270
235335,50274
208872,48574
206847,10652
207222,57804
212571,60978
208599,60978
210234,50272
213114,50270
212892,61364
203175,59816
242856,11262
243789,48574
203175,16358
243546,49888
153744,11490
210834,61672
243546,1304
243789,44302
211989,48574
237057,33886
208521,61542
202638,35732
186177,61552
208788,53406
203517,61542
203517,61552
172695,50716
128526,61348
202638,61364
210690,48574
211383,59816
224280,35732
196311,59816
232035,39186
161667,61672
210882,61672
72045,59816
206478,61672
243546,50270
186177,48574
61215,1370
210234,61348
222306,48574
238293,61348
183786,61672
183105,61552
210981,61672
198522,30500
211533,62618
225501,35846
232269,59396
182565,62376
212475,1304
206940,62618
207222,61558
157224,62376
61482,61558
206484,56714
246963,53160
203088,1304
192159,34092
194424,49888
60864,33886
203775,1304
206940,32496
192159,63188
64959,11262
203811,50716
207330,56714
178830,59394
199854,49888
204522,11262
244680,124
194601,62944
183105,63186
128901,61280
217872,1370
60888,35846
156057,59394
242442,59396
128526,10652
163131,62074
204717,49888
60888,62618
210186,57804
206484,42132
199854,61280
246963,10652
204717,16358
199854,62944
203274,62074
204762,33886
156057,63540
199854,59396
207222,62274
208341,62944
246963,53394
208575,62944
204717,1370
198522,39186
203277,33886
207330,57414
204717,50716
233814,11262
165762,62376
209622,59822
154098,62074
199854,33534
128526,39186
178830,63186
202638,56714
205662,62944
186990,56696
186990,57414
196722,56696
183105,62944
199854,52918
156057,10808
178830,62944
203241,10652
194883,59396
206979,61542
242151,44302
208788,61542
164541,10652
175266,62376
208503,10652
186177,39186
186177,57414
203328,49888
221526,62074
237300,61558
77484,50274
197286,48980
72918,62074
237300,124
216648,10652
72558,61558
216648,50718
72918,61558
171702,61542
231900,62074
197286,53046
232410,34092
163044,48980
210882,50718
231708,61558
208545,59822
218673,10652
244404,61280
210834,35732
183213,62400
203058,61558
205728,50716
211965,50968
183213,53048
210834,62074
192159,61558
194229,60522
208560,50716
156057,62400
210834,60522
194424,50718
211407,1372
203328,50716
243927,62376
211965,34092
244731,16358
206376,50718
205728,10652
210882,61558
156057,62074
72483,34092
210678,62376
219450,62074
244731,62074
88920,60522
205905,61542
211965,53046
186174,34092
232788,61558
72918,50718
224526,61558
197529,59822
211533,62376
217782,48980
183921,35732
203268,35732
203517,61558
163044,50718
212892,62376
212721,62400
194718,35846
224526,62074
192159,59822
244731,60522
203871,61542
206346,60522
211413,61558
211413,62074
222750,62074
217782,60522
249342,33534
219450,124
249342,53386
249342,44302
249342,57414
250947,35732
249342,10652
249342,62074
249342,35732
163131,50718
128901,36720
203454,62378
232827,61280
235335,53160
163482,30500
249342,50718
194790,62376
206811,50718
249342,52918
198873,53160
198873,53406
232827,44302
249342,3382
72117,10652
212721,48980
229536,50720
249342,124
229620,59394
249342,59396
224211,32496
249342,16358
249342,54290
249342,48298
249342,48980
163482,61280
207828,50718
206616,1304
246963,63188
206811,50716
249342,32496
249342,50720
212721,50718
206745,50718
207240,35846
210120,11262
183492,53406
210615,42132
206847,50272
129081,50718
179496,50718
206646,50716
211524,50274
217848,56696
242412,50718
217848,53406
203247,56696
206637,48980
25749,53394
157500,48980
203268,56696
206076,10652
203829,1304
206358,10652
217848,16358
197595,30500
223530,57414
206514,50716
203058,50718
208524,50718
206376,53406
217848,50272
186933,35846
72045,53406
203214,1304
457455,34092
206847,61280
186177,53160
208692,63188
186177,10652
163482,50716
206847,44302
249342,53160
222306,57414
227616,62074
229527,63186
171702,50716
249342,61280
210981,53160
208080,1304
212445,32496
71766,62274
183195,61540
249294,1370
183195,50272
163482,33886
232029,1304
233961,59822
188730,53160
203502,59822
184950,59822
209799,53406
249342,53406
213102,33886
233961,11262
204411,55798
128469,59822
216366,35732
71271,32496
203310,57414
206868,50718
248706,11262
248202,57414
72918,59822
165927,62074
72108,62074
210114,60522
158610,62074
206358,61558
211524,57804
220269,61348
227829,61558
242388,61348
183468,35732
191232,62074
212220,61558
192756,61672
225669,62074
224787,35732
206418,61558
212220,34092
164064,34092
212475,48574
224208,61542
194208,61558
164064,62074
210114,35732
207096,61558
220269,50270
128901,50968
209793,61558
244380,35732
128526,62074
206421,62074
207222,62074
234156,61558
207828,32496
225393,62074
207144,61558
236115,62074
207999,61672
211476,62074
207828,62074
207102,35732
207102,62074
216822,61364
207144,48574
172704,61672
212505,62074
234156,61542
194082,61364
61344,61280
61692,50272
187707,61028
72117,60978
234018,48574
211383,61028
206964,35732
206955,48574
210633,48574
61692,50270
187962,48574
206673,60978
207339,50274
211527,61028
162960,33534
207222,61028
208341,48574
128502,60978
216309,61028
162960,11262
186990,48574
215298,60978
196845,46632
207087,50270
205191,60978
234018,60978
204189,48980
206481,36720
248373,50270
71274,57522
247134,50270
204375,50274
187806,50720
203517,35846
248373,57414
204375,50270
155055,11262
208518,50718
232410,10652
155052,11262
206952,33886
71274,53406
164640,1370
197286,53406
248373,54290
181101,35732
204189,50720
154275,10652
206952,55798
231708,50716
227115,57414
230028,57414
215112,52918
204375,61280
208881,3382
154275,50270
206664,50716
206667,61552
206667,62074
244731,61552
235380,48574
183213,60522
206664,44302
154713,50716
197286,52918
206763,10652
129153,61558
206670,62074
154713,61542
212505,61558
154713,57414
223968,16358
244731,61348
206664,30500
187707,49888
186174,61560
203280,61672
203445,61558
203736,61542
203796,50272
208488,61672
210690,61560
227238,48574
211950,61672
208488,61560
203724,61560
203736,61558
208566,61560
211950,49888
203733,48574
194601,61560
203256,61560
203256,61558
236115,61672
219021,61560
208566,61558
211533,61672
232035,49888
158685,56714
207339,61672
224841,61560
203445,48574
229341,61560
210114,49888
164064,61560
242151,49888
206361,61542
211344,61560
203280,61558
236973,50716
211542,61672
241218,48574
184710,61552
207339,54096
210114,50270
88920,61560
186987,61672
204780,34092
198882,61560
224841,61558
232068,61558
204375,33886
207339,124
232068,61672
61692,42132
196722,61560
205191,61672
183468,50720
205191,61560
236115,50272
207156,61542
186933,61364
186933,53406
206355,61542
72117,61542
231663,124
235299,62074
206613,35732
63582,59822
224145,61542
213885,48298
198867,61552
186882,59822
183195,61672
206955,10652
186933,10808
206613,50716
206358,62074
181860,62074
211527,48574
234093,59822
209793,61552
199860,35732
235335,10652
212721,34092
171702,57414
219132,57414
244731,51974
224526,57414
249081,34092
211407,57414
210981,62074
235335,44302
244731,48298
162810,51974
205665,50716
249081,10652
172419,53046
249081,44302
235335,124
66777,48980
72930,62376
227988,57414
71766,62170
173667,57414
246339,1370
244731,62614
197673,57414
198882,62400
208485,50718
215247,44302
204222,62376
242442,34092
225276,62376
220713,50718
129204,61558
208572,61558
213114,61558
213114,50718
210678,50718
244041,61558
211527,62170
203460,10652
206760,62400
208485,10652
219021,62376
162960,50716
208488,61558
242619,61542
212442,62400
208521,61558
208521,59396
208572,44302
219021,61558
171702,35732
183213,62616
215247,36762
197286,61558
244041,50718
215247,59396
242151,50718
229341,10652
206481,59816
72045,50274
242412,61558
212721,62616
215247,36720
211950,50718
203178,62400
206421,62376
183573,34092
217293,50718
207102,35846
234093,62376
212379,59396
242505,50716
212379,44302
217872,61558
206760,62616
156486,50718
206367,61558
232410,50718
195723,61558
236115,53160
186882,50718
198522,50718
244869,57414
217293,62376
178830,59822
211407,35846
206439,50718
207105,61558
217293,59822
241824,57414
160770,61558
183492,34092
224211,61542
244869,61542
207099,61558
223728,50718
206406,62376
217293,57414
182565,34092
203871,57414
183213,63188
156057,53160
203871,11262
208893,35732
203256,33534
197286,56696
203790,56696
238293,34092
182565,53160
215247,57414
248373,61280
172419,61280
208761,10652
237300,53160
203460,63188
208515,1304
208515,49888
194718,50716
243789,50716
184713,61558
208515,44302
208872,57414
224169,35846
246618,50716
200502,44302
203259,49888
156057,32496
208806,56714
232503,33886
194718,30500
203175,57414
243789,59396
210882,44302
208500,62074
246963,62618
245976,35846
205662,10652
65640,35846
196845,53160
203796,62614
163131,61280
221331,16358
60882,10652
205662,62618
232503,39186
203796,57414
200502,62618
211413,50272
198573,60978
206697,50272
206514,60978
156057,50724
206484,10652
232827,50268
216309,50268
216309,124
156057,36722
212445,60978
202959,44302
206484,33886
206760,48298
231057,36720
206760,46632
230091,50272
232503,44302
206514,35732
206514,35846
225393,60978
232503,36722
206697,1304
206697,39186
224208,50272
206697,50270
198573,50720
230091,50270
202959,35732
211476,35846
223518,50268
210186,51974
206748,50724
202959,50270
206484,60978
219132,50268
206940,50718
207078,61558
210633,57414
206646,35732
208794,61542
154011,34092
80925,44302
157767,62376
234297,61280
66378,59822
203100,59822
211527,59816
71271,61280
198981,34092
176403,62170
208341,48980
206937,61558
225393,62400
229536,1304
208341,62376
154245,61558
198873,61558
206376,62074
208341,62400
237195,61542
176403,62400
206673,59822
194904,53046
223776,61280
225393,50718
211476,10652
80925,59822
207366,61558
210114,50718
216366,50716
68568,62074
128901,59822
128901,34092
61899,50718
206940,62400
128901,62376
242610,61280
237195,62074
198573,62400
207366,62074
225393,61348
183492,62074
212232,50274
195507,50272
204189,50724
209622,10652
204189,45912
61344,60978
197799,10652
220302,49888
209799,56714
206856,48574
226827,46632
194790,59822
206745,1370
195507,50720
206367,35732
182565,46632
181860,60978
206418,60978
206427,50272
223554,46632
238377,60978
195507,50270
212232,35732
226827,48574
212232,1372
128526,50274
207339,63136
244731,63136
205662,60978
182565,63360
220302,60978
181860,48574
195723,63188
234555,1370
195723,62944
227292,33886
186177,61028
186177,42132
182565,35846
227988,62074
218061,48574
195723,62376
194883,63360
196311,48574
167316,35732
244731,63360
195723,57414
163101,63360
208761,50270
128526,34092
206415,60978
61692,63360
197595,44302
229521,60978
203796,48298
208761,60978
212232,1304
61908,60978
238377,50270
203460,61028
193542,44302
249486,59394
128526,59394
231708,63360
182565,63136
176403,53256
210843,34092
232065,62376
244731,33886
236115,61280
206481,34092
244380,62170
235299,50716
164661,35732
232065,3382
248292,56696
188331,50718
236115,39186
224925,124
203796,53160
235299,56696
234972,56696
203439,53160
206979,53160
61899,35732
195372,53160
61899,50272
232065,53406
235299,10652
232065,48980
248301,59396
68568,48574
128526,35732
95988,16358
208758,35846
158742,30500
95988,35732
128526,32496
153600,1370
95988,11262
208758,48574
72483,62616
72918,62376
208500,62378
225699,62376
241218,62378
237300,62376
128502,62618
183213,51974
203460,62400
206076,62618
216648,44302
186174,62616
153303,62376
210690,59822
230178,62376
77484,62376
208479,59822
2061063,62074
183213,54290
172008,11262
153303,62378
212721,62618
186990,53394
246339,59822
195723,53394
172419,62616
200259,56714
153885,34092
88920,53046
211527,49888
72483,62074
229536,11262
227616,61558
173667,62074
175239,33886
175239,30500
175239,50716
88920,59822
241026,56714
248178,34092
212301,53160
206763,11262
61482,62614
194082,62170
63876,11262
206763,54096
192756,1370
211767,50718
229521,53160
206646,44302
192756,39186
227292,53394
247134,30500
209799,55798
209799,50274
247986,53160
192942,62074
206364,63538
209154,62074
208491,63538
211413,63510
251625,59396
199854,63510
204717,56714
207084,62074
203316,63510
224169,59394
227988,62274
210234,63510
206637,63510
246216,11262
248202,10652
176403,63136
187659,124
211413,63188
184950,57414
248202,63188
206637,59396
219450,57414
72930,62944
176403,59394
211524,62860
223401,57414
204375,55798
128469,56714
184950,63220
201837,56714
227616,63510
187962,56714
194883,59394
206625,57414
187659,30500
187707,48298
230286,50274
163131,63510
206346,63510
204189,59394
206364,56696
208485,63538
206625,33534
229620,63510
208566,57414
251625,50274
164064,10652
237300,63510
251829,62944
224169,63510
204189,62944
225501,59394
231057,63218
195723,62378
206514,59396
252210,1370
197673,56696
199854,63360
207366,1370
242412,63510
206847,63218
129264,56696
194229,63510
225501,63418
210882,56714
246618,56696
164661,63510
206748,63510
248202,30500
202638,57414
236115,59394
210690,59396
71766,63510
164064,35846
165126,57414
242151,62944
251829,63510
201837,57414
203796,63510
216366,35846
251625,61280
223401,63510
204717,10652
231057,59396
184950,59394
204189,63510
206364,62274
214194,62074
206346,63538
248202,50718
158742,56714
205662,63510
206838,33534
248202,35732
167514,11262
194229,62944
172161,63510
214194,11262
231708,63510
154275,62944
227988,63510
187707,59394
211413,10652
236115,59396
72045,59396
211524,63538
164064,16358
230331,63510
205662,63538
210882,63538
214194,1304
231057,62944
175815,16358
248202,56714
251106,63510
128526,63418
206868,48298
231057,62276
237300,3382
211533,61540
208341,50274
187707,63510
224169,50274
163131,63360
206406,30500
174468,63510
210843,61558
167514,50716
210633,50718
128901,50718
210633,61558
234129,61558
129081,59822
154665,50718
95988,11490
216366,61558
206979,44302
154485,62376
206745,61558
244065,61558
61908,50718
215517,61558
182442,62376
208575,61558
206811,61558
212526,62376
206664,61558
206928,61558
208575,50718
186987,61558
242232,61558
207129,61558
205995,50718
212301,61558
153756,44302
154797,62376
206607,61558
165717,62376
203502,50718
206823,61558
139272,61558
230286,62378
206979,59396
206625,61558
206673,61558
72900,61558
63876,61558
153756,61558
206481,50274
206979,62400
206616,61558
207084,50718
154743,62376
154743,50718
204795,61558
237804,62376
176403,62378
210186,62618
198873,50718
166128,35732
60882,50718
199242,34092
236226,59396
95988,1370
184950,62376
210186,49888
234555,1304
237300,56714
77484,56696
129204,49888
171702,56696
163482,1304
248373,53160
228948,1304
129204,50716
218121,53394
248373,53394
207996,62074
186174,62618
166128,62376
198522,62170
220728,53160
194229,62618
210810,62376
157224,61280
162810,42132
206979,34092
207996,53160
207339,35846
225501,33534
204762,62376
192714,16358
162810,32496
242442,36720
230091,34092
180195,57414
225393,62170
242610,53406
206484,50716
186933,60978
206772,48574
186933,36722
206787,16358
223728,42132
232827,60978
208758,50272
208758,50270
212748,46632
187806,46632
224787,39186
203724,50272
215985,33886
206952,60978
187806,50268
72117,39186
207390,62618
206943,59822
206943,55798
206943,49888
174468,62378
211965,53256
190776,1304
237300,62274
194904,48980
232035,44302
194409,1304
200502,35846
234030,57414
197286,62618
186174,44662
211950,42132
213513,30500
200502,59396
232035,53406
190776,62614
230028,62618
211806,57414
157500,62618
210393,62618
243546,50716
68676,35732
186177,35732
242388,62618
238032,50272
203052,50716
206451,57414
207222,62618
210393,53160
206346,62618
198882,62618
223518,63188
183195,59822
129081,50274
223518,49888
186882,49888
211527,53406
218121,33886
206427,62074
156486,57414
172587,11262
203247,35732
196845,62274
197286,59822
218121,61540
223518,62074
188787,62274
183195,50274
129081,54096
210834,57414
207222,48980
172008,59396
172008,62944
246711,59394
246711,59396
195723,59822
68676,56714
228948,53046
205821,57414
206748,53406
250275,10652
188730,55798
66336,35732
206772,55798
237840,33886
237840,35732
212448,59396
66336,50716
232065,57804
198873,50272
237840,30500
212448,54096
237840,11262
228948,63188
66336,49888
249687,50716
198873,44302
72045,49888
231708,62376
88920,62616
216309,62378
157500,62074
210813,1370
61824,62376
210813,33886
220269,62618
216309,59822
72918,62616
203259,53160
157500,62616
229527,62618
208116,50716
163131,62618
207996,57414
208116,11262
242442,62378
237057,35732
154869,62376
194082,62378
68568,53160
198981,3382
232788,11262
230286,3382
65640,33534
217782,62618
229521,62618
198873,33886
95988,53160
206943,48298
198534,3382
64959,50716
206943,32496
128901,3382
239115,59822
206868,36720
72117,61364
186882,62376
66336,61542
203820,61552
211950,59822
245046,48574
206748,34092
207156,62074
209622,61558
216498,62074
234021,59396
203181,61542
206760,59776
68676,48574
245046,30500
234156,59396
245046,62074
203112,59822
206748,61364
206748,61348
148782,59822
207156,50716
206421,59822
216498,61558
203112,35732
234030,59822
206664,34092
181860,35732
245046,59822
206943,48574
245046,33886
68676,61558
225393,60522
230331,59822
208521,59822
72108,35732
192942,59822
191229,35732
244041,35732
244287,61672
231057,61348
183921,50716
244287,34092
244287,50272
25749,59816
206748,61672
210843,35732
210633,35732
186177,50270
213114,61672
162960,35732
219450,61542
230073,50270
186177,61542
210186,61348
218673,35732
211527,60522
230091,60522
230091,61558
230091,61542
229539,50716
153756,61542
153756,61364
215298,39186
194904,11490
229620,60522
203796,61364
206811,59822
175266,59822
153756,62074
203673,61364
232065,52918
154665,11262
71766,53160
71766,44302
203670,56696
206745,50716
246618,50270
203820,16358
227310,57414
203145,34092
66843,35846
188331,49888
188331,53394
128469,35732
194388,53160
194601,48980
194388,30500
207078,50270
192159,56696
64959,10652
457455,50272
128469,124
203736,56696
232410,39186
206496,42132
224526,60978
191238,35732
200502,10652
61692,48298
208524,60978
229527,124
229527,35732
237300,60978
129204,35732
229263,59822
231900,124
61824,1372
184605,46632
216309,39186
206076,1304
216309,53386
197799,1304
156057,50720
232065,50268
182442,11262
175809,11262
216309,48298
183195,50724
215457,1370
192942,46632
203133,16358
232065,46632
216309,48574
216309,50720
61908,33886
206076,50268
207828,60978
167514,60978
206868,60978
216309,51974
72483,46632
232065,60978
216309,50724
232410,30500
176403,46632
207339,59816
66777,61348
210813,61542
211527,61672
188730,61672
234093,1370
206475,36722
203232,35732
207123,61542
210981,39186
191556,35732
206847,61558
206667,59822
175239,61542
61899,61280
244041,48574
179496,62074
206625,34092
206625,56696
172008,10652
175239,11262
172008,50716
186174,50720
172008,33886
212181,44302
227616,56696
172008,1370
172008,44302
229521,61028
190776,44302
95988,61280
172704,124
183195,33886
179496,48574
190776,50270
222669,61280
192756,48574
181110,124
153885,62616
210678,62378
236973,1370
208524,33886
236973,59822
244731,35846
208788,59822
207216,62376
208566,59822
202959,62376
194601,50718
236973,10652
72900,1372
236973,16358
244731,62616
187707,62616
225669,53160
206772,53160
225501,59822
210234,62618
207828,62618
242442,62376
234972,59822
212448,53160
198867,63188
207822,11262
154098,57414
217872,61540
246858,53160
206667,53160
234972,62376
182565,62378
207084,53160
206664,53160
225501,62376
172695,63188
203724,53160
223554,1370
163101,62378
186933,62170
176403,62616
211476,53160
205728,59822
234156,49888
182565,62616
198867,62074
206943,62616
213513,33886
129081,62376
229536,10652
128901,62616
250629,30500
129081,62378
234093,63188
63690,63188
153885,62376
163101,62074
232065,62616
242232,53160
206346,61540
154068,62376
229521,62616
206406,61540
66843,59396
207087,59394
204762,10652
206952,53406
222669,34092
229536,63188
183105,49888
220728,59822
196311,63186
183105,50718
207828,61558
166128,62074
193323,50968
193323,50970
164064,39186
193323,53046
244065,35732
244065,32496
212301,61280
224169,61672
206076,61542
206484,59816
207102,59822
244065,53406
206481,60522
193323,53048
244065,61672
234021,53046
206481,57804
153885,61280
244065,50270
206361,35732
163032,60522
244065,54290
206484,61542
206979,61364
206763,1304
72117,50270
184710,11262
210825,124
206514,62074
171684,60978
184710,61542
206760,60522
206748,36722
227310,10652
232503,61028
209880,16358
232455,39186
205731,1304
232455,62618
227973,34092
239556,62376
72483,62618
199242,59822
140277,1304
230010,60978
208554,35732
230073,61280
203145,60978
204762,1304
204762,35846
225672,59822
72027,1370
222306,60978
62817,50268
212469,35732
162795,1370
208068,1304
232269,50270
203322,60978
186174,50268
216366,48298
213114,60978
206412,42132
222669,39186
192771,10652
207084,60978
197595,48574
197529,50716
208524,50272
196722,16358
208518,50270
206664,60978
206673,46632
216366,50970
222669,60978
192618,16358
206412,1372
211641,3382
65637,56714
190776,32496
197595,62376
225501,32496
206763,50716
66777,62074
225501,55798
248250,57414
71274,51974
66777,44302
174468,62376
63867,1372
71274,3382
187962,61280
193323,53394
128526,52918
206367,44302
157224,10652
183213,44644
129264,61558
229263,62074
208500,35732
243081,30500
153756,61552
183213,44664
222906,62074
231282,57414
206955,33886
186177,60978
211527,46632
61482,10652
207339,46632
184863,1304
188787,44302
163482,48574
212379,50272
238572,60978
72918,44302
211140,46632
66843,50270
173667,60978
206850,56714
238572,30500
211527,59822
198990,50268
234972,3382
211524,33534
212379,1304
229620,33886
182565,50268
206607,60978
230010,35846
158766,60978
206376,50724
234972,50268
234021,60978
188787,3382
156486,46632
25749,46632
65328,1370
163482,44302
212379,56714
192942,10808
188730,60522
199854,61552
153756,57804
153756,61672
227310,61672
203517,56714
203058,61672
232029,61542
243546,61558
211965,44302
188730,50274
203058,61552
157224,61552
206427,44302
232503,56714
210114,48574
166356,61552
243546,61540
203724,35846
206484,62400
246858,62400
246711,55798
234093,62378
162843,62376
246870,35732
246870,11262
183468,50718
239592,61280
208341,62616
66465,62400
246711,59822
206406,62378
203796,62378
206979,62376
88920,62378
207216,59822
246711,62376
70890,61558
203517,59822
163101,62616
206484,35846
246870,61542
246858,54096
238572,53046
203811,62376
193911,61542
187797,62400
190113,62074
207216,62616
207216,49888
71766,62376
71766,62378
163131,62376
220011,62376
224925,62376
231900,62376
88920,62618
203268,59396
210981,59822
212181,10652
212181,11262
184713,62376
205353,62376
208347,62618
210897,62378
206376,62376
206940,36720
191247,62376
206940,36762
198534,59822
194883,62618
207078,59822
241026,61542
183489,62074
68568,59822
224169,61552
206823,48574
187743,59822
236226,59822
206664,59822
210846,59822
206670,59822
224169,16358
187806,50724
178230,50270
208812,35732
212442,3382
195723,50720
206484,35732
217848,60522
203790,60978
234972,33886
234030,35732
212442,44302
206514,48574
235191,50268
206376,56484
206979,46632
208758,42132
206484,1370
207828,56484
178230,50272
195723,48574
211524,56484
186177,56696
203820,32496
157767,63188
215247,50718
219021,56696
186177,50718
61482,56696
215985,57414
243477,11262
206940,35846
208206,33886
249486,62074
248301,33886
211767,62074
208116,35732
203673,62074
178230,61558
178230,61672
183105,61558
203073,61542
212688,62074
183105,52918
172008,30500
66465,61552
203790,35732
242856,62074
198210,61542
203388,61542
72558,61552
221331,61672
206988,61542
215985,35732
236226,61542
233427,1304
207078,61542
232065,61672
206415,61364
215985,61542
178830,61542
231057,36722
209799,61672
232065,61348
153402,61542
194208,61552
231057,53406
183195,61348
233427,48574
210393,48694
208758,39186
154665,50716
194883,53160
205665,35732
221526,53160
238218,50718
210678,33534
206607,39186
205905,62376
203268,53160
247983,10652
210615,34092
139272,56696
224787,57414
154275,34092
157767,53160
211950,53394
187962,34092
221526,10652
222750,50718
217293,10652
203133,62376
210615,48980
207927,30500
249222,50718
66378,50718
212220,53406
249294,50718
249294,124
203322,56696
71766,53394
182565,53406
237300,33886
61899,57414
210186,42132
183195,61558
176403,62618
230091,62618
183195,42132
60888,50272
246711,62074
188730,62074
59703,35732
203151,32496
207147,30500
238827,55798
242430,53256
246711,44302
203727,56714
61899,62074
226623,33886
206346,62170
234297,50270
203727,57414
203151,124
213885,32496
227670,44302
203142,62074
194904,53406
25743,50268
25743,44302
195723,62618
217848,62616
206838,61542
206346,62378
186882,53160
61899,62614
61692,62618
206850,62614
61899,35846
206955,44302
215112,35732
215112,62618
198522,54096
242388,53160
61692,57804
206607,11262
218121,62376
188331,62616
244869,11262
203127,33886
193323,48298
166356,30500
187806,62618
207129,55798
166356,50716
198873,59822
207078,53160
216366,61542
198873,62376
245631,50718
206745,34092
201522,62614
220269,48298
211383,62400
207996,16358
220728,46632
210690,60978
61824,44302
208515,39186
209154,16358
225501,50724
210690,44302
198867,50270
207996,35846
217848,46632
225501,46632
153792,124
128685,35732
229527,46632
188730,60978
211950,44302
181860,1304
60882,46632
128685,16358
66465,60978
62817,10808
200508,11262
224280,60978
195507,60978
212397,1304
208911,11262
182565,50272
208575,60978
226827,1304
225501,44302
238032,48574
238827,59822
212748,35846
227829,50716
217872,61542
211524,59822
183492,44644
88920,48980
242442,60522
244380,59822
176403,59822
203127,35732
227829,62074
208692,61364
223728,57414
237195,59822
207096,62074
223728,59822
129081,61552
223089,53256
207150,59822
219132,62074
185817,61558
219132,61558
222750,61558
243789,61542
207582,1370
227988,48574
207150,48574
209073,33534
61482,62074
187707,32496
210981,61558
25749,60522
203460,61364
197286,61552
154635,11262
208626,61558
212469,61348
192756,61542
235335,60522
184713,61672
181101,61672
149634,61672
229536,61280
204411,35732
208881,1304
223776,124
203259,35732
154713,61028
207345,124
207345,50716
154713,1372
186174,61028
153756,50270
72918,35732
232503,35732
207345,35732
200259,35732
220269,33534
241824,48574
222843,35732
201522,61280
205122,35732
186177,33534
153756,35732
203790,1372
206745,35732
77484,61028
230091,48574
154713,1304
216822,35732
212748,44644
226623,35732
229536,1370
208575,10652
210633,59822
206361,62074
236766,62376
206823,57414
210981,63510
166128,62944
199854,63218
206361,62944
225669,35846
253098,63510
198882,62376
208572,10652
251202,63510
60888,63510
220302,63510
163131,62944
166128,63510
207087,62944
208518,63510
183468,63510
183105,63510
206637,62860
61977,56696
232269,63510
249486,33886
222669,63538
239247,62074
242442,59394
206406,63418
250653,62074
129153,63510
198882,63510
203310,50718
203310,10652
249159,10652
157767,63510
242388,63186
251202,30500
198882,63418
208599,63510
250653,63510
212220,63510
248301,63510
208500,63510
229527,62944
208488,62274
217782,63540
227973,63510
187797,63510
206811,33534
251619,39186
61977,62944
209880,10652
198882,62378
234021,63510
212220,63218
251619,124
209622,62274
216498,62944
222306,59396
183468,56696
199854,62274
250653,10652
175239,63510
251619,54096
211749,62944
251625,1370
206637,56714
239217,50718
196302,59822
208872,62944
232455,10652
203322,57414
222306,63510
250653,59396
183492,54096
212220,63136
227310,62944
239217,63538
222669,63510
206940,62074
251142,1370
206664,63510
234021,62274
72483,62944
206811,35846
208572,59394
227310,63510
187962,62944
251619,10652
208758,10652
208821,1370
253098,30500
208518,63538
251619,57414
62817,62944
206673,63510
251202,62944
235335,63360
251202,11262
205191,63510
226140,63360
242412,62944
249486,63510
196722,57414
197529,50718
71766,49888
72918,63510
217848,59394
205191,62944
194229,63418
129081,62944
242442,50718
251619,11262
62817,59394
251619,63418
205122,63510
224211,124
212181,30500
198279,124
212181,61560
60888,61560
71274,54864
207222,61560
224211,33886
217782,61558
212181,61558
60888,61558
181101,61558
60882,61672
212181,61672
194904,61672
198279,61560
249342,63136
252081,56714
198882,62944
246963,63360
203310,59396
212688,63360
197286,62944
205731,62074
252081,57414
71271,33534
153303,62944
251967,1304
220728,56696
231876,30500
204717,34092
244287,63136
249342,63360
183195,62944
210981,50274
208626,35732
71271,63360
207366,62376
252081,50716
252081,44302
198882,32496
206361,50716
251967,10652
202818,63188
208566,10652
252081,33534
71274,63360
206514,57414
225393,36762
238293,63360
163131,63136
229527,59396
204717,33534
229527,59394
238293,63136
71271,63186
239217,33886
197286,62378
208488,50274
251967,34092
212571,1304
239217,50716
208872,63188
206847,56696
217848,49888
71274,33534
193911,11262
249342,62944
128526,49888
206955,56696
207927,11262
206367,50720
207216,61672
160029,33886
215112,63510
225972,33534
215112,59394
203058,61364
227670,50274
173667,61542
163101,32496
171684,50716
209622,16358
220713,61672
183213,61542
193323,61672
178230,63510
242619,63510
208740,10652
201837,63510
237300,30500
231057,61672
173667,1370
211407,34092
221331,61560
212505,61542
211524,61560
207150,30500
194883,61552
178830,61560
203574,61672
184713,61560
234018,61560
163101,61560
182565,61672
232455,34092
219420,61672
222906,61558
238293,52918
457455,1370
222906,61560
178830,61672
153303,61560
194883,61560
25734,61542
203058,61560
191232,61672
457455,11262
238293,54290
204411,61552
240990,44302
173667,48574
187797,61560
244404,35732
203133,59822
203328,50718
230073,50274
72117,62274
178830,62614
187734,56696
238377,55798
232269,53406
66918,62074
172008,50270
212748,61280
210981,53394
232269,53160
206979,62614
63873,30500
230073,50272
128901,62274
208479,35732
244404,44302
232455,49888
207243,62074
244404,39186
61344,39186
172161,62618
207240,62376
203460,62614
232410,59396
164871,61558
232788,50716
167316,59396
246618,61558
244041,62376
211344,48980
203460,62376
234018,50716
230091,62376
196845,62376
183195,62614
183195,36762
222750,62376
215247,32496
162957,62376
203460,59396
229539,61558
72045,59822
211344,32496
171702,49888
211344,59396
243789,10652
194904,59396
66336,62376
211950,48980
246618,61540
227670,59396
160029,62376
203232,52918
63867,61560
206646,61542
204189,53256
206616,61542
206760,51974
225501,50270
224787,1372
230286,34092
61482,61672
172056,49888
128469,61560
190152,44302
192756,61558
229737,61552
158274,61560
204375,61560
227973,61672
183576,61560
207102,44302
234093,61672
206484,61560
192756,61560
210585,50270
242442,61552
199854,61560
204762,61672
237840,3382
204762,61560
210843,61542
203232,50716
158274,1372
208788,61560
206955,50270
65640,61558
207099,50716
63867,50716
206748,61552
206823,61552
207099,1370
192942,61558
187707,61560
217536,50274
222843,33886
206748,61560
220728,61552
159831,61560
157767,34092
237840,61672
157767,61560
191238,61672
223518,61672
63867,61672
206412,61552
234297,61672
195723,33886
72930,61672
206940,61552
206616,61560
72108,61560
206838,61560
207102,61552
242442,51974
207330,48574
227616,61552
238572,61552
66336,61672
211407,61560
65640,61560
153642,61542
204762,61542
222306,49888
192768,1370
197286,63218
204762,63510
238572,63510
60888,62944
64959,30500
206940,63218
208515,50718
72930,63218
206358,56714
228564,30500
228741,30500
186177,63360
208758,63188
210834,63510
212448,62944
199242,10652
206481,63510
207999,49888
237195,50718
153303,62074
186177,63136
225393,62274
197286,63510
206481,63218
208515,63510
234297,62944
227670,63510
229527,63218
203256,61540
212301,49888
224169,62944
247002,61280
244869,63510
154821,10652
217848,36720
222750,63510
159831,62378
194883,62944
163101,62944
235335,62944
457455,61280
178830,63218
209880,33886
241824,62944
247002,63510
203214,10652
204411,63360
207822,30500
253308,1370
207102,62944
207102,10652
232068,50718
188331,63218
203454,63510
228564,63510
203820,11490
212445,63510
62817,63360
206856,62944
232410,33886
247002,57804
184950,33886
212448,63136
217848,50274
247002,62274
249342,63510
251625,56714
208758,61280
251493,1370
207999,63510
208524,62944
250629,63510
207102,59396
247002,62944
208524,63510
208515,10652
234297,63218
128526,59396
198210,50274
234021,62860
225393,63136
217848,62944
212301,63510
188730,63220
195723,63510
212445,35732
206481,63186
210114,63510
235335,61280
251619,1304
201030,11262
208341,55798
211527,62074
248706,10652
208758,57804
200502,62944
229527,63360
247002,10652
244404,56696
72930,63220
203460,63510
217782,63218
60888,63540
176403,53386
213102,62944
249855,1304
212448,63510
244869,62944
206940,1370
227988,33886
197595,63510
206361,63510
211527,1370
232410,63220
60888,63360
187806,63360
72483,50718
212445,62944
172056,63510
66843,62274
203259,63510
212211,63510
212637,63510
232410,63510
206664,62944
206940,62944
227670,62944
187806,62944
212301,59396
251493,56714
211413,63218
251493,62074
203439,63510
210186,63218
188787,63510
153303,59396
208116,33886
234297,63136
246858,63510
251619,61540
206847,34092
250221,57414
208341,50720
61482,63360
187797,62274
219450,63360
72483,63360
157500,49888
162960,63360
220713,62074
158274,59396
203151,62074
187962,62378
208341,52918
243927,56696
251619,36720
60888,63418
206748,63360
248202,33886
183468,63360
208341,63418
211767,50716
60888,63136
216648,61280
199242,30500
210234,52918
66843,34092
251619,44302
65577,1370
207216,34092
206481,59394
190776,63360
191232,63186
203775,35732
251619,63360
234297,63360
219450,33534
208788,59394
211767,10652
210234,50720
208788,63418
158274,62274
221526,34092
236226,32496
239247,53160
251493,1304
206496,35846
251493,34092
235299,63360
61824,34092
198867,32496
246858,62274
250749,50716
191232,62274
251493,11262
183195,63186
221526,57414
249411,33886
247134,61280
246963,50272
61344,34092
249411,44302
72483,53160
212442,54096
194208,61280
250749,61280
249342,11490
232035,63136
246963,34092
244731,33534
194208,59396
250782,35732
250749,59394
220269,63136
250749,57414
195723,50718
72483,63136
154551,44302
198522,56714
206772,33886
194208,63360
202959,1370
246963,33886
225501,51974
244731,50720
222669,1370
206496,54096
210846,1370
216309,50716
194208,44302
61824,62274
246963,54096
244731,52918
246963,53406
212301,53406
194601,53160
192159,62274
206823,35846
182565,62274
244731,36762
249159,50718
172419,53394
250749,53160
250782,1370
206496,1304
250749,33886
249411,53160
211527,53160
62817,61540
211527,61540
249207,1304
61899,61540
212301,33534
206361,54096
206955,49888
249159,11262
128526,48980
208341,59396
249843,33886
66777,49888
154275,16358
206760,61540
206955,61540
249342,61540
206697,59396
61482,35732
203145,49888
203145,55798
215985,49888
243789,62944
243789,50718
251619,61348
61344,62274
232065,62944
61899,62944
246963,63136
162810,59394
211527,63538
216648,35732
203820,62074
249081,62944
246711,63188
206838,16358
237840,63510
215985,50716
246963,62944
251619,54290
244380,63510
163032,50272
206076,59396
61482,62944
25749,63538
154011,59394
250221,36720
194718,33886
157767,62944
183195,63136
222906,63220
238032,61280
183492,63360
252375,44302
237840,1370
72900,62944
249342,49888
209880,11262
183468,63540
206427,63220
240990,63510
237840,49888
163101,63136
232269,62944
237840,59394
208515,62944
162810,63360
251142,62376
154275,63510
251619,63186
220011,62944
209796,50718
61344,63510
198873,62074
162810,63510
183489,63136
216648,62944
207240,11262
252375,50718
128526,63510
203646,57414
208518,1370
203460,62944
237840,61280
212442,50718
246711,63360
251619,62944
246711,57414
162810,62274
227292,62944
238032,62944
61899,56696
232065,59394
232269,10652
215985,63540
187797,62944
61899,63510
222906,63510
210633,63510
206634,1370
244380,52918
225393,63418
245631,30500
250947,34092
63876,1304
192942,63510
88920,63510
210186,62944
205353,33886
186987,63510
88920,62944
156057,52918
251085,56696
72483,57414
207084,56696
207339,62944
212301,56696
192942,62944
230028,56696
242610,63136
156057,63360
238032,50718
156486,63510
203790,63510
241026,50716
212442,56696
209793,56696
72558,56696
206988,56696
203259,62944
188787,62944
208761,63510
213513,56696
249513,1370
206784,56696
211950,56714
211950,63510
208524,61280
248178,56714
210834,50274
219450,56696
219231,63360
251121,1304
206427,56696
61899,54290
156057,51974
61899,59394
206667,63510
251085,49888
244380,63360
198873,50274
208761,33886
61692,62944
200502,63510
201522,59394
221526,63510
244731,59394
206823,56696
212448,56696
190152,59396
244731,11490
251085,11262
212301,63136
244731,10808
206439,62074
96444,63510
206433,62074
157224,62944
203106,59396
231102,124
238032,63510
156057,63136
203256,63510
229263,11262
203256,62944
210186,63186
244731,63186
249294,63510
206928,50718
206484,50718
206940,63186
162957,62074
128502,62944
128502,56696
206484,63510
206811,35732
234018,63510
188787,59396
206514,63510
207216,63510
77484,62944
163044,10652
251121,1370
216309,59396
248373,39186
210846,63510
244731,63510
206940,63510
203268,63510
206514,56696
156486,35732
222759,33886
206637,56696
198873,62944
207828,62376
230028,62944
156486,62944
211950,62944
248178,30500
248178,57414
190776,56696
248373,59396
206928,63538
165183,35732
206811,56696
197286,62376
207129,56696
236226,62944
207216,62944
213513,63510
77484,32496
186933,63510
234030,33886
250020,16358
206928,62860
210186,63510
206646,56696
251631,33886
64959,60978
154560,1370
206076,50274
209154,30500
231057,50724
206076,60978
206475,50274
162810,50270
203145,50270
178830,46632
210690,50270
209154,56714
156486,44302
222906,46632
185817,30500
207129,60978
185817,60978
203574,35846
206475,57804
212721,46632
206076,1372
206439,60978
61692,60978
186174,50724
206439,35732
185817,44302
211524,60978
210234,46632
185817,33886
206475,56714
231057,50720
206076,35732
180195,56714
210114,46632
207927,35732
206940,42132
208626,35846
162810,44302
210114,60978
66777,57804
160029,60978
203181,1304
236823,30500
208482,1370
162810,46632
162810,36722
160770,63510
225501,63360
244380,50718
187101,63510
252405,33886
211125,62944
231876,63510
206484,57414
206979,62944
250947,59396
172161,62944
206484,59396
206484,16358
72558,62944
183573,63510
225672,62944
221151,30500
59703,39186
225393,56696
203724,62944
197529,63510
59703,50274
203058,63188
220728,63510
247962,63510
232065,63510
205728,33886
188331,16358
206427,63218
207102,1304
247962,124
212445,11262
164064,63510
246627,50718
205665,63510
59703,63510
206364,62944
225501,63186
251967,39186
203175,62944
210897,1370
59703,10652
203232,62074
221751,62944
211125,63510
199860,63510
251967,11262
194904,63510
242619,1304
250653,33886
208758,1372
249294,35732
205821,50272
211125,61280
205821,34092
249294,39186
208515,1370
246618,49888
203700,62074
207330,10652
232065,59822
248706,50716
205821,53406
210114,57414
203175,39186
208572,50272
154665,44302
206439,63510
223554,63510
252405,56714
192768,10652
195063,16358
249294,49888
205740,57414
212775,56714
244731,62274
198573,57414
219132,63510
205821,53160
208515,34092
237057,49888
162960,61280
250782,50274
209622,56696
248292,1304
207150,57414
249486,57414
237057,50716
248373,56696
205821,35732
216309,50270
223728,59396
223728,62944
229620,50716
206940,56696
225672,35732
246963,63510
250653,62944
205821,50274
207330,50716
205821,10652
205821,50270
216498,49888
211533,61280
246618,10652
206856,50716
205821,33886
208515,62074
211533,56696
205821,51974
192159,62170
205821,57804
239217,1370
242151,10652
247986,59396
247986,62170
208788,49888
208524,62074
61824,55798
206646,57414
206439,34092
206439,51974
210834,61280
216123,11262
246618,44302
227973,62274
203277,50272
203178,62274
210834,50272
198882,53160
215985,63510
160770,50274
166128,44302
244065,124
158016,63510
247962,62944
253557,63360
154113,56714
194229,50718
207828,59822
225393,63510
216648,56696
251442,59394
72483,56696
248706,16358
244380,62944
253557,10652
232068,63510
66843,50274
253557,124
163482,63510
191232,63510
238293,62944
63582,59396
231414,62074
212574,1370
206358,63510
158274,57414
154011,10652
222759,62944
246711,3382
203052,56714
198873,56696
212748,56696
212574,11262
154167,11490
206952,62944
251085,62944
195507,59396
206952,63510
210114,62944
217752,63510
183105,63538
225501,59396
198873,32496
203052,62074
238032,62274
197673,63510
226140,63510
226140,62944
253335,1304
203142,57414
232827,39186
232827,62944
223776,59394
253557,11262
206076,63510
219231,63510
253335,1370
223530,1370
206667,62944
166356,63510
183489,61348
222759,63510
71271,63510
203073,16358
207222,63510
199242,32496
215985,56696
234093,34092
225747,62376
178230,62274
249486,63418
188331,63540
206979,63186
232035,59396
232410,63360
249486,56696
220728,59396
206664,56696
237840,10652
249486,30500
229527,62274
211125,50274
215112,50274
216822,44302
210393,63360
237840,62274
241824,56696
183213,63136
247983,56696
205107,63360
219456,30500
80925,1370
166356,57414
242442,63418
206940,62376
234093,50274
212721,62944
129081,49888
242388,63136
216822,63188
209799,59394
210393,62944
211533,63136
232029,56696
242388,63360
206415,34092
206415,63418
251619,63136
206415,56696
227829,56696
223401,124
208068,10652
206364,63360
77484,63360
164661,34092
230331,53406
154713,44302
206670,63510
157185,62944
207102,61280
154713,10652
203058,50274
209793,63510
210393,63510
252696,11262
212181,63510
183213,56696
209793,11262
246963,57804
246963,63218
232788,10652
183195,51974
235335,63136
203241,49888
206346,63220
246963,51974
220011,63510
206481,62944
211413,59822
246963,53386
202959,34092
249486,39186
212892,63188
246963,59394
206361,59396
207156,1370
71274,62944
203052,62944
203058,59394
203889,33886
206952,50718
203241,63510
217848,63510
186987,10652
246963,54290
186882,33886
207102,57414
212445,1304
154713,59396
202959,63510
219420,124
211527,62276
252405,1370
206406,63220
203889,62274
232455,63510
206772,50270
199242,33886
212232,62944
154713,54096
154713,63188
207129,63510
212181,35732
165786,11262
71274,63510
230331,35732
186174,63538
242388,59394
186174,50718
252696,30500
207129,62944
210615,63510
221751,49888
207102,50274
246963,3382
195378,63510
203241,34092
232455,62944
212181,56696
206745,63510
220728,62944
249981,62944
251967,63220
156057,62944
153756,56696
234030,30500
167514,61542
203796,59394
230073,63510
156057,63510
211533,63540
249981,63220
232068,63220
249294,54096
96444,62944
210981,62944
206952,3382
206952,63220
251967,57414
251967,1370
70890,61560
206952,63418
211344,34092
249981,63540
249981,11490
154245,33886
220728,61560
246858,63220
208599,62944
226827,33886
186882,61672
153756,63510
227616,10652
249981,63538
251967,30500
203133,61672
211641,61560
243546,61542
63582,61542
72483,63418
72117,61672
249981,61348
208572,63510
188787,63220
210678,63538
208788,50272
203796,63220
237300,32496
61977,49888
208572,59396
70890,50716
206943,59394
216309,59776
216498,61672
203214,63510
156057,63418
198057,1370
61344,16358
176403,34092
220302,61558
203232,61542
212112,61552
206496,50716
203232,61558
206763,61542
128685,11262
247986,62944
154035,57414
59703,61560
195507,62074
176403,61560
247986,62074
80925,62944
240990,48574
206955,61672
206763,61560
208341,63188
233427,57414
158766,39186
206496,63188
206667,33886
72918,62378
66378,61560
61824,61560
231057,33534
211527,61552
129081,32496
246216,35732
222669,63540
203727,1370
205122,61560
220302,61542
201522,49888
187797,61028
206484,61028
128685,61560
194904,61560
206763,61028
192159,61560
246216,30500
246216,10652
206952,53386
234093,62944
220302,50716
164064,35732
229812,35732
220302,62944
164970,1370
211344,61028
226827,35846
229341,35732
160770,35732
210690,35732
231282,35732
218121,61280
203175,61028
211344,11262
229341,44302
227238,1304
186177,49888
206343,50716
221526,35732
234156,61280
176403,61540
247983,59396
210234,49888
178830,61348
167316,53406
241026,60978
215247,60978
200259,49888
229521,62274
198990,35846
232410,50270
195372,57414
158766,10652
158766,44302
207123,56714
61824,35732
208491,44302
206412,48574
210234,62274
61482,49888
59703,44302
227988,60978
234972,10652
249216,59822
218121,16358
61824,60978
211476,49888
203232,63188
200508,59822
205959,62074
207147,48574
210393,61280
242442,36762
242442,59822
167514,1370
226623,124
210393,54096
222225,60978
229521,50272
178830,59396
211527,50718
129153,48980
129081,34092
198279,60978
194883,35846
25734,124
208491,50274
153348,11262
166356,60978
200259,30500
212442,49888
194883,50272
211524,35732
71271,45912
232269,50720
163101,59822
160029,10652
210615,50724
232455,61028
195723,1372
206613,49888
206613,56714
154698,63136
208521,63136
239592,62274
244041,10652
244041,63360
212211,63360
208524,63360
225501,50274
208341,56696
203178,56696
183573,62074
203316,35732
251202,44302
160029,63360
160029,39186
224280,56696
222306,35732
210234,63360
203112,50718
69060,56696
211950,34092
250653,1304
183573,59396
63582,56696
208521,63360
249513,34092
186174,63136
176403,60522
208521,1370
208533,1370
191238,56696
203247,61672
244404,61540
208566,1370
216309,61348
251202,33886
251202,50716
252210,124
183195,44660
203145,61672
60864,63360
252210,1304
211965,62074
208518,44302
203052,56696
212571,61558
203829,61542
211965,33886
70890,61672
192771,61558
210690,61672
212112,56696
207366,30500
229263,61542
234093,49888
206868,61672
212721,61672
199860,61558
244404,33886
244404,61552
216309,61280
211965,61364
208518,61672
203445,61552
210882,52918
217782,61542
243927,61672
226623,61542
206868,62376
157224,53160
191232,50272
212748,53160
220302,30500
167082,124
225654,62376
206868,53160
232410,53160
194082,53406
204141,57414
198882,62274
194082,44302
225669,59822
213114,59822
175239,10652
208560,60978
208740,1304
184863,35846
227670,60978
206847,60978
206613,60978
211950,46632
206745,35846
207339,50724
228564,60978
228564,49888
164064,60978
208476,16358
197595,60978
154035,61542
183195,61028
206406,61560
203439,33886
207114,61542
210843,61560
154041,61542
203502,61560
198873,61028
239247,61542
154245,30500
200259,57414
200259,50716
231414,11262
194883,50968
218121,35732
207105,34092
210393,10652
154245,50716
70890,11262
246711,34092
158016,35732
203502,56696
203796,56696
203796,53394
63582,30500
67314,1304
247986,63188
228060,50720
210114,16358
223728,49888
206484,49888
227829,1370
221151,50718
203388,50718
61824,63186
206406,50718
220728,53394
230286,53160
208068,61672
227292,61672
207828,49888
206937,48574
129081,61028
157224,61560
215247,50270
208485,50270
212232,61560
242388,61672
154665,61552
186174,44914
215247,34092
220713,61560
212469,61028
162810,61028
72558,61672
232455,61672
154275,61560
240990,61672
231876,61028
232455,61558
195582,61552
60888,61552
219132,50716
212232,61558
206427,61552
206940,61028
217293,50716
207096,61560
231876,61560
220713,61552
206937,35846
212232,61672
207084,48574
187707,50268
209799,60522
166128,50268
191232,50268
195507,46632
206637,60978
210882,35732
203733,48694
205122,60978
203100,35732
176403,50268
175239,60978
203106,35732
194904,60522
203796,60978
203322,44302
212220,50268
203460,60978
229341,60978
207330,61542
190113,50270
208485,1370
213513,61552
194883,50720
203259,61558
77484,50270
25743,61558
203670,61542
207828,61552
236973,49888
208797,50716
199854,50724
198873,61542
202638,61542
203214,61560
196845,61560
206634,61542
215517,11262
235191,61560
242151,61558
206442,1370
229737,61560
158685,50272
190113,48574
242151,61028
163101,50270
202638,1372
203175,48574
208515,61552
208788,53160
229521,61672
238293,61672
199242,42132
238293,16358
199242,61552
206667,61560
153756,61560
222750,61560
158742,50716
212442,61560
206421,61672
206625,61560
206637,61672
222750,50716
162810,61560
162810,61558
72558,61560
238293,61552
206823,34092
194229,62400
232035,62400
243789,62400
157500,62400
198534,62074
183213,50718
246711,50718
208488,50718
197286,35846
229341,53160
198882,50718
61344,62618
232455,62400
163482,50718
183576,59822
246618,33886
203460,53160
72045,42132
208209,62378
243789,61558
203175,62378
203790,62170
208575,39186
245631,35732
246618,50718
187707,55798
229341,49888
183576,10652
208626,59822
203259,62376
236775,1304
166128,62618
166128,62616
246711,50716
187707,62400
208521,39186
183576,33886
194718,39186
229341,55798
183789,62376
63690,57804
198210,62378
203106,62170
223728,44302
203388,35732
206361,49888
191232,56696
210393,56696
188331,48980
203058,124
208812,49888
203727,56696
195723,49888
203106,49888
248598,57414
207996,53394
248598,11262
210846,34092
230091,62614
195723,56696
230091,53160
229521,49888
248598,1370
176643,11262
241824,44302
235299,53160
206418,49888
208575,53160
223776,53394
203106,56696
221115,50274
235299,44302
194883,52918
62817,52918
156486,59394
178830,63360
243546,10652
208692,59396
154011,62074
211533,50720
164064,59396
66843,52918
95988,63360
157500,34092
176403,52918
206979,62274
206940,63360
199242,50720
128469,34092
178830,34092
248202,50720
242442,61348
207114,30500
178458,63360
211476,63136
188331,35846
211527,62274
206868,34092
199860,62944
66777,50720
216822,62944
156486,59396
164064,44302
154011,62274
245046,1370
156486,50274
72117,63510
217848,62274
234093,63360
128502,62274
63582,62274
171684,63510
249687,62944
235299,62944
249687,63510
192771,63218
216498,33534
223089,53046
249513,11262
250653,50716
203175,63188
250653,44302
203259,59822
211344,61280
178458,56696
203175,50274
232410,63188
191892,50274
210834,62274
203175,50270
250653,34092
211344,11490
244041,61280
249513,33886
244041,56714
234297,63188
203454,62274
210834,44302
249513,50716
156057,61348
250653,50270
229536,53046
217752,124
218121,63218
183195,63218
154245,10652
198210,59396
223518,63510
155034,1370
194229,63538
208881,63510
198210,63220
200502,63218
223518,56714
249513,63510
249513,57414
208521,63510
223518,63538
229536,59396
208872,63510
194229,63218
203316,56484
229527,1304
154506,11262
199854,50268
70890,46632
174468,44302
206349,60978
220713,50724
192942,56484
225501,56484
72930,50268
227670,56484
210846,60978
207105,50270
202959,10652
231057,35732
186933,50724
206349,10652
229527,16358
61908,35846
206634,11262
194883,50268
224208,48574
205728,1304
196845,60978
163131,124
198534,124
249294,30500
203145,62274
250221,53386
211236,11262
166356,34092
229812,61542
210843,50716
232410,49888
203232,44302
242412,44302
238293,61028
61824,10652
231282,61542
210234,59394
210441,61542
61824,33886
60864,62074
158274,61542
203460,16358
198573,62274
187707,61558
238293,57804
158685,10652
208590,1370
160029,61280
242442,61672
178830,61364
246339,33886
204189,53258
204189,53048
208806,50274
212112,56714
246339,50718
200502,61552
206355,59822
206958,50270
206364,62074
224787,61028
206868,44302
65577,62074
129204,59822
232035,62376
208881,59816
183468,53046
212748,61672
210186,61028
208740,35732
206346,44664
242412,35732
63690,30500
212748,50970
238032,61542
63867,61542
204189,61542
212637,61560
206856,61552
208506,10652
241203,57414
210234,62944
211344,63360
209622,63186
251202,59396
198279,59396
231282,62944
221331,62944
251967,63136
251202,63360
162957,33886
250362,10652
162957,10652
183573,62944
211344,52918
237300,49888
212445,34092
203268,61560
211950,61560
202638,48574
224526,61560
128502,61560
183921,61560
203175,1372
162957,61560
204657,61672
206847,61560
162957,61672
203142,61542
207240,61560
163482,61028
163131,61560
72045,61672
210981,61560
202638,61560
197529,61560
203175,42132
71271,61558
198210,44302
203259,61552
203214,61542
208806,61672
208206,61560
231282,44302
25749,61028
234972,61672
172704,1304
72045,61560
227988,61560
203790,61552
238293,53386
178230,61560
223554,33886
194229,61558
198210,11490
208515,50270
208521,61560
96444,61542
213987,61542
246870,61552
224526,48574
219450,50716
204654,61542
232410,61280
242505,61560
72483,16358
208881,50718
212469,61552
203145,61542
71271,54864
208797,56696
231414,56696
208893,16358
231057,61560
71271,37644
208560,56696
242412,56696
231057,61558
219231,56696
199854,61028
203388,56696
196455,11262
207078,10652
196311,56696
245046,56696
212448,48574
217293,61560
239217,56696
203517,33886
216822,61542
71766,61558
207078,124
206760,37644
236226,61560
208347,61028
65640,33886
176643,59822
237840,50272
157185,48574
154551,61560
2061063,60978
60888,53406
72930,61560
129081,61560
220269,61560
195372,61560
236226,61558
212445,50968
206763,42132
223401,35732
187743,48574
237840,48574
212469,60978
206367,62376
208116,61558
68676,50718
197529,61558
206607,59816
60864,62376
207087,53160
210393,62400
231057,62400
203106,61558
226623,61558
244380,54096
206607,62400
232269,34092
66378,61672
194883,61558
238611,61542
140277,61542
237300,61672
206496,61364
206952,61672
188730,61560
225669,61672
206952,32496
213987,16358
211524,32496
59703,61672
206952,49888
206484,50270
208599,61552
234021,48574
217782,61560
195507,50274
154011,61672
68676,61552
196311,61542
164064,61558
234972,61552
228060,61672
128901,44644
206355,56714
213114,61552
198867,61364
206823,61672
232656,35732
225501,61672
182565,61560
232410,61560
234093,50720
61344,50720
206364,35732
232068,60978
239217,60978
206940,59816
206367,34092
217848,61560
182565,61558
224925,10652
184863,33886
172704,46632
154551,60978
206850,60978
72483,42132
64218,16358
198873,60978
207345,50274
193323,50268
63690,60978
206667,50268
65631,48574
129081,60978
208812,48574
211989,30500
212748,48574
211989,60978
186174,59822
208575,49888
208515,30500
234297,46632
206427,60978
208506,56484
208788,56484
211344,46632
208506,35732
216564,46632
231708,10652
191232,56484
221331,56484
194082,60978
166356,35732
2061063,50718
201837,50718
194082,61558
215112,61558
184950,34092
208554,61558
229812,57414
191556,61558
205947,62376
189045,61558
221331,50718
203322,50718
158016,59822
231414,57414
211344,62400
61344,48980
206670,50718
200259,61558
158274,34092
243477,62376
158274,124
229812,61558
232503,59396
63876,50968
61899,52918
186933,48980
232503,30500
63876,50970
232503,11262
63690,53046
207822,16358
186933,1372
211413,50718
128526,62376
196311,39186
212181,50716
222750,52918
206427,52918
196311,57414
237057,59822
208515,48980
211767,52918
240912,61542
215298,50716
209622,59816
210690,10652
187797,62376
172587,59822
208872,61280
206406,1372
59691,62376
72117,61348
205107,59822
202959,30500
188730,62376
203775,61542
204762,59822
227115,59822
238572,53256
192942,63188
213114,59394
234156,57414
206484,59394
72930,48298
208521,50274
221526,62378
235191,10652
183489,53160
251169,10652
212748,10652
246858,63136
221526,44302
232035,61280
208488,59822
154551,49888
204411,62274
208521,59394
211344,44302
224280,1304
211965,53394
215247,1304
246618,55798
246618,59396
188730,50270
166128,50270
202959,39186
129204,59396
203790,50718
243789,50270
248373,124
194601,63510
208341,63510
220269,63218
205740,63188
61908,63538
197595,62944
158274,63510
210981,34092
243789,49888
154713,62944
202638,30500
153888,34092
220713,35846
244731,63218
210186,59394
204717,50274
230073,62944
244731,62944
210615,61348
215517,35846
61908,63510
194601,63538
243789,63510
224280,62944
191232,63218
194601,61348
250020,56714
194601,32496
208872,59396
158685,57414
230073,50718
203775,56696
246711,33886
246711,50270
61824,62170
246711,50272
246963,124
247002,50718
198867,39186
154509,56696
198867,56696
246858,39186
246858,53394
71271,62614
235299,49888
166002,56696
243546,56696
187101,56696
247239,55798
66777,56696
224787,62074
95988,50716
229737,56696
247239,50718
71274,62614
154560,56696
154665,50270
247239,30500
157185,62376
208347,62400
238887,62376
206943,50718
188481,11262
66843,62400
243789,62378
243789,62618
229620,50272
225669,62376
154275,62376
225669,62378
211527,62618
236766,62170
211527,62616
192714,59822
193323,62616
175266,53394
223728,62074
157224,62616
154245,50718
207150,56696
229341,33886
59703,1372
223776,53160
244869,1372
210393,1372
192756,62170
198057,1304
210897,35732
207114,56696
237840,57414
234093,56696
248871,50716
244404,30500
248871,56696
198990,50716
210897,10652
194208,33534
202959,56696
248871,30500
203058,62376
213987,34092
229341,61280
238377,49888
246858,44302
192942,56696
242505,48574
185817,35732
206376,60522
211344,60522
211950,61558
203460,59816
208794,48574
208794,61552
242505,62074
208491,62074
229737,61542
232029,61558
158274,59822
234297,61364
208524,61558
211344,61558
223518,61364
198990,61558
195723,61364
244866,11262
196845,60522
208761,59396
72930,62618
95988,61558
206481,62618
199854,59394
206823,33886
232410,57414
248178,50716
204657,50274
154011,59396
206451,10652
231708,62074
251121,50718
188730,59394
251121,10652
208206,10652
183195,59394
216123,35732
206412,39186
235380,50718
239247,56696
211638,56696
206496,39186
238572,56696
206856,56696
205107,56696
206514,39186
246711,1372
216648,63360
250629,63360
192159,63360
192756,34092
206940,53160
229521,63360
167316,63360
62811,10652
185817,1304
185817,57414
66465,63360
229536,57414
206760,36720
199860,56696
219456,53160
59703,35846
160770,34092
204795,63360
68496,53046
208347,16358
224145,35732
222669,53258
206367,50718
249216,53256
244731,63418
206787,50716
232065,53386
232455,63136
208758,61348
129081,63136
206427,62944
234156,62944
212397,11490
250653,53160
72117,62400
203460,62074
163032,59394
165312,62376
225480,62376
236115,62376
173667,1304
198882,59394
208341,59394
250653,53406
66918,62376
163377,62376
205107,57414
154827,16358
197673,54096
232035,59394
194229,59394
203178,53046
212397,59396
203175,35846
182565,59394
213513,62274
247983,53160
183492,3382
186882,3382
206418,62376
241305,50272
194082,53394
234297,49888
66378,62274
247239,33886
220269,62614
198867,34092
244041,56696
212397,50270
210981,50270
212397,30500
247986,56696
244404,48980
212397,50274
206670,53160
234021,32496
207078,57414
206772,50718
246858,50270
198867,53160
248706,59822
191232,62170
206412,56696
209154,48574
207087,53048
203439,60978
206991,11262
223518,48574
195582,35846
212181,60978
206616,35732
206772,60978
67056,11262
245631,62274
72900,39186
167316,62274
153150,59822
229521,54290
232404,61672
220269,60522
207087,60522
176403,61558
206937,61552
232455,61552
243546,39186
61344,50270
192942,61672
243546,61672
242415,62074
206364,10652
205821,62074
206937,61672
205821,61542
206415,61672
211383,61672
244287,60522
207114,61672
212442,61672
206349,61558
207096,61672
207105,10652
207156,61672
206847,53394
204375,63360
249207,35732
207366,63360
163101,53160
176643,34092
208797,61280
227616,63360
206847,63360
212721,59822
205191,62074
232065,53394
205191,35732
190776,59394
249855,63136
66843,53160
231876,53160
227829,34092
206346,59394
196302,10652
232455,62274
194883,44664
172503,62074
232455,53160
232455,10790
203460,59394
203256,61280
244380,44302
250668,10652
211548,124
246987,50716
248373,34092
95988,44302
197286,32496
211548,10652
212442,16358
187707,53394
238032,53394
163131,53406
25743,49888
198522,1370
238032,50270
96444,44302
176403,56696
209622,42132
211524,50272
224526,44302
61482,61028
193323,11490
211524,35846
186933,61028
212442,60978
236115,60522
208500,60978
203133,50274
208080,48574
199854,60522
208080,10652
191232,53406
232455,53406
222750,33886
249486,63188
172695,50718
250221,62074
207828,54290
157500,53406
210897,62074
206457,16358
223518,50718
230331,62376
207102,50718
154041,57414
187707,62376
216498,50718
232065,62400
242442,62400
223518,10652
203133,34092
225393,61280
216309,10652
206928,35732
216309,30500
217536,50270
194904,62170
238263,35732
154383,10652
212220,50718
217782,56696
207156,33534
197802,50718
166356,10652
203574,56696
204795,50270
61899,55798
62817,51974
154383,11262
213987,53160
223554,56696
158610,59822
162960,61558
208560,11262
244731,61672
238218,48574
158610,48574
244731,59816
208515,61558
187707,59822
206076,62074
244731,48574
227988,61558
208515,61542
208788,61558
206076,61672
203502,61558
189045,61672
231876,39186
158766,55798
61899,61552
25749,62400
206514,62400
196302,61672
153303,50718
242442,62618
240990,61558
242442,32496
207105,39186
204141,53160
215298,62400
61899,16358
232269,61672
234555,62376
61899,61542
215298,50718
157224,61672
206364,62618
242442,3382
206952,62618
227670,53160
211533,62400
186177,3382
66378,62618
206406,39186
232827,62616
206478,62400
25749,62618
157500,59396
238218,39186
228948,10790
66465,59396
217848,61540
172419,53160
71274,63186
207828,61348
211950,50274
211950,59394
250947,53160
250947,62274
208761,50718
250947,61280
206784,61552
208341,61672
239217,61672
206847,61672
72045,11490
199854,50270
224208,50274
192159,124
217872,61560
69060,61542
164064,61672
192159,61672
231057,52918
232035,61552
203445,61542
184950,61672
183468,124
216822,61028
196311,50716
200502,61560
156057,56696
211524,54290
209622,50718
244731,36722
246963,50718
128526,50718
212469,50718
208521,44302
249411,1304
61692,53406
217782,52918
208788,50718
207582,44302
210981,16358
172695,60978
232410,60978
217782,59822
203316,60978
128526,54290
197286,50724
203106,1372
128901,53386
206637,49888
188730,49888
220011,50716
224211,3382
61899,63136
252396,11262
249486,50718
249486,63186
186177,62944
247134,50716
252396,62944
238293,48298
210114,34092
237057,57414
230331,124
252396,33886
72045,63136
225669,16358
206811,10652
198573,59396
212220,62944
206811,57414
206811,1370
252396,62274
236115,62944
244380,63136
206811,59396
206811,62944
176403,62944
206763,49888
181101,62944
220011,49888
192159,50720
154011,50270
232035,61558
215517,61560
197595,50716
208881,32496
242232,61552
222843,33534
206799,61552
206760,61028
210186,53048
242151,124
232035,61560
198279,61558
206952,56714
226827,50716
65640,61552
206763,61552
206646,1370
207096,53160
70890,61280
206349,53160
225669,124
70890,30500
206772,44302
249159,35732
70890,53160
167316,50718
218121,33534
249855,44302
203151,53046
70890,35732
249486,42132
212445,53160
203175,62376
187806,62614
221751,35732
207105,35732
162810,61552
190152,50274
167316,50720
190152,35732
207156,35732
212640,35732
192714,61542
175266,61672
207222,53406
191232,34092
206415,35732
61899,61348
224787,61364
207099,35732
172587,16358
190152,61542
190152,50270
207150,35732
206940,61348
235299,62376
234297,124
212232,60522
226827,61364
238263,59822
206799,57414
206613,61280
226827,61542
223728,61364
216498,59822
243546,59822
192942,61364
206928,61552
183213,59776
195378,61558
242505,33886
194904,61558
210840,59822
71274,61552
194082,50720
206979,61672
154743,48574
206427,59822
211950,59816
198210,61672
220269,53386
158610,50970
229527,56696
206937,56696
206928,56696
246987,50272
244287,56696
220713,53394
208515,35732
210813,50718
208806,59822
208521,60978
232029,34092
208584,10652
249207,50716
229527,50720
210840,56696
224208,1304
203256,55798
208806,1370
190152,60978
201798,1304
203178,61028
203175,60978
217782,50724
65640,60978
220269,63510
208758,62944
251106,1304
251106,62944
232269,49888
154035,1304
179496,61280
154011,63510
195723,63218
72558,63510
246711,62378
211524,63510
251619,63538
247986,10652
204762,59396
206748,63220
248013,56714
206868,63510
62817,63510
234156,63510
252396,30500
195507,61280
246711,35732
179496,10652
183576,56714
206772,63510
251967,62274
251625,63510
196845,36720
188730,62944
210678,55798
247002,50270
251619,50274
206748,63418
203796,63218
188730,63360
232068,62944
196845,63136
203574,63218
203502,63218
246987,63510
238218,10652
61482,63136
149634,63510
249294,10652
241824,62376
96444,62376
195507,63510
158274,63220
204717,59396
247986,50270
251625,10652
203574,62944
194229,63220
196722,33886
206418,63510
249081,63218
250020,61280
71271,57522
96444,63218
204762,62944
211524,63540
248706,63510
190113,57414
203274,124
212112,33534
247986,63510
203058,59822
183576,61558
234093,1372
212637,62274
154551,61558
246711,62618
186933,62618
238293,62618
240990,62274
206952,60522
203811,34092
206367,10652
198873,60522
154011,59822
236775,61542
212688,50716
206496,59822
212688,59396
196302,62074
200259,61552
198873,61280
234156,50274
154041,59822
239247,59822
206952,62074
203811,61542
154011,61558
154077,59822
207996,59822
206433,59822
61908,61558
158610,62376
203073,62376
243546,62376
206697,61280
203259,1372
210981,62376
61692,61558
158016,61558
201282,50718
234021,59822
208812,50718
203310,61558
208812,61558
203145,61558
183105,62400
61824,61558
203310,30500
203790,61558
223401,1304
208692,61558
193965,124
208626,30500
186177,59816
207222,34092
158274,62376
229812,62376
203439,61558
205728,61558
225672,44302
206616,11262
207102,50270
208491,10652
69060,35732
206427,46632
194904,46632
154665,60978
230331,60978
203574,44302
222225,1304
211125,46632
207222,46632
183573,60978
221151,1370
208788,50268
237300,50268
206358,59822
222225,33886
203259,50270
80925,30500
160029,46632
203145,46632
207222,50272
221526,60978
210585,33534
128526,50272
72483,50724
212379,35732
229263,1304
176403,50724
237057,44302
212220,50724
203790,49888
221151,50716
157224,62378
207330,62376
207330,53394
180195,62378
198990,56714
206346,62616
225393,61558
128469,53394
177672,16358
216498,53160
178830,55798
211407,50718
62817,62376
158610,56714
178830,62616
212220,62616
207339,62618
80925,56714
206979,62618
220713,50274
227670,62170
247239,11262
158610,53394
247983,61540
247239,35732
158610,1370
244404,62618
208491,53394
187707,62274
220713,50272
227973,1372
203310,63510
128526,59822
198573,62074
205995,34092
217380,61542
197286,60522
205995,61552
210234,53406
187806,59822
227616,59822
194082,61672
178830,60522
207222,61348
244404,59822
166356,61672
238377,59822
203727,59822
212637,33886
206625,59822
61482,59822
188331,48574
197286,59776
206763,61672
206748,60522
61977,59822
158274,61672
207150,61672
217848,59822
206958,34092
225501,34092
206613,62074
225501,59816
154551,50718
232827,62400
66777,62376
230091,62400
203673,1372
208206,61558
203820,59822
205740,62376
197529,62376
224208,57414
212235,61028
238377,44302
212235,60978
232503,60978
198573,61280
198873,50970
186933,61348
232065,61542
206979,59816
208515,33534
233163,61672
186933,61542
207087,1304
234021,61672
230028,54290
203445,61672
72483,61364
72045,61558
245046,34092
210186,60522
206760,61552
231876,44644
241305,62074
