customer_id,product_id
61899,61364
183213,61364
187101,61364
194082,61364
217848,61364
230286,61364
236226,61364
71274,61364
183195,61364
234297,61364
175266,61364
205959,61364
178830,61364
191232,61364
212748,61364
61908,61364
186174,61364
198867,61364
206940,61364
225501,61364
153303,61364
172161,61364
220269,61364
72483,61364
196845,61364
206367,61364
25749,61364
154551,61364
183573,61364
183492,61364
210168,61364
62817,61364
203820,61364
71271,61364
154245,61364
186657,61364
203460,61364
203790,61364
66777,61364
232827,61364
187734,61364
187797,61364
194883,61364
201852,61364
176403,61364
211641,61364
71766,61364
172503,61364
61692,61364
192159,61364
164064,61364
206376,61364
188730,61364
198882,61364
212220,61364
220728,61364
153756,61364
203796,61364
156057,61364
154011,61364
204780,61364
211527,61364
210186,61364
65640,61364
154275,61364
224169,61364
211524,61364
61824,61364
166128,61364
194904,61364
197529,61364
206427,61364
225393,61364
128526,61364
160770,61364
206760,61364
212232,61364
157224,61364
206439,61364
184863,61364
232269,61364
223518,61364
215298,61364
212469,61364
216309,61364
182565,61364
206346,61364
186933,61364
212442,61364
230091,61364
128901,61364
164661,61364
212448,61364
242442,61364
206952,61364
206748,61364
206412,61364
229521,61364
241305,61364
163101,61364
213102,61364
221331,61364
206979,61364
206856,61364
72117,61364
206868,61364
157767,61364
228687,61364
230073,61364
206421,61364
195723,61364
238827,61364
206415,61364
211413,61364
63690,61364
224787,61364
192942,61364
208692,61364
203166,61364
244731,61364
216822,61364
154665,61364
228948,61364
204189,61364
194601,61364
154713,61364
206763,61364
203511,61364
162810,61364
232503,61364
61899,48574
154077,48574
183213,48574
187101,48574
187806,48574
194082,48574
207222,48574
217848,48574
229527,48574
230286,48574
230331,48574
232410,48574
236226,48574
71274,48574
171939,48574
183195,48574
188331,48574
206433,48574
207996,48574
217782,48574
218265,48574
222906,48574
231663,48574
232035,48574
234018,48574
234297,48574
175266,48574
189045,48574
205107,48574
205959,48574
212397,48574
234093,48574
154041,48574
178230,48574
178458,48574
178830,48574
183105,48574
191232,48574
203259,48574
211383,48574
212748,48574
216981,48574
61908,48574
186174,48574
198867,48574
205659,48574
206940,48574
207339,48574
225501,48574
153303,48574
172161,48574
194229,48574
197286,48574
220269,48574
239577,48574
72483,48574
163131,48574
186990,48574
196845,48574
198573,48574
203175,48574
206367,48574
206418,48574
25749,48574
183573,48574
206772,48574
237300,48574
183492,48574
188637,48574
195063,48574
207150,48574
210168,48574
62817,48574
159831,48574
192771,48574
193323,48574
203820,48574
71271,48574
160029,48574
187707,48574
204795,48574
241824,48574
128469,48574
179496,48574
204762,48574
210840,48574
211950,48574
216648,48574
186657,48574
203100,48574
203460,48574
203790,48574
59703,48574
66777,48574
232455,48574
232827,48574
242556,48574
187734,48574
207102,48574
165927,48574
206670,48574
238689,48574
210981,48574
183489,48574
194883,48574
221115,48574
65631,48574
72045,48574
129081,48574
203082,48574
158742,48574
211806,48574
239556,48574
210816,48574
61977,48574
66378,48574
197595,48574
201852,48574
176403,48574
212721,48574
234021,48574
202959,48574
203445,48574
212775,48574
244380,48574
206955,48574
213114,48574
71766,48574
154098,48574
212112,48574
212379,48574
187962,48574
172503,48574
212475,48574
228060,48574
61692,48574
203178,48574
72558,48574
192159,48574
206850,48574
164064,48574
211965,48574
206376,48574
223968,48574
207366,48574
206358,48574
221751,48574
208572,48574
203232,48574
211989,48574
227973,48574
235299,48574
195507,48574
188730,48574
198882,48574
212220,48574
220728,48574
153756,48574
203133,48574
203796,48574
156057,48574
167316,48574
208341,48574
206361,48574
206667,48574
226662,48574
154011,48574
174468,48574
203052,48574
204780,48574
208788,48574
211527,48574
234030,48574
186177,48574
237195,48574
72108,48574
210186,48574
232065,48574
65640,48574
154275,48574
210834,48574
224169,48574
198210,48574
211524,48574
231282,48574
66465,48574
96444,48574
196722,48574
203388,48574
220170,48574
228741,48574
61824,48574
166128,48574
194904,48574
197529,48574
203322,48574
206427,48574
225393,48574
210114,48574
232404,48574
208350,48574
238293,48574
201798,48574
208209,48574
227310,48574
212892,48574
236520,48574
128526,48574
223554,48574
234156,48574
160770,48574
206664,48574
206760,48574
61344,48574
238263,48574
206607,48574
212232,48574
208533,48574
211476,48574
63867,48574
208524,48574
157224,48574
205122,48574
161283,48574
208506,48574
206439,48574
206943,48574
184863,48574
192714,48574
206451,48574
232269,48574
203073,48574
223518,48574
208872,48574
215298,48574
197034,48574
212469,48574
216309,48574
182565,48574
203268,48574
203295,48574
206346,48574
203316,48574
205662,48574
206406,48574
205740,48574
2061063,48574
206745,48574
208599,48574
229341,48574
230028,48574
242151,48574
206847,48574
210234,48574
213513,48574
181149,48574
203214,48574
207084,48574
154068,48574
186933,48574
158016,48574
235932,48574
207600,48574
210393,48574
72900,48574
208500,48574
208575,48574
181860,48574
25743,48574
212442,48574
230091,48574
220011,48574
210846,48574
238377,48574
203310,48574
211533,48574
238218,48574
203439,48574
128901,48574
223401,48574
208491,48574
240939,48574
212448,48574
211407,48574
157500,48574
203724,48574
236775,48574
229620,48574
242442,48574
206364,48574
242232,48574
203142,48574
139272,48574
162984,48574
191556,48574
203106,48574
206952,48574
206748,48574
206412,48574
229521,48574
203058,48574
207144,48574
206637,48574
222306,48574
231057,48574
241305,48574
157185,48574
163101,48574
213102,48574
221331,48574
206673,48574
206979,48574
206856,48574
232029,48574
200259,48574
206958,48574
72117,48574
203145,48574
244041,48574
206868,48574
208758,48574
209154,48574
208488,48574
72561,48574
229263,48574
227238,48574
206988,48574
244680,48574
157767,48574
171702,48574
205191,48574
203184,48574
206634,48574
221409,48574
218673,48574
238032,48574
203733,48574
230073,48574
77484,48574
162603,48574
207330,48574
233040,48574
163482,48574
72918,48574
203256,48574
195723,48574
153072,48574
203241,48574
158274,48574
218061,48574
203574,48574
199860,48574
199854,48574
206415,48574
207105,48574
158610,48574
61935,48574
196311,48574
187743,48574
207096,48574
206823,48574
227616,48574
206625,48574
184713,48574
153150,48574
153402,48574
211413,48574
207156,48574
186882,48574
210897,48574
188100,48574
202638,48574
210882,48574
153204,48574
221151,48574
63690,48574
153600,48574
205905,48574
153885,48574
223389,48574
206076,48574
210633,48574
196302,48574
203064,48574
224787,48574
240990,48574
192942,48574
203127,48574
223728,48574
208812,48574
206646,48574
192768,48574
214968,48574
203166,48574
224280,48574
227670,48574
208116,48574
244731,48574
242505,48574
217002,48574
68676,48574
198855,48574
69060,48574
154665,48574
203727,48574
180195,48574
198873,48574
199044,48574
203454,48574
226827,48574
204189,48574
154713,48574
206514,48574
200364,48574
223776,48574
203511,48574
208521,48574
207267,48574
233427,48574
190113,48574
149634,48574
207147,48574
203661,48574
207345,48574
205821,48574
154494,48574
192756,48574
155403,48574
178761,48574
66336,48574
243789,48574
71301,48574
235380,48574
245046,48574
236973,48574
208080,48574
61899,56714
154077,56714
183213,56714
187806,56714
188787,56714
194082,56714
207222,56714
217848,56714
229527,56714
230286,56714
230331,56714
232410,56714
236115,56714
236226,56714
70890,56714
71274,56714
183195,56714
188331,56714
206433,56714
217782,56714
232035,56714
234297,56714
175266,56714
205107,56714
205959,56714
234093,56714
154041,56714
178230,56714
178830,56714
183105,56714
191232,56714
203259,56714
212748,56714
61908,56714
186174,56714
198867,56714
205659,56714
206940,56714
207339,56714
213978,56714
225501,56714
153303,56714
194229,56714
197286,56714
220269,56714
72483,56714
163131,56714
186990,56714
196845,56714
198573,56714
206367,56714
206418,56714
25749,56714
183573,56714
206772,56714
183492,56714
195063,56714
207150,56714
210168,56714
62817,56714
192771,56714
193323,56714
203820,56714
71271,56714
160029,56714
204795,56714
207078,56714
241824,56714
128469,56714
204762,56714
216648,56714
242388,56714
186657,56714
203100,56714
203460,56714
59703,56714
66777,56714
191892,56714
232455,56714
232827,56714
187734,56714
207102,56714
154698,56714
210981,56714
183489,56714
194883,56714
221115,56714
229539,56714
129081,56714
222669,56714
211806,56714
239556,56714
89013,56714
209637,56714
61977,56714
201852,56714
239247,56714
176403,56714
212721,56714
234021,56714
202959,56714
212775,56714
244380,56714
206955,56714
211641,56714
213114,56714
71766,56714
212112,56714
61692,56714
207828,56714
203178,56714
72558,56714
192159,56714
208806,56714
211965,56714
206349,56714
198990,56714
206376,56714
223968,56714
207366,56714
154113,56714
206358,56714
206496,56714
217380,56714
208572,56714
204141,56714
203232,56714
227973,56714
235299,56714
195507,56714
188730,56714
198882,56714
212220,56714
220728,56714
153756,56714
203133,56714
203796,56714
207129,56714
156057,56714
167316,56714
208341,56714
206361,56714
206667,56714
154011,56714
174468,56714
203052,56714
204780,56714
208788,56714
211527,56714
211749,56714
186177,56714
210186,56714
232065,56714
65640,56714
210834,56714
195372,56714
198210,56714
211524,56714
231282,56714
66465,56714
96444,56714
208797,56714
220170,56714
61824,56714
166128,56714
194904,56714
197529,56714
203322,56714
206427,56714
225393,56714
206697,56714
210114,56714
238293,56714
227310,56714
66843,56714
212892,56714
236520,56714
128526,56714
223554,56714
234156,56714
160770,56714
206664,56714
206760,56714
61344,56714
238263,56714
212232,56714
194388,56714
63867,56714
208524,56714
157224,56714
205122,56714
234129,56714
206943,56714
184863,56714
192714,56714
206451,56714
232269,56714
223518,56714
215298,56714
212469,56714
216309,56714
182565,56714
206346,56714
203316,56714
205662,56714
206406,56714
205740,56714
206745,56714
229341,56714
242151,56714
190776,56714
206847,56714
210234,56714
225012,56714
221526,56714
186933,56714
158016,56714
235932,56714
210393,56714
72900,56714
208347,56714
208575,56714
181860,56714
25743,56714
212442,56714
230091,56714
129153,56714
220011,56714
210846,56714
238377,56714
203310,56714
238218,56714
128901,56714
164661,56714
223401,56714
240939,56714
212448,56714
211407,56714
206811,56714
157500,56714
203724,56714
236775,56714
212688,56714
198522,56714
194208,56714
203517,56714
242442,56714
206364,56714
252375,56714
203142,56714
248013,56714
139272,56714
203106,56714
206952,56714
242619,56714
206748,56714
206412,56714
251106,56714
229521,56714
250947,56714
203058,56714
207144,56714
249216,56714
206637,56714
222306,56714
231057,56714
207087,56714
250434,56714
241305,56714
216495,56714
163101,56714
248178,56714
213102,56714
221331,56714
206979,56714
247983,56714
232029,56714
200259,56714
206928,56714
206355,56714
231876,56714
72117,56714
203145,56714
236766,56714
244041,56714
248301,56714
206868,56714
208758,56714
209154,56714
249342,56714
249486,56714
242415,56714
244680,56714
157767,56714
205191,56714
221610,56714
203811,56714
228687,56714
238032,56714
230073,56714
77484,56714
244287,56714
245631,56714
200508,56714
195723,56714
208515,56714
158274,56714
203574,56714
206448,56714
199860,56714
199854,56714
238827,56714
206415,56714
207105,56714
158610,56714
196311,56714
187743,56714
207096,56714
238572,56714
184713,56714
211413,56714
212640,56714
25734,56714
207156,56714
186882,56714
188100,56714
210882,56714
221151,56714
63690,56714
153885,56714
206076,56714
65637,56714
210615,56714
224787,56714
229536,56714
240990,56714
192942,56714
223728,56714
208692,56714
208812,56714
80925,56714
206646,56714
206613,56714
203166,56714
224280,56714
227670,56714
244731,56714
250653,56714
190152,56714
250221,56714
68676,56714
251625,56714
199242,56714
250629,56714
216822,56714
251442,56714
204717,56714
252405,56714
211344,56714
198534,56714
224211,56714
69060,56714
252081,56714
203727,56714
180195,56714
198873,56714
195447,56714
203454,56714
219450,56714
207123,56714
226827,56714
243546,56714
208068,56714
223776,56714
208521,56714
212445,56714
249981,56714
251967,56714
244866,56714
207147,56714
249081,56714
249294,56714
249687,56714
247962,56714
251619,56714
205821,56714
206343,56714
155403,56714
246963,56714
249855,56714
247986,56714
206964,56714
233961,56714
243789,56714
232503,56714
71301,56714
235380,56714
215112,56714
249843,56714
212433,56714
249159,56714
249411,56714
249513,56714
250344,56714
217536,56714
251493,56714
253557,56714
253866,56714
253416,56714
253935,56714
254400,56714
254310,56714
61899,11262
154077,11262
164337,11262
172056,11262
176643,11262
183213,11262
183912,11262
187806,11262
188787,11262
194082,11262
205353,11262
206787,11262
207222,11262
209697,11262
217848,11262
229527,11262
230286,11262
230331,11262
232410,11262
236115,11262
236226,11262
238068,11262
56868,11262
70890,11262
71274,11262
88920,11262
154797,11262
171939,11262
183195,11262
188331,11262
203502,11262
206433,11262
207996,11262
210141,11262
217782,11262
220713,11262
222906,11262
231663,11262
231900,11262
232035,11262
234018,11262
234297,11262
244404,11262
60864,11262
165717,11262
173940,11262
175266,11262
189045,11262
198945,11262
205107,11262
205959,11262
212550,11262
220047,11262
234093,11262
60888,11262
61482,11262
154041,11262
154167,11262
164640,11262
172419,11262
178230,11262
178458,11262
178830,11262
183105,11262
183450,11262
191232,11262
191250,11262
197673,11262
201837,11262
203259,11262
211383,11262
212211,11262
212748,11262
216981,11262
222540,11262
59691,11262
61908,11262
179790,11262
186174,11262
188937,11262
198867,11262
205659,11262
206940,11262
207339,11262
212256,11262
216123,11262
225501,11262
227115,11262
63873,11262
154578,11262
172161,11262
194229,11262
194790,11262
197286,11262
198552,11262
203700,11262
210120,11262
220269,11262
239577,11262
72483,11262
163131,11262
186990,11262
196845,11262
198573,11262
203175,11262
206367,11262
206418,11262
210678,11262
242439,11262
25749,11262
154551,11262
204144,11262
206772,11262
237300,11262
128502,11262
155055,11262
183492,11262
188637,11262
195063,11262
203673,11262
207150,11262
207387,11262
210168,11262
238887,11262
62817,11262
159831,11262
192771,11262
193323,11262
203820,11262
222894,11262
71271,11262
160029,11262
187650,11262
207216,11262
207219,11262
227988,11262
67827,11262
153312,11262
187707,11262
204795,11262
210171,11262
234972,11262
167571,11262
207078,11262
219381,11262
231096,11262
241824,11262
128469,11262
179496,11262
192300,11262
203094,11262
204222,11262
204762,11262
210840,11262
211950,11262
216648,11262
225669,11262
242388,11262
186657,11262
203100,11262
203460,11262
203790,11262
207243,11262
219021,11262
59703,11262
66777,11262
154542,11262
232455,11262
232827,11262
242556,11262
187734,11262
203112,11262
207102,11262
165927,11262
204657,11262
206670,11262
216498,11262
238689,11262
241329,11262
187797,11262
210981,11262
129135,11262
183489,11262
194883,11262
204522,11262
209622,11262
214506,11262
221115,11262
64734,11262
65631,11262
224925,11262
72045,11262
129081,11262
180495,11262
203082,11262
158742,11262
222669,11262
204228,11262
211806,11262
239556,11262
89013,11262
209637,11262
210816,11262
61977,11262
66378,11262
201852,11262
239247,11262
176403,11262
186378,11262
212721,11262
234021,11262
202959,11262
203445,11262
212775,11262
244380,11262
206955,11262
183576,11262
188343,11262
211641,11262
213114,11262
71766,11262
154098,11262
187659,11262
201564,11262
212112,11262
212379,11262
187962,11262
172503,11262
212475,11262
228060,11262
235191,11262
61692,11262
207828,11262
203178,11262
72558,11262
192159,11262
206850,11262
163251,11262
208806,11262
172587,11262
211965,11262
206349,11262
225351,11262
225699,11262
238536,11262
198990,11262
208476,11262
206376,11262
223968,11262
207927,11262
207366,11262
217293,11262
154113,11262
206358,11262
206496,11262
221751,11262
244446,11262
203088,11262
163377,11262
217380,11262
208572,11262
231162,11262
211767,11262
204141,11262
203232,11262
211989,11262
241389,11262
205728,11262
227973,11262
235299,11262
195507,11262
201282,11262
243408,11262
174513,11262
188730,11262
198882,11262
206442,11262
212220,11262
212430,11262
220728,11262
153756,11262
177903,11262
194424,11262
203133,11262
203796,11262
206460,11262
207129,11262
156057,11262
156489,11262
167316,11262
208341,11262
208509,11262
158499,11262
206361,11262
206667,11262
226662,11262
61215,11262
154011,11262
203052,11262
204780,11262
208788,11262
211527,11262
234030,11262
72930,11262
186177,11262
203829,11262
224145,11262
237195,11262
172704,11262
72108,11262
166437,11262
184950,11262
210186,11262
232065,11262
65640,11262
161667,11262
203709,11262
210834,11262
195372,11262
198210,11262
211524,11262
231282,11262
66465,11262
96444,11262
239592,11262
196722,11262
203388,11262
220170,11262
128538,11262
196455,11262
208053,11262
225747,11262
228741,11262
61824,11262
194904,11262
197529,11262
203322,11262
207993,11262
208722,11262
154743,11262
206427,11262
225393,11262
210114,11262
211548,11262
232404,11262
212301,11262
154032,11262
153669,11262
194718,11262
208350,11262
238293,11262
157938,11262
200502,11262
208590,11262
208209,11262
227310,11262
60882,11262
66843,11262
203706,11262
212892,11262
128526,11262
203889,11262
208893,11262
223554,11262
234156,11262
239217,11262
160770,11262
206664,11262
206760,11262
61344,11262
238263,11262
206607,11262
224526,11262
212232,11262
208533,11262
211476,11262
222711,11262
192564,11262
194388,11262
63867,11262
208524,11262
157224,11262
204771,11262
205122,11262
161283,11262
208506,11262
206439,11262
234129,11262
167082,11262
157680,11262
206943,11262
184863,11262
192714,11262
206451,11262
208539,11262
203199,11262
203871,11262
232269,11262
72312,11262
204411,11262
223104,11262
209520,11262
203073,11262
223518,11262
215298,11262
212469,11262
216309,11262
208566,11262
166995,11262
182565,11262
203268,11262
153960,11262
203295,11262
206346,11262
203316,11262
205662,11262
206406,11262
229977,11262
172695,11262
205740,11262
2061063,11262
206745,11262
229341,11262
186438,11262
208740,11262
227469,11262
230028,11262
242151,11262
242571,11262
190776,11262
206847,11262
210234,11262
211815,11262
213513,11262
242856,11262
64218,11262
181149,11262
225012,11262
186447,11262
203214,11262
208626,11262
63582,11262
183390,11262
203328,11262
207084,11262
209799,11262
221526,11262
184509,11262
224874,11262
154068,11262
154881,11262
186933,11262
158016,11262
153309,11262
208536,11262
224841,11262
235932,11262
207600,11262
210393,11262
165762,11262
72900,11262
208347,11262
208500,11262
208575,11262
231414,11262
181860,11262
210690,11262
236655,11262
129204,11262
198279,11262
25743,11262
212442,11262
230091,11262
129153,11262
220011,11262
208518,11262
210846,11262
155097,11262
232068,11262
238377,11262
158685,11262
203310,11262
211533,11262
238218,11262
203439,11262
128901,11262
164661,11262
230010,11262
202818,11262
223401,11262
228729,11262
208491,11262
208761,11262
240939,11262
164457,11262
208503,11262
212448,11262
211407,11262
206811,11262
129264,11262
157500,11262
192144,11262
203724,11262
209796,11262
208482,11262
140277,11262
208821,11262
236775,11262
212571,11262
183921,11262
208485,11262
225672,11262
203301,11262
208545,11262
212337,11262
207390,11262
198522,11262
194208,11262
203517,11262
229620,11262
242442,11262
246627,11262
206364,11262
211947,11262
242232,11262
251253,11262
251643,11262
252375,11262
203142,11262
211473,11262
213885,11262
139272,11262
162984,11262
191556,11262
203106,11262
206304,11262
206952,11262
223530,11262
241026,11262
242619,11262
206748,11262
233091,11262
197802,11262
206412,11262
223071,11262
237804,11262
248061,11262
251106,11262
229521,11262
250947,11262
162957,11262
243927,11262
187224,11262
210813,11262
248292,11262
248373,11262
249567,11262
203058,11262
207144,11262
249216,11262
191451,11262
206637,11262
222306,11262
231057,11262
207240,11262
208899,11262
249579,11262
183387,11262
210954,11262
250434,11262
252696,11262
241305,11262
250275,11262
211386,11262
216495,11262
246804,11262
163101,11262
248178,11262
249930,11262
213102,11262
221331,11262
187263,11262
208479,11262
96138,11262
206673,11262
227292,11262
251829,11262
59700,11262
206979,11262
249207,11262
206856,11262
247983,11262
232029,11262
200259,11262
167676,11262
186327,11262
206958,11262
247956,11262
206928,11262
206355,11262
231876,11262
72117,11262
203145,11262
210843,11262
236766,11262
203646,11262
211638,11262
161208,11262
244041,11262
194409,11262
248301,11262
231144,11262
67764,11262
206868,11262
67314,11262
206784,11262
208758,11262
209154,11262
208488,11262
72561,11262
66918,11262
174279,11262
237252,11262
229263,11262
237057,11262
249342,11262
227238,11262
249486,11262
242415,11262
250668,11262
206988,11262
244680,11262
183468,11262
208206,11262
157767,11262
171702,11262
205191,11262
229737,11262
232656,11262
203184,11262
233163,11262
177672,11262
221610,11262
203811,11262
206634,11262
231225,11262
64365,11262
231708,11262
193911,11262
188853,11262
228687,11262
64959,11262
195249,11262
203271,11262
218673,11262
238032,11262
60870,11262
209073,11262
184710,11262
203733,11262
205665,11262
230073,11262
77484,11262
244287,11262
246870,11262
162603,11262
206421,11262
207330,11262
247974,11262
219456,11262
233040,11262
245631,11262
163482,11262
226623,11262
72918,11262
203256,11262
248202,11262
200508,11262
207114,11262
248250,11262
230178,11262
228315,11262
195723,11262
244878,11262
225480,11262
153072,11262
208515,11262
203241,11262
203736,11262
158274,11262
203247,11262
61305,11262
218061,11262
203274,11262
203532,11262
203574,11262
176577,11262
191238,11262
206448,11262
128763,11262
187875,11262
217752,11262
233814,11262
199860,11262
193965,11262
154506,11262
199854,11262
238827,11262
206415,11262
207105,11262
158610,11262
196311,11262
206937,11262
187743,11262
207096,11262
206823,11262
238572,11262
206478,11262
227616,11262
68568,11262
156486,11262
164970,11262
197799,11262
206625,11262
239508,11262
184713,11262
153150,11262
153402,11262
158766,11262
211413,11262
212640,11262
25734,11262
67371,11262
228024,11262
203670,11262
222750,11262
191229,11262
240912,11262
207156,11262
187395,11262
153348,11262
186882,11262
210897,11262
228753,11262
188100,11262
202638,11262
222225,11262
153315,11262
210882,11262
153204,11262
174087,11262
211236,11262
221151,11262
63690,11262
153600,11262
215517,11262
165915,11262
205905,11262
153885,11262
181203,11262
206076,11262
183645,11262
220218,11262
210633,11262
67740,11262
207582,11262
64893,11262
238878,11262
235335,11262
209880,11262
65637,11262
153999,11262
237840,11262
65058,11262
240918,11262
179436,11262
196302,11262
200964,11262
210615,11262
203064,11262
224787,11262
229536,11262
240990,11262
192942,11262
153024,11262
203127,11262
223728,11262
183813,11262
166002,11262
123150,11262
210585,11262
208692,11262
68496,11262
209184,11262
220632,11262
166599,11262
199479,11262
208812,11262
80925,11262
209793,11262
153912,11262
206646,11262
206613,11262
192768,11262
211761,11262
204375,11262
214968,11262
208794,11262
212586,11262
207498,11262
245976,11262
198981,11262
95988,11262
171684,11262
204774,11262
207999,11262
209625,11262
203166,11262
211542,11262
224280,11262
154827,11262
227670,11262
208116,11262
250020,11262
205332,11262
203868,11262
229812,11262
192717,11262
244731,11262
250653,11262
167136,11262
242505,11262
217002,11262
222843,11262
190152,11262
247548,11262
250221,11262
251085,11262
244005,11262
246711,11262
68676,11262
251625,11262
199242,11262
218958,11262
219030,11262
250629,11262
251235,11262
188106,11262
216822,11262
248796,11262
67056,11262
212595,11262
219132,11262
248871,11262
251442,11262
248724,11262
204717,11262
252405,11262
174195,11262
159330,11262
167364,11262
211344,11262
249063,11262
251169,11262
198534,11262
224211,11262
154509,11262
252081,11262
252774,11262
203727,11262
198873,11262
203151,11262
154560,11262
246915,11262
247134,11262
232788,11262
157236,11262
155052,11262
195447,11262
203454,11262
219450,11262
207123,11262
226827,11262
243546,11262
204189,11262
203055,11262
155337,11262
166005,11262
219231,11262
207822,11262
219420,11262
154383,11262
208473,11262
227829,11262
177873,11262
208068,11262
154821,11262
194601,11262
154713,11262
206514,11262
206838,11262
206763,11262
223776,11262
203511,11262
195378,11262
208617,11262
208521,11262
221196,11262
210978,11262
157080,11262
212445,11262
63876,11262
206991,11262
166362,11262
228564,11262
220302,11262
195582,11262
176595,11262
154035,11262
128685,11262
244065,11262
212637,11262
153423,11262
212235,11262
154518,11262
163578,11262
190113,11262
149634,11262
203784,11262
242412,11262
249981,11262
251967,11262
246618,11262
244866,11262
215247,11262
207147,11262
249081,11262
195894,11262
183786,11262
218121,11262
203661,11262
251631,11262
226140,11262
247002,11262
249294,11262
249687,11262
247962,11262
251619,11262
248706,11262
157710,11262
250362,11262
207345,11262
235842,11262
205821,11262
154494,11262
206343,11262
213987,11262
192756,11262
184674,11262
155403,11262
65067,11262
204483,11262
246963,11262
249855,11262
246858,11262
247986,11262
181746,11262
153888,11262
198792,11262
162810,11262
243390,11262
222621,11262
156024,11262
206964,11262
210441,11262
235458,11262
178761,11262
197676,11262
204054,11262
153744,11262
205947,11262
233961,11262
248064,11262
222759,11262
251766,11262
175239,11262
67158,11262
243789,11262
153792,11262
206484,11262
247239,11262
162960,11262
243477,11262
232503,11262
245826,11262
248682,11262
246216,11262
71301,11262
162792,11262
246150,11262
210129,11262
206481,11262
216366,11262
246987,11262
235380,11262
238611,11262
245046,11262
249297,11262
212181,11262
208560,11262
215985,11262
215112,11262
249843,11262
61629,11262
212433,11262
249159,11262
244869,11262
217872,11262
236973,11262
153675,11262
222852,11262
154635,11262
207099,11262
249411,11262
240924,11262
208080,11262
253098,11262
250782,11262
250749,11262
249795,11262
172008,11262
249513,11262
201030,11262
206616,11262
252210,11262
252177,11262
214194,11262
203118,11262
72027,11262
208911,11262
251202,11262
253308,11262
251493,11262
253557,11262
212574,11262
253335,11262
198057,11262
248598,11262
188481,11262
252396,11262
253506,11262
253683,11262
253191,11262
253866,11262
253416,11262
253578,11262
253671,11262
253464,11262
253935,11262
253998,11262
253647,11262
254436,11262
254196,11262
61899,1370
154077,1370
164337,1370
172056,1370
176643,1370
183213,1370
183912,1370
184698,1370
187806,1370
188787,1370
194082,1370
205353,1370
207222,1370
217848,1370
229527,1370
230286,1370
230331,1370
232410,1370
236115,1370
236226,1370
238068,1370
56868,1370
71274,1370
88920,1370
171939,1370
183195,1370
186384,1370
188331,1370
206433,1370
207996,1370
217782,1370
218265,1370
220713,1370
222906,1370
231663,1370
231900,1370
232035,1370
234018,1370
234297,1370
244404,1370
244575,1370
60864,1370
165717,1370
173940,1370
175266,1370
189045,1370
198945,1370
204093,1370
205107,1370
205959,1370
211047,1370
212550,1370
220047,1370
234093,1370
234120,1370
60888,1370
61482,1370
64299,1370
154041,1370
154167,1370
164640,1370
178230,1370
178458,1370
178830,1370
183105,1370
183450,1370
191232,1370
191250,1370
197673,1370
203259,1370
212211,1370
212748,1370
216981,1370
59691,1370
61908,1370
179790,1370
186174,1370
188937,1370
198867,1370
205659,1370
206940,1370
216123,1370
225501,1370
227115,1370
63873,1370
153303,1370
154578,1370
172161,1370
194229,1370
194790,1370
197286,1370
210120,1370
220269,1370
239577,1370
72483,1370
163131,1370
186990,1370
196845,1370
198573,1370
203175,1370
206367,1370
206418,1370
210678,1370
242439,1370
25749,1370
154551,1370
183573,1370
204144,1370
206772,1370
237300,1370
88821,1370
155055,1370
183492,1370
188637,1370
188961,1370
192735,1370
195063,1370
207150,1370
210168,1370
238887,1370
62817,1370
159831,1370
193323,1370
203820,1370
222894,1370
71271,1370
154245,1370
160029,1370
187650,1370
207216,1370
207219,1370
227988,1370
67827,1370
153312,1370
162843,1370
187707,1370
210171,1370
234972,1370
167571,1370
185067,1370
207078,1370
219381,1370
231096,1370
241824,1370
128469,1370
179496,1370
192300,1370
203094,1370
204222,1370
204762,1370
211950,1370
216648,1370
225669,1370
71409,1370
186657,1370
203460,1370
203790,1370
207243,1370
219021,1370
231909,1370
59703,1370
66777,1370
154542,1370
161526,1370
232455,1370
232827,1370
242430,1370
242556,1370
167652,1370
187734,1370
207399,1370
203112,1370
207102,1370
165927,1370
198801,1370
204657,1370
238689,1370
241329,1370
187797,1370
210981,1370
129135,1370
183489,1370
194883,1370
204522,1370
209622,1370
212283,1370
214506,1370
221115,1370
219522,1370
64734,1370
65631,1370
217494,1370
72045,1370
129081,1370
180495,1370
203082,1370
156225,1370
158742,1370
222669,1370
224631,1370
161403,1370
204228,1370
211806,1370
239556,1370
89013,1370
209637,1370
197595,1370
201852,1370
239247,1370
176403,1370
212721,1370
234021,1370
202959,1370
203445,1370
212775,1370
231102,1370
206955,1370
165750,1370
188343,1370
211641,1370
213114,1370
71766,1370
154098,1370
212112,1370
203775,1370
212379,1370
187962,1370
172503,1370
212475,1370
228060,1370
235191,1370
61692,1370
207828,1370
191223,1370
203178,1370
236490,1370
72558,1370
192159,1370
163251,1370
164064,1370
208806,1370
225276,1370
172587,1370
188196,1370
211965,1370
206349,1370
204768,1370
225351,1370
225699,1370
238536,1370
208476,1370
206376,1370
223968,1370
207927,1370
207366,1370
61902,1370
217293,1370
154113,1370
206358,1370
244446,1370
203088,1370
163377,1370
217380,1370
208572,1370
176607,1370
231162,1370
211767,1370
204141,1370
203232,1370
154473,1370
205728,1370
227973,1370
235299,1370
195507,1370
243408,1370
174513,1370
188730,1370
198882,1370
206442,1370
212220,1370
212430,1370
220728,1370
153756,1370
177903,1370
203133,1370
203796,1370
156057,1370
156489,1370
167316,1370
208341,1370
206361,1370
226662,1370
61215,1370
154011,1370
204780,1370
208788,1370
211527,1370
234030,1370
72930,1370
186177,1370
191226,1370
203829,1370
224145,1370
237195,1370
172704,1370
72108,1370
166437,1370
184950,1370
232065,1370
65640,1370
154275,1370
161667,1370
188844,1370
210834,1370
224169,1370
195372,1370
198210,1370
211524,1370
231282,1370
66465,1370
96444,1370
155085,1370
208797,1370
196722,1370
220170,1370
208053,1370
228741,1370
61824,1370
166128,1370
194904,1370
197529,1370
203322,1370
207993,1370
208722,1370
154743,1370
206427,1370
225393,1370
210114,1370
211548,1370
232404,1370
154032,1370
208350,1370
238293,1370
157938,1370
200502,1370
208590,1370
201798,1370
208209,1370
227310,1370
60882,1370
66843,1370
212892,1370
128526,1370
208893,1370
223554,1370
234156,1370
167256,1370
239217,1370
160770,1370
61344,1370
205188,1370
238263,1370
184635,1370
224526,1370
212232,1370
208533,1370
211476,1370
222711,1370
194388,1370
63867,1370
208524,1370
157224,1370
161283,1370
175899,1370
185244,1370
206439,1370
167082,1370
157680,1370
184863,1370
192714,1370
206451,1370
208539,1370
203199,1370
203871,1370
232269,1370
72312,1370
204411,1370
209520,1370
203073,1370
223518,1370
208872,1370
197034,1370
212469,1370
239115,1370
216309,1370
208566,1370
166995,1370
182565,1370
203268,1370
153960,1370
203295,1370
206346,1370
154485,1370
203316,1370
205662,1370
206406,1370
229977,1370
172695,1370
205740,1370
2061063,1370
206745,1370
208599,1370
229341,1370
186438,1370
208740,1370
230028,1370
242151,1370
190776,1370
206847,1370
210234,1370
213513,1370
64218,1370
181149,1370
225012,1370
203214,1370
203328,1370
209799,1370
221526,1370
184509,1370
154068,1370
154881,1370
222438,1370
186216,1370
224841,1370
235932,1370
207600,1370
210393,1370
165762,1370
72900,1370
161787,1370
208347,1370
208575,1370
231414,1370
181860,1370
210690,1370
236655,1370
198279,1370
25743,1370
212442,1370
230091,1370
129153,1370
220011,1370
208518,1370
210846,1370
155097,1370
232068,1370
158685,1370
203310,1370
211533,1370
238218,1370
203439,1370
128901,1370
164661,1370
230010,1370
202818,1370
223401,1370
208491,1370
208503,1370
211407,1370
206811,1370
129264,1370
157500,1370
192144,1370
203724,1370
238608,1370
208482,1370
225987,1370
140277,1370
208821,1370
236775,1370
212571,1370
183921,1370
208485,1370
225672,1370
203301,1370
207390,1370
198522,1370
194208,1370
203517,1370
242442,1370
246627,1370
206364,1370
211947,1370
251253,1370
251643,1370
203142,1370
248013,1370
162984,1370
191556,1370
206304,1370
206952,1370
223530,1370
242619,1370
246054,1370
206412,1370
237804,1370
248061,1370
251106,1370
229521,1370
245706,1370
250947,1370
162957,1370
243927,1370
210813,1370
248292,1370
203058,1370
207144,1370
249216,1370
206637,1370
222306,1370
231057,1370
207240,1370
208899,1370
249579,1370
183387,1370
210954,1370
252696,1370
241305,1370
216495,1370
246804,1370
157185,1370
163101,1370
248178,1370
249930,1370
213102,1370
221331,1370
187263,1370
197835,1370
96138,1370
227292,1370
206979,1370
249207,1370
232029,1370
200259,1370
167676,1370
206958,1370
247956,1370
183666,1370
165183,1370
206355,1370
231876,1370
72117,1370
203145,1370
210843,1370
236766,1370
203646,1370
244041,1370
194409,1370
248301,1370
206868,1370
67314,1370
155271,1370
208758,1370
209154,1370
208488,1370
72561,1370
252066,1370
66918,1370
174279,1370
229263,1370
237057,1370
225972,1370
249342,1370
227238,1370
249486,1370
242415,1370
250668,1370
244680,1370
183468,1370
208206,1370
157767,1370
171702,1370
203451,1370
205191,1370
229737,1370
232656,1370
203184,1370
203280,1370
156063,1370
165132,1370
195771,1370
177672,1370
207588,1370
164631,1370
221610,1370
203811,1370
206634,1370
231225,1370
231708,1370
208554,1370
228687,1370
64959,1370
195249,1370
203271,1370
218673,1370
238032,1370
163044,1370
209073,1370
184710,1370
203733,1370
230073,1370
77484,1370
234555,1370
244287,1370
162603,1370
206421,1370
207330,1370
247974,1370
154956,1370
233040,1370
245631,1370
226623,1370
72918,1370
203256,1370
248202,1370
200508,1370
207114,1370
162795,1370
248250,1370
237765,1370
210825,1370
228315,1370
224931,1370
195723,1370
225480,1370
153072,1370
208515,1370
203241,1370
203736,1370
158274,1370
203247,1370
246339,1370
208584,1370
61305,1370
218061,1370
203274,1370
203574,1370
191238,1370
206448,1370
187875,1370
217752,1370
154506,1370
199854,1370
238827,1370
206415,1370
207105,1370
158610,1370
61935,1370
196311,1370
154476,1370
204654,1370
187743,1370
206823,1370
238572,1370
227616,1370
68568,1370
156486,1370
164970,1370
197799,1370
206625,1370
184713,1370
153150,1370
153402,1370
211413,1370
212640,1370
25734,1370
67371,1370
228024,1370
153642,1370
158658,1370
203670,1370
222750,1370
240912,1370
207156,1370
187395,1370
186882,1370
178068,1370
210897,1370
228753,1370
188100,1370
202638,1370
153315,1370
210882,1370
153204,1370
174087,1370
211236,1370
221151,1370
63690,1370
153600,1370
215517,1370
204243,1370
205905,1370
153885,1370
62811,1370
181203,1370
56871,1370
206076,1370
220218,1370
210633,1370
207582,1370
64893,1370
238878,1370
155043,1370
161058,1370
209880,1370
65637,1370
153999,1370
237840,1370
65058,1370
240918,1370
210615,1370
64353,1370
203064,1370
229536,1370
240990,1370
69249,1370
192942,1370
153024,1370
223728,1370
183813,1370
166002,1370
123150,1370
166029,1370
208692,1370
68496,1370
209184,1370
166599,1370
199479,1370
208812,1370
80925,1370
153912,1370
206646,1370
192768,1370
211761,1370
204375,1370
214968,1370
245976,1370
198981,1370
95988,1370
171684,1370
207999,1370
182295,1370
203166,1370
224280,1370
154827,1370
227670,1370
208116,1370
250020,1370
203868,1370
229812,1370
244731,1370
250653,1370
167136,1370
180471,1370
242505,1370
217002,1370
247548,1370
250221,1370
244005,1370
246711,1370
68676,1370
251625,1370
199242,1370
188106,1370
216822,1370
248796,1370
219132,1370
248871,1370
251442,1370
248724,1370
204717,1370
252405,1370
174195,1370
251169,1370
198534,1370
224211,1370
69060,1370
154509,1370
250974,1370
252081,1370
248550,1370
252774,1370
203727,1370
180195,1370
198873,1370
203151,1370
154560,1370
182556,1370
246915,1370
247134,1370
232788,1370
155052,1370
195447,1370
203454,1370
219450,1370
226827,1370
243546,1370
204189,1370
155100,1370
203055,1370
155337,1370
166005,1370
207822,1370
219420,1370
181371,1370
154383,1370
208473,1370
227829,1370
208068,1370
194601,1370
154713,1370
206838,1370
223776,1370
65052,1370
203511,1370
208521,1370
210978,1370
210627,1370
206991,1370
166362,1370
228564,1370
195582,1370
176595,1370
65328,1370
154035,1370
185817,1370
128685,1370
244065,1370
153423,1370
154518,1370
233427,1370
190113,1370
203784,1370
238875,1370
249981,1370
251967,1370
246618,1370
244866,1370
210810,1370
249081,1370
195894,1370
183786,1370
218121,1370
203661,1370
251631,1370
249294,1370
249687,1370
248706,1370
203181,1370
157710,1370
250362,1370
232452,1370
207345,1370
235842,1370
184113,1370
205821,1370
154494,1370
213987,1370
192756,1370
227295,1370
184674,1370
155403,1370
178818,1370
65067,1370
204483,1370
246963,1370
247986,1370
181746,1370
153888,1370
198792,1370
162810,1370
247029,1370
222621,1370
156024,1370
210441,1370
235458,1370
178761,1370
197676,1370
204054,1370
216033,1370
207396,1370
224208,1370
205947,1370
66336,1370
233961,1370
248064,1370
251766,1370
175239,1370
243789,1370
153792,1370
206484,1370
247239,1370
206457,1370
243477,1370
164871,1370
248682,1370
205995,1370
71301,1370
162792,1370
246150,1370
210129,1370
238611,1370
245046,1370
249297,1370
212181,1370
208560,1370
153720,1370
249159,1370
244869,1370
217872,1370
236973,1370
207099,1370
240924,1370
208080,1370
251610,1370
253098,1370
210408,1370
250782,1370
250749,1370
249795,1370
172008,1370
249513,1370
252210,1370
252177,1370
214194,1370
72027,1370
253146,1370
253308,1370
251493,1370
251121,1370
251721,1370
212574,1370
253335,1370
198057,1370
248598,1370
253053,1370
253506,1370
253683,1370
253191,1370
253578,1370
253671,1370
253464,1370
253935,1370
253998,1370
254118,1370
254400,1370
254310,1370
61899,1304
154077,1304
176643,1304
183213,1304
194082,1304
206787,1304
207222,1304
217848,1304
230286,1304
230331,1304
232410,1304
236115,1304
236226,1304
238068,1304
70890,1304
71274,1304
88920,1304
171939,1304
183195,1304
203502,1304
206433,1304
207996,1304
217782,1304
218265,1304
232035,1304
234018,1304
234297,1304
244404,1304
173940,1304
175266,1304
189045,1304
205107,1304
205959,1304
212397,1304
212550,1304
234093,1304
234120,1304
60888,1304
154041,1304
164640,1304
178458,1304
178830,1304
183105,1304
183450,1304
191232,1304
191250,1304
197673,1304
201837,1304
203259,1304
211383,1304
212211,1304
212748,1304
216981,1304
59691,1304
61908,1304
186174,1304
198867,1304
205659,1304
206940,1304
207339,1304
225501,1304
227115,1304
63873,1304
153303,1304
172161,1304
194229,1304
194790,1304
197286,1304
210120,1304
220269,1304
239577,1304
72483,1304
163131,1304
186990,1304
196845,1304
198573,1304
203175,1304
206367,1304
206418,1304
210678,1304
25749,1304
154551,1304
183573,1304
206772,1304
237300,1304
183492,1304
188637,1304
188961,1304
195063,1304
207150,1304
210168,1304
238887,1304
62817,1304
192771,1304
193323,1304
203820,1304
222894,1304
71271,1304
154245,1304
160029,1304
187650,1304
207219,1304
227988,1304
67827,1304
153312,1304
204795,1304
234972,1304
207078,1304
219381,1304
241824,1304
128469,1304
179496,1304
204762,1304
210840,1304
211950,1304
216648,1304
225669,1304
71409,1304
186657,1304
203100,1304
203460,1304
203790,1304
207243,1304
219021,1304
59703,1304
66777,1304
232455,1304
232827,1304
242556,1304
187734,1304
203112,1304
207102,1304
165927,1304
198801,1304
204657,1304
206670,1304
238689,1304
187797,1304
210981,1304
183489,1304
194883,1304
221115,1304
64734,1304
65631,1304
72045,1304
129081,1304
180495,1304
203082,1304
158742,1304
222669,1304
161403,1304
204228,1304
211806,1304
239556,1304
210816,1304
61977,1304
66378,1304
175293,1304
197595,1304
201852,1304
239247,1304
176403,1304
212721,1304
234021,1304
202959,1304
203445,1304
212775,1304
244380,1304
206955,1304
183576,1304
211641,1304
213114,1304
71766,1304
154098,1304
201564,1304
212112,1304
203775,1304
212379,1304
187962,1304
172503,1304
212475,1304
228060,1304
61692,1304
207828,1304
203178,1304
72558,1304
192159,1304
206850,1304
164064,1304
208806,1304
172587,1304
211965,1304
206349,1304
204768,1304
225351,1304
225699,1304
198990,1304
208476,1304
206376,1304
207366,1304
217293,1304
154113,1304
206358,1304
206496,1304
221751,1304
244446,1304
203088,1304
163377,1304
217380,1304
208572,1304
211767,1304
204141,1304
203232,1304
211989,1304
205728,1304
227973,1304
235299,1304
195507,1304
201282,1304
243408,1304
174513,1304
188730,1304
198882,1304
206442,1304
212220,1304
212430,1304
220728,1304
153756,1304
177903,1304
194424,1304
203133,1304
203796,1304
206460,1304
207129,1304
156057,1304
167316,1304
208341,1304
208509,1304
158499,1304
206361,1304
206667,1304
226662,1304
154011,1304
174468,1304
203052,1304
204780,1304
208788,1304
211527,1304
234030,1304
186177,1304
203829,1304
224145,1304
237195,1304
72108,1304
184950,1304
210186,1304
232065,1304
65640,1304
154275,1304
203709,1304
224169,1304
195372,1304
198210,1304
211524,1304
231282,1304
66465,1304
96444,1304
208797,1304
196722,1304
203388,1304
220170,1304
196455,1304
208053,1304
228741,1304
61824,1304
166128,1304
194904,1304
197529,1304
203322,1304
154743,1304
206427,1304
225393,1304
206697,1304
210114,1304
211548,1304
232404,1304
212301,1304
194718,1304
208350,1304
238293,1304
157938,1304
200502,1304
201798,1304
227310,1304
66843,1304
203706,1304
128526,1304
203889,1304
223554,1304
234156,1304
239217,1304
160770,1304
206664,1304
206760,1304
61344,1304
238263,1304
224526,1304
212232,1304
208533,1304
211476,1304
194388,1304
63867,1304
208524,1304
157224,1304
205122,1304
161283,1304
208506,1304
175899,1304
206439,1304
157680,1304
206943,1304
184863,1304
192714,1304
206451,1304
203199,1304
203871,1304
232269,1304
72312,1304
203073,1304
223518,1304
208872,1304
215298,1304
212469,1304
239115,1304
216309,1304
208566,1304
166995,1304
182565,1304
203268,1304
203295,1304
206346,1304
205662,1304
206406,1304
172695,1304
205740,1304
2061063,1304
206745,1304
208599,1304
229341,1304
186438,1304
208740,1304
230028,1304
242151,1304
242571,1304
190776,1304
206847,1304
210234,1304
213513,1304
181149,1304
225012,1304
203214,1304
208626,1304
63582,1304
207084,1304
221526,1304
154068,1304
186933,1304
158016,1304
153309,1304
224841,1304
235932,1304
207600,1304
210393,1304
165762,1304
72900,1304
208347,1304
208500,1304
208575,1304
181860,1304
210690,1304
129204,1304
25743,1304
212442,1304
230091,1304
129153,1304
220011,1304
208518,1304
210846,1304
232068,1304
238377,1304
203310,1304
211533,1304
238218,1304
203439,1304
128901,1304
164661,1304
223401,1304
208491,1304
208761,1304
240939,1304
208503,1304
212448,1304
211407,1304
206811,1304
241203,1304
129264,1304
157500,1304
203724,1304
208482,1304
140277,1304
208821,1304
236775,1304
212571,1304
183921,1304
208485,1304
203301,1304
208545,1304
198522,1304
194208,1304
203517,1304
229620,1304
242442,1304
246627,1304
206364,1304
211947,1304
242232,1304
251253,1304
251643,1304
252375,1304
203142,1304
248013,1304
139272,1304
191556,1304
203106,1304
206304,1304
206952,1304
223530,1304
241026,1304
242619,1304
206748,1304
233091,1304
206412,1304
248061,1304
251106,1304
229521,1304
250947,1304
243927,1304
210813,1304
248373,1304
203058,1304
207144,1304
249216,1304
206637,1304
222306,1304
231057,1304
207087,1304
249579,1304
183387,1304
250434,1304
241305,1304
250275,1304
216495,1304
222516,1304
223782,1304
157185,1304
163101,1304
248178,1304
249930,1304
213102,1304
221331,1304
187263,1304
208479,1304
206673,1304
206979,1304
249207,1304
206856,1304
247983,1304
232029,1304
167676,1304
186327,1304
206958,1304
247956,1304
206928,1304
206355,1304
231876,1304
72117,1304
203145,1304
210843,1304
236766,1304
203646,1304
211638,1304
244041,1304
194409,1304
248301,1304
231144,1304
206868,1304
67314,1304
155271,1304
206784,1304
208758,1304
209154,1304
208488,1304
72561,1304
66918,1304
174279,1304
229263,1304
237057,1304
249342,1304
227238,1304
249486,1304
242415,1304
250668,1304
206988,1304
244680,1304
183468,1304
208206,1304
157767,1304
171702,1304
205191,1304
229737,1304
232656,1304
156063,1304
207588,1304
164631,1304
203811,1304
206634,1304
231708,1304
193911,1304
208554,1304
221409,1304
228687,1304
195249,1304
218673,1304
238032,1304
209073,1304
184710,1304
203733,1304
205665,1304
230073,1304
77484,1304
246870,1304
162603,1304
206421,1304
207330,1304
219456,1304
245631,1304
163482,1304
226623,1304
72918,1304
203256,1304
200508,1304
207114,1304
248250,1304
228315,1304
195723,1304
225480,1304
153072,1304
208515,1304
203736,1304
158274,1304
246339,1304
218061,1304
203274,1304
203532,1304
203574,1304
191238,1304
206448,1304
217752,1304
199860,1304
154506,1304
199854,1304
238827,1304
206415,1304
207105,1304
158610,1304
61935,1304
196311,1304
204654,1304
206937,1304
187743,1304
207096,1304
206823,1304
238572,1304
227616,1304
68568,1304
156486,1304
164970,1304
197799,1304
206625,1304
184713,1304
153150,1304
153402,1304
211413,1304
212640,1304
25734,1304
153642,1304
203670,1304
222750,1304
191229,1304
240912,1304
207156,1304
187395,1304
153348,1304
186882,1304
210897,1304
188100,1304
202638,1304
222225,1304
210882,1304
153204,1304
211236,1304
221151,1304
63690,1304
153600,1304
215517,1304
205905,1304
153885,1304
223389,1304
178257,1304
206076,1304
220218,1304
210633,1304
67740,1304
209880,1304
65637,1304
153999,1304
240918,1304
179436,1304
196302,1304
210615,1304
203064,1304
224787,1304
229536,1304
240990,1304
192942,1304
153024,1304
223728,1304
166002,1304
123150,1304
210585,1304
208692,1304
68496,1304
209184,1304
166599,1304
199479,1304
208812,1304
80925,1304
209793,1304
153912,1304
206646,1304
206613,1304
192768,1304
211761,1304
214968,1304
208794,1304
207498,1304
245976,1304
204774,1304
203166,1304
224280,1304
227670,1304
208116,1304
250020,1304
203868,1304
229812,1304
244731,1304
250653,1304
242505,1304
217002,1304
222843,1304
190152,1304
247548,1304
250221,1304
251085,1304
244005,1304
68676,1304
251625,1304
250629,1304
216822,1304
248796,1304
67056,1304
212595,1304
219132,1304
248871,1304
251442,1304
204717,1304
174195,1304
251169,1304
198534,1304
69060,1304
154509,1304
154665,1304
252774,1304
203727,1304
249222,1304
198873,1304
154560,1304
246915,1304
228948,1304
232788,1304
195447,1304
219450,1304
226827,1304
243546,1304
203055,1304
166005,1304
207822,1304
219420,1304
208473,1304
227829,1304
208068,1304
194601,1304
154713,1304
206514,1304
206838,1304
206763,1304
223776,1304
203511,1304
208521,1304
221196,1304
210978,1304
157080,1304
212445,1304
207267,1304
63876,1304
206991,1304
220302,1304
195582,1304
154035,1304
233427,1304
205731,1304
190113,1304
149634,1304
203784,1304
242412,1304
249981,1304
251967,1304
246618,1304
210810,1304
215247,1304
207147,1304
249081,1304
195894,1304
203661,1304
251631,1304
249294,1304
251619,1304
251382,1304
203181,1304
157710,1304
207345,1304
235842,1304
205821,1304
154494,1304
213987,1304
192756,1304
155403,1304
212505,1304
178818,1304
65067,1304
148782,1304
246963,1304
249855,1304
247986,1304
153888,1304
198792,1304
162810,1304
222621,1304
206964,1304
210441,1304
178761,1304
197676,1304
66336,1304
233961,1304
175239,1304
243789,1304
153792,1304
206484,1304
247239,1304
245826,1304
246216,1304
205995,1304
71301,1304
246150,1304
206481,1304
235380,1304
249297,1304
208881,1304
249843,1304
212433,1304
244869,1304
217872,1304
236973,1304
249411,1304
203466,1304
208080,1304
253098,1304
165126,1304
250782,1304
250749,1304
249513,1304
250344,1304
206616,1304
252210,1304
214194,1304
203118,1304
208911,1304
251493,1304
212574,1304
253335,1304
198057,1304
253191,1304
253416,1304
253464,1304
253935,1304
253998,1304
253647,1304
253677,1304
254196,1304
254400,1304
254310,1304
61899,1372
183213,1372
187101,1372
194082,1372
217848,1372
230286,1372
236226,1372
71274,1372
183195,1372
206433,1372
234297,1372
175266,1372
205959,1372
234093,1372
178830,1372
191232,1372
212748,1372
61908,1372
186174,1372
198867,1372
206940,1372
225501,1372
153303,1372
172161,1372
220269,1372
196845,1372
203175,1372
206367,1372
25749,1372
154551,1372
183573,1372
183492,1372
210168,1372
62817,1372
203820,1372
71271,1372
154245,1372
225669,1372
186657,1372
203460,1372
203790,1372
59703,1372
66777,1372
232455,1372
232827,1372
187734,1372
187797,1372
194883,1372
65631,1372
129081,1372
201852,1372
176403,1372
244380,1372
71766,1372
172503,1372
61692,1372
207828,1372
203178,1372
192159,1372
164064,1372
206376,1372
206358,1372
203232,1372
188730,1372
198882,1372
212220,1372
220728,1372
153756,1372
203796,1372
156057,1372
208341,1372
154011,1372
204780,1372
211527,1372
210186,1372
65640,1372
154275,1372
224169,1372
211524,1372
61824,1372
166128,1372
194904,1372
197529,1372
206427,1372
225393,1372
128526,1372
234156,1372
160770,1372
206760,1372
61344,1372
212232,1372
63867,1372
157224,1372
206439,1372
184863,1372
232269,1372
223518,1372
215298,1372
212469,1372
216309,1372
182565,1372
206346,1372
206406,1372
172695,1372
225012,1372
186933,1372
210393,1372
72900,1372
181860,1372
212442,1372
230091,1372
220011,1372
128901,1372
164661,1372
212448,1372
211407,1372
242442,1372
203106,1372
206952,1372
206748,1372
206412,1372
229521,1372
249216,1372
250434,1372
241305,1372
163101,1372
213102,1372
221331,1372
206979,1372
206856,1372
247983,1372
72117,1372
206868,1372
208758,1372
157767,1372
228687,1372
238032,1372
230073,1372
246870,1372
206421,1372
207114,1372
195723,1372
238827,1372
206415,1372
207096,1372
238572,1372
211413,1372
210882,1372
63690,1372
206076,1372
210615,1372
224787,1372
192942,1372
210585,1372
208692,1372
203166,1372
244731,1372
198855,1372
251442,1372
204717,1372
154665,1372
228948,1372
204189,1372
227829,1372
194601,1372
154713,1372
206763,1372
203511,1372
251619,1372
247986,1372
162810,1372
232503,1372
205995,1372
206481,1372
249159,1372
217872,1372
61899,10652
172056,10652
183213,10652
187806,10652
188787,10652
194082,10652
207222,10652
217848,10652
229527,10652
230286,10652
230331,10652
232410,10652
236115,10652
236226,10652
71274,10652
88920,10652
183195,10652
188331,10652
203502,10652
206433,10652
217782,10652
220713,10652
222906,10652
231663,10652
232035,10652
234297,10652
244404,10652
60864,10652
165717,10652
175266,10652
205959,10652
234093,10652
60888,10652
61482,10652
178230,10652
178458,10652
178830,10652
183105,10652
191232,10652
203259,10652
212211,10652
212748,10652
216981,10652
59691,10652
61908,10652
186174,10652
198867,10652
205659,10652
206940,10652
207339,10652
225501,10652
63873,10652
194229,10652
197286,10652
203700,10652
220269,10652
72483,10652
163131,10652
186990,10652
196845,10652
198573,10652
206367,10652
210678,10652
25749,10652
206772,10652
237300,10652
128502,10652
183492,10652
210168,10652
62817,10652
192771,10652
193323,10652
203820,10652
71271,10652
160029,10652
207216,10652
227988,10652
187707,10652
207078,10652
204762,10652
211950,10652
216648,10652
225669,10652
242388,10652
186657,10652
203100,10652
203460,10652
203790,10652
59703,10652
66777,10652
232455,10652
232827,10652
187734,10652
203112,10652
207102,10652
165927,10652
187797,10652
210981,10652
183489,10652
194883,10652
209622,10652
221115,10652
65631,10652
72045,10652
129081,10652
203082,10652
158742,10652
239556,10652
66378,10652
201852,10652
176403,10652
212721,10652
202959,10652
203445,10652
244380,10652
206955,10652
213114,10652
71766,10652
154098,10652
212112,10652
203775,10652
212379,10652
172503,10652
212475,10652
235191,10652
61692,10652
207828,10652
203178,10652
72558,10652
192159,10652
208806,10652
211965,10652
206349,10652
225699,10652
206376,10652
223968,10652
217293,10652
206358,10652
208572,10652
203232,10652
205728,10652
227973,10652
235299,10652
188730,10652
198882,10652
212220,10652
220728,10652
153756,10652
203133,10652
203796,10652
156057,10652
167316,10652
208341,10652
206361,10652
154011,10652
203052,10652
204780,10652
208788,10652
211527,10652
72930,10652
186177,10652
224145,10652
172704,10652
232065,10652
65640,10652
210834,10652
198210,10652
211524,10652
66465,10652
96444,10652
196722,10652
220170,10652
61824,10652
194904,10652
203322,10652
208722,10652
206427,10652
225393,10652
210114,10652
211548,10652
232404,10652
212301,10652
238293,10652
200502,10652
227310,10652
60882,10652
66843,10652
212892,10652
128526,10652
208893,10652
234156,10652
206760,10652
61344,10652
238263,10652
224526,10652
212232,10652
211476,10652
192564,10652
194388,10652
208524,10652
157224,10652
208506,10652
234129,10652
206943,10652
184863,10652
206451,10652
232269,10652
72312,10652
204411,10652
223518,10652
212469,10652
216309,10652
208566,10652
182565,10652
203268,10652
206346,10652
205662,10652
206745,10652
186438,10652
208740,10652
230028,10652
242151,10652
206847,10652
210234,10652
213513,10652
242856,10652
225012,10652
203214,10652
63582,10652
209799,10652
221526,10652
186933,10652
158016,10652
235932,10652
210393,10652
72900,10652
208347,10652
208575,10652
210690,10652
129204,10652
212442,10652
230091,10652
208518,10652
210846,10652
232068,10652
158685,10652
203310,10652
211533,10652
238218,10652
203439,10652
164661,10652
230010,10652
223401,10652
208491,10652
208761,10652
208503,10652
212448,10652
206811,10652
157500,10652
203724,10652
236775,10652
212571,10652
208485,10652
225672,10652
194208,10652
203517,10652
242442,10652
206364,10652
242232,10652
251643,10652
213885,10652
139272,10652
206952,10652
242619,10652
206748,10652
197802,10652
229521,10652
162957,10652
203058,10652
206637,10652
222306,10652
231057,10652
249579,10652
241305,10652
250275,10652
163101,10652
248178,10652
213102,10652
221331,10652
227292,10652
251829,10652
206979,10652
249207,10652
206856,10652
247983,10652
200259,10652
72117,10652
203145,10652
244041,10652
194409,10652
248301,10652
231144,10652
206868,10652
208758,10652
229263,10652
237057,10652
249342,10652
227238,10652
250668,10652
208206,10652
157767,10652
171702,10652
205191,10652
229737,10652
203280,10652
64959,10652
218673,10652
238032,10652
163044,10652
230073,10652
77484,10652
244287,10652
207330,10652
163482,10652
226623,10652
72918,10652
203256,10652
248202,10652
207114,10652
195723,10652
208515,10652
203241,10652
158274,10652
203247,10652
199860,10652
193965,10652
199854,10652
207105,10652
206823,10652
206478,10652
227616,10652
156486,10652
197799,10652
184713,10652
158766,10652
211413,10652
25734,10652
228024,10652
203670,10652
210897,10652
188100,10652
202638,10652
210882,10652
63690,10652
153885,10652
62811,10652
206076,10652
235335,10652
209880,10652
237840,10652
196302,10652
200964,10652
210615,10652
229536,10652
240990,10652
192942,10652
123150,10652
208692,10652
209184,10652
208812,10652
206646,10652
192768,10652
204375,10652
214968,10652
245976,10652
198981,10652
171684,10652
207999,10652
203166,10652
224280,10652
227670,10652
250020,10652
244731,10652
250653,10652
251625,10652
199242,10652
216822,10652
248796,10652
219132,10652
248871,10652
251442,10652
204717,10652
167364,10652
211344,10652
224211,10652
198873,10652
203454,10652
243546,10652
204189,10652
219420,10652
208473,10652
208068,10652
194601,10652
154713,10652
206763,10652
203511,10652
195582,10652
212637,10652
190113,10652
149634,10652
249981,10652
251967,10652
246618,10652
249081,10652
195894,10652
218121,10652
251631,10652
247002,10652
249294,10652
251619,10652
248706,10652
250362,10652
207345,10652
235842,10652
205821,10652
154494,10652
206343,10652
148782,10652
246963,10652
246858,10652
247986,10652
198792,10652
162810,10652
178761,10652
66336,10652
233961,10652
175239,10652
243789,10652
206484,10652
246216,10652
238611,10652
249297,10652
215112,10652
249159,10652
236973,10652
208080,10652
172008,10652
252210,10652
253557,10652
253683,10652
253866,10652
253647,10652
61899,57414
154077,57414
183213,57414
187101,57414
187806,57414
194082,57414
207222,57414
217848,57414
229527,57414
230286,57414
230331,57414
232410,57414
236115,57414
236226,57414
71274,57414
171939,57414
183195,57414
188331,57414
206433,57414
207996,57414
217782,57414
218265,57414
222906,57414
231663,57414
232035,57414
234297,57414
173940,57414
175266,57414
189045,57414
205107,57414
205959,57414
212397,57414
234093,57414
154041,57414
178230,57414
178458,57414
178830,57414
183105,57414
191232,57414
201837,57414
203259,57414
211383,57414
212748,57414
216981,57414
61908,57414
186174,57414
198867,57414
205659,57414
206940,57414
207339,57414
225501,57414
153303,57414
172161,57414
194229,57414
194790,57414
197286,57414
220269,57414
239577,57414
72483,57414
163131,57414
186990,57414
196845,57414
198573,57414
203175,57414
206367,57414
206418,57414
25749,57414
154551,57414
183573,57414
206772,57414
237300,57414
183492,57414
188637,57414
195063,57414
207150,57414
210168,57414
62817,57414
159831,57414
192771,57414
193323,57414
203820,57414
71271,57414
160029,57414
187707,57414
204795,57414
207078,57414
241824,57414
128469,57414
204762,57414
210840,57414
211950,57414
216648,57414
71409,57414
186657,57414
203460,57414
203790,57414
207243,57414
59703,57414
66777,57414
232455,57414
232827,57414
242556,57414
187734,57414
207102,57414
165927,57414
206670,57414
238689,57414
210981,57414
183489,57414
194883,57414
221115,57414
65631,57414
72045,57414
129081,57414
203082,57414
158742,57414
211806,57414
239556,57414
210816,57414
66378,57414
197595,57414
201852,57414
239247,57414
176403,57414
212721,57414
234021,57414
202959,57414
203445,57414
212775,57414
244380,57414
206955,57414
213114,57414
71766,57414
154098,57414
212112,57414
187962,57414
172503,57414
228060,57414
61692,57414
207828,57414
203178,57414
72558,57414
192159,57414
164064,57414
211965,57414
206376,57414
223968,57414
207927,57414
207366,57414
217293,57414
154113,57414
206358,57414
221751,57414
163377,57414
208572,57414
204141,57414
203232,57414
211989,57414
227973,57414
235299,57414
195507,57414
188730,57414
198882,57414
206442,57414
212220,57414
220728,57414
153756,57414
203133,57414
203796,57414
207129,57414
156057,57414
167316,57414
208341,57414
206361,57414
206667,57414
226662,57414
154011,57414
174468,57414
203052,57414
204780,57414
208788,57414
234030,57414
186177,57414
237195,57414
184950,57414
210186,57414
232065,57414
65640,57414
154275,57414
210834,57414
224169,57414
198210,57414
211524,57414
231282,57414
66465,57414
96444,57414
196722,57414
203388,57414
220170,57414
61824,57414
166128,57414
194904,57414
197529,57414
203322,57414
206427,57414
225393,57414
210114,57414
232404,57414
208350,57414
238293,57414
201798,57414
208209,57414
227310,57414
212892,57414
128526,57414
203889,57414
223554,57414
234156,57414
160770,57414
206664,57414
206760,57414
61344,57414
238263,57414
208533,57414
211476,57414
63867,57414
208524,57414
157224,57414
205122,57414
161283,57414
208506,57414
206439,57414
206943,57414
206451,57414
232269,57414
72312,57414
203073,57414
223518,57414
208872,57414
215298,57414
197034,57414
212469,57414
216309,57414
182565,57414
203268,57414
203295,57414
206346,57414
203316,57414
205662,57414
206406,57414
205740,57414
2061063,57414
206745,57414
208599,57414
229341,57414
230028,57414
242151,57414
206847,57414
210234,57414
213513,57414
181149,57414
225012,57414
203214,57414
221526,57414
154068,57414
186933,57414
158016,57414
224841,57414
235932,57414
207600,57414
210393,57414
72900,57414
208347,57414
208500,57414
208575,57414
181860,57414
129204,57414
25743,57414
212442,57414
230091,57414
129153,57414
220011,57414
210846,57414
238377,57414
203310,57414
211533,57414
238218,57414
203439,57414
128901,57414
223401,57414
208491,57414
240939,57414
212448,57414
211407,57414
206811,57414
157500,57414
192144,57414
203724,57414
236775,57414
198522,57414
194208,57414
229620,57414
242442,57414
246627,57414
206364,57414
242232,57414
251643,57414
252375,57414
203142,57414
248013,57414
139272,57414
162984,57414
191556,57414
203106,57414
206952,57414
223530,57414
242619,57414
206748,57414
229521,57414
250947,57414
248373,57414
203058,57414
207144,57414
249216,57414
206637,57414
222306,57414
231057,57414
241305,57414
250275,57414
157185,57414
163101,57414
248178,57414
249930,57414
213102,57414
221331,57414
206673,57414
206979,57414
206856,57414
247983,57414
232029,57414
200259,57414
206958,57414
247956,57414
231876,57414
72117,57414
203145,57414
203646,57414
244041,57414
231144,57414
206868,57414
208758,57414
208488,57414
72561,57414
252066,57414
237057,57414
249342,57414
227238,57414
249486,57414
206988,57414
244680,57414
157767,57414
171702,57414
205191,57414
207588,57414
203811,57414
206634,57414
166356,57414
221409,57414
218673,57414
238032,57414
203733,57414
230073,57414
77484,57414
162603,57414
206421,57414
207330,57414
233040,57414
245631,57414
72918,57414
203256,57414
200508,57414
248250,57414
195723,57414
208515,57414
203241,57414
158274,57414
203247,57414
218061,57414
203574,57414
199860,57414
199854,57414
206415,57414
207105,57414
196311,57414
187743,57414
207096,57414
206823,57414
227616,57414
206625,57414
184713,57414
153150,57414
153402,57414
211413,57414
207156,57414
186882,57414
210897,57414
188100,57414
202638,57414
210882,57414
153204,57414
221151,57414
63690,57414
153600,57414
205905,57414
153885,57414
223389,57414
206076,57414
210633,57414
209880,57414
65637,57414
196302,57414
224787,57414
229536,57414
240990,57414
192942,57414
203127,57414
223728,57414
206646,57414
192768,57414
214968,57414
245976,57414
203166,57414
224280,57414
227670,57414
208116,57414
250020,57414
229812,57414
244731,57414
250653,57414
217002,57414
190152,57414
250221,57414
251085,57414
244005,57414
68676,57414
251625,57414
199242,57414
250629,57414
198855,57414
216822,57414
219132,57414
251442,57414
248724,57414
204717,57414
198534,57414
224211,57414
69060,57414
154665,57414
252081,57414
252774,57414
203727,57414
180195,57414
198873,57414
203151,57414
199044,57414
203454,57414
219450,57414
204189,57414
166005,57414
154713,57414
206514,57414
200364,57414
223776,57414
203511,57414
208521,57414
207267,57414
154035,57414
233427,57414
190113,57414
149634,57414
249981,57414
251967,57414
215247,57414
249081,57414
203661,57414
249294,57414
249687,57414
251619,57414
205821,57414
154494,57414
192756,57414
148782,57414
246963,57414
247986,57414
206964,57414
178761,57414
66336,57414
175239,57414
243789,57414
206484,57414
246216,57414
71301,57414
246150,57414
235380,57414
245046,57414
249297,57414
249843,57414
244869,57414
207099,57414
249411,57414
165126,57414
250749,57414
249513,57414
252210,57414
252177,57414
253308,57414
253557,57414
248598,57414
253683,57414
253578,57414
253464,57414
253998,57414
254400,57414
61899,62074
183213,62074
194082,62074
206787,62074
217848,62074
230286,62074
232410,62074
236115,62074
238068,62074
203502,62074
206433,62074
207996,62074
60864,62074
165717,62074
189045,62074
205959,62074
234093,62074
178458,62074
178830,62074
191232,62074
203259,62074
212748,62074
61908,62074
186174,62074
198867,62074
205659,62074
206940,62074
225501,62074
172161,62074
194229,62074
194790,62074
197286,62074
220269,62074
72483,62074
163131,62074
196845,62074
198573,62074
206367,62074
206418,62074
25749,62074
183573,62074
206772,62074
237300,62074
183492,62074
188637,62074
207150,62074
62817,62074
192771,62074
193323,62074
203820,62074
222894,62074
207219,62074
227988,62074
234972,62074
207078,62074
241824,62074
128469,62074
179496,62074
204762,62074
210840,62074
225669,62074
186657,62074
203460,62074
207243,62074
219021,62074
59703,62074
66777,62074
232455,62074
232827,62074
187734,62074
203112,62074
207102,62074
204657,62074
206670,62074
216498,62074
238689,62074
210981,62074
183489,62074
194883,62074
129081,62074
180495,62074
203082,62074
89013,62074
61977,62074
66378,62074
197595,62074
201852,62074
239247,62074
176403,62074
234021,62074
203445,62074
244380,62074
206955,62074
213114,62074
154098,62074
172503,62074
228060,62074
207828,62074
72558,62074
192159,62074
211965,62074
206349,62074
225351,62074
206376,62074
207366,62074
206358,62074
203088,62074
203232,62074
227973,62074
235299,62074
195507,62074
201282,62074
174513,62074
188730,62074
198882,62074
212220,62074
212430,62074
220728,62074
153756,62074
203133,62074
207129,62074
156057,62074
167316,62074
208341,62074
206361,62074
206667,62074
154011,62074
203052,62074
208788,62074
211527,62074
203829,62074
237195,62074
72108,62074
184950,62074
210186,62074
210834,62074
211524,62074
96444,62074
228741,62074
166128,62074
194904,62074
206427,62074
225393,62074
210114,62074
232404,62074
212301,62074
208350,62074
238293,62074
201798,62074
128526,62074
223554,62074
234156,62074
206664,62074
206760,62074
238263,62074
208533,62074
208524,62074
157224,62074
206439,62074
157680,62074
206451,62074
232269,62074
203073,62074
223518,62074
208872,62074
212469,62074
182565,62074
203268,62074
203295,62074
206406,62074
229341,62074
186438,62074
230028,62074
242151,62074
210234,62074
64218,62074
63582,62074
207084,62074
221526,62074
186933,62074
158016,62074
207600,62074
210393,62074
72900,62074
208347,62074
208500,62074
181860,62074
212442,62074
238377,62074
211533,62074
203439,62074
164661,62074
208491,62074
212448,62074
211407,62074
206811,62074
129264,62074
157500,62074
212688,62074
229620,62074
246627,62074
206364,62074
242232,62074
203142,62074
248013,62074
206952,62074
241026,62074
242619,62074
206748,62074
206412,62074
229521,62074
249216,62074
206637,62074
222306,62074
231057,62074
249579,62074
183387,62074
250434,62074
241305,62074
250275,62074
157185,62074
163101,62074
249930,62074
213102,62074
221331,62074
206673,62074
227292,62074
206979,62074
206856,62074
247983,62074
203145,62074
236766,62074
211638,62074
206868,62074
206784,62074
209154,62074
66918,62074
229263,62074
237057,62074
249342,62074
249486,62074
242415,62074
206988,62074
244680,62074
229737,62074
203811,62074
203271,62074
238032,62074
77484,62074
206421,62074
207330,62074
245631,62074
226623,62074
72918,62074
203256,62074
195723,62074
208515,62074
158274,62074
203274,62074
199860,62074
199854,62074
206415,62074
158610,62074
207096,62074
238572,62074
227616,62074
68568,62074
164970,62074
206625,62074
211413,62074
153642,62074
207156,62074
210897,62074
211236,62074
63690,62074
153885,62074
206076,62074
209880,62074
240918,62074
196302,62074
224787,62074
192942,62074
223728,62074
166599,62074
206646,62074
192768,62074
245976,62074
224280,62074
208116,62074
203868,62074
244731,62074
250653,62074
242505,62074
222843,62074
247548,62074
250221,62074
250629,62074
248796,62074
219132,62074
251442,62074
204717,62074
198534,62074
198873,62074
203151,62074
195447,62074
203454,62074
219450,62074
227829,62074
206514,62074
223776,62074
208521,62074
205731,62074
190113,62074
249981,62074
249081,62074
251619,62074
154494,62074
212505,62074
246963,62074
247986,62074
247029,62074
197676,62074
243789,62074
246150,62074
245046,62074
249297,62074
252210,62074
214194,62074
253308,62074
251493,62074
253464,62074
253998,62074
253647,62074
61899,61542
154077,61542
176643,61542
183213,61542
194082,61542
206787,61542
207222,61542
217848,61542
230286,61542
232410,61542
236115,61542
236226,61542
238068,61542
71274,61542
88920,61542
171939,61542
183195,61542
203502,61542
206433,61542
207996,61542
217782,61542
218265,61542
232035,61542
234018,61542
234297,61542
173940,61542
175266,61542
189045,61542
205107,61542
205959,61542
212397,61542
212550,61542
234093,61542
234120,61542
60888,61542
154041,61542
164640,61542
178458,61542
178830,61542
183105,61542
183450,61542
191232,61542
191250,61542
197673,61542
201837,61542
203259,61542
211383,61542
212211,61542
212748,61542
216981,61542
59691,61542
61908,61542
186174,61542
198867,61542
205659,61542
206940,61542
207339,61542
225501,61542
227115,61542
63873,61542
153303,61542
172161,61542
194229,61542
194790,61542
197286,61542
210120,61542
220269,61542
239577,61542
72483,61542
163131,61542
186990,61542
196845,61542
198573,61542
203175,61542
206367,61542
206418,61542
210678,61542
25749,61542
154551,61542
183573,61542
206772,61542
237300,61542
183492,61542
188637,61542
188961,61542
195063,61542
207150,61542
210168,61542
238887,61542
62817,61542
192771,61542
193323,61542
203820,61542
222894,61542
71271,61542
154245,61542
160029,61542
187650,61542
207219,61542
227988,61542
67827,61542
153312,61542
204795,61542
234972,61542
207078,61542
219381,61542
241824,61542
128469,61542
179496,61542
204762,61542
210840,61542
211950,61542
216648,61542
225669,61542
71409,61542
186657,61542
203100,61542
203460,61542
203790,61542
219021,61542
59703,61542
66777,61542
232827,61542
242556,61542
187734,61542
203112,61542
207102,61542
165927,61542
198801,61542
204657,61542
206670,61542
238689,61542
187797,61542
210981,61542
183489,61542
194883,61542
221115,61542
64734,61542
65631,61542
72045,61542
129081,61542
180495,61542
158742,61542
222669,61542
161403,61542
204228,61542
211806,61542
239556,61542
210816,61542
61977,61542
66378,61542
175293,61542
197595,61542
201852,61542
239247,61542
176403,61542
212721,61542
234021,61542
202959,61542
203445,61542
212775,61542
244380,61542
206955,61542
183576,61542
211641,61542
213114,61542
71766,61542
154098,61542
201564,61542
203775,61542
187962,61542
172503,61542
212475,61542
228060,61542
61692,61542
207828,61542
203178,61542
72558,61542
192159,61542
206850,61542
164064,61542
208806,61542
172587,61542
211965,61542
206349,61542
204768,61542
225351,61542
225699,61542
198990,61542
208476,61542
206376,61542
207366,61542
217293,61542
154113,61542
206358,61542
221751,61542
244446,61542
203088,61542
163377,61542
217380,61542
208572,61542
204141,61542
203232,61542
211989,61542
205728,61542
235299,61542
195507,61542
201282,61542
243408,61542
174513,61542
188730,61542
198882,61542
212220,61542
212430,61542
220728,61542
153756,61542
177903,61542
203133,61542
203796,61542
206460,61542
207129,61542
156057,61542
167316,61542
208509,61542
158499,61542
206361,61542
206667,61542
226662,61542
154011,61542
174468,61542
203052,61542
204780,61542
208788,61542
211527,61542
234030,61542
186177,61542
203829,61542
224145,61542
237195,61542
72108,61542
184950,61542
210186,61542
232065,61542
65640,61542
154275,61542
203709,61542
224169,61542
195372,61542
198210,61542
211524,61542
231282,61542
66465,61542
96444,61542
208797,61542
196722,61542
203388,61542
196455,61542
228741,61542
61824,61542
166128,61542
194904,61542
197529,61542
203322,61542
154743,61542
206427,61542
225393,61542
210114,61542
211548,61542
232404,61542
212301,61542
194718,61542
208350,61542
238293,61542
157938,61542
200502,61542
227310,61542
203706,61542
128526,61542
203889,61542
223554,61542
234156,61542
160770,61542
206664,61542
206760,61542
61344,61542
238263,61542
224526,61542
212232,61542
208533,61542
211476,61542
63867,61542
208524,61542
157224,61542
205122,61542
161283,61542
208506,61542
175899,61542
206439,61542
157680,61542
206943,61542
184863,61542
192714,61542
206451,61542
203199,61542
203871,61542
232269,61542
72312,61542
203073,61542
223518,61542
208872,61542
215298,61542
212469,61542
239115,61542
208566,61542
166995,61542
182565,61542
203268,61542
203295,61542
206346,61542
205662,61542
206406,61542
172695,61542
205740,61542
2061063,61542
206745,61542
208599,61542
229341,61542
186438,61542
208740,61542
230028,61542
242151,61542
242571,61542
190776,61542
206847,61542
210234,61542
213513,61542
181149,61542
203214,61542
208626,61542
63582,61542
207084,61542
221526,61542
154068,61542
186933,61542
158016,61542
153309,61542
224841,61542
235932,61542
207600,61542
210393,61542
165762,61542
72900,61542
208347,61542
208500,61542
208575,61542
181860,61542
210690,61542
129204,61542
25743,61542
212442,61542
230091,61542
129153,61542
220011,61542
208518,61542
210846,61542
232068,61542
238377,61542
203310,61542
211533,61542
203439,61542
128901,61542
164661,61542
208491,61542
208761,61542
240939,61542
208503,61542
212448,61542
211407,61542
206811,61542
241203,61542
129264,61542
157500,61542
203724,61542
208482,61542
140277,61542
208821,61542
236775,61542
183921,61542
208485,61542
203301,61542
208545,61542
198522,61542
194208,61542
203517,61542
229620,61542
242442,61542
206364,61542
242232,61542
203142,61542
139272,61542
203106,61542
206304,61542
206952,61542
241026,61542
242619,61542
206748,61542
233091,61542
206412,61542
229521,61542
243927,61542
210813,61542
203058,61542
207144,61542
206637,61542
222306,61542
231057,61542
183387,61542
241305,61542
216495,61542
222516,61542
223782,61542
157185,61542
163101,61542
213102,61542
221331,61542
187263,61542
208479,61542
206673,61542
206979,61542
206856,61542
232029,61542
186327,61542
206958,61542
206928,61542
206355,61542
72117,61542
203145,61542
210843,61542
236766,61542
211638,61542
244041,61542
206868,61542
155271,61542
206784,61542
208488,61542
72561,61542
66918,61542
229263,61542
227238,61542
206988,61542
244680,61542
183468,61542
208206,61542
157767,61542
171702,61542
205191,61542
229737,61542
232656,61542
156063,61542
207588,61542
203811,61542
206634,61542
231708,61542
193911,61542
208554,61542
221409,61542
195249,61542
218673,61542
238032,61542
209073,61542
184710,61542
203733,61542
205665,61542
230073,61542
77484,61542
246870,61542
162603,61542
207330,61542
219456,61542
245631,61542
226623,61542
72918,61542
203256,61542
200508,61542
207114,61542
228315,61542
195723,61542
225480,61542
153072,61542
208515,61542
203736,61542
158274,61542
218061,61542
203274,61542
203532,61542
203574,61542
191238,61542
206448,61542
217752,61542
199860,61542
154506,61542
199854,61542
238827,61542
206415,61542
207105,61542
61935,61542
196311,61542
204654,61542
206937,61542
187743,61542
207096,61542
206823,61542
238572,61542
227616,61542
68568,61542
156486,61542
164970,61542
206625,61542
184713,61542
153150,61542
153402,61542
211413,61542
212640,61542
25734,61542
153642,61542
203670,61542
222750,61542
191229,61542
240912,61542
207156,61542
187395,61542
186882,61542
188100,61542
202638,61542
210882,61542
153204,61542
211236,61542
221151,61542
63690,61542
215517,61542
205905,61542
153885,61542
223389,61542
178257,61542
206076,61542
220218,61542
210633,61542
67740,61542
209880,61542
65637,61542
153999,61542
240918,61542
179436,61542
196302,61542
210615,61542
224787,61542
240990,61542
192942,61542
153024,61542
223728,61542
166002,61542
123150,61542
210585,61542
208692,61542
68496,61542
209184,61542
166599,61542
199479,61542
208812,61542
80925,61542
209793,61542
153912,61542
206646,61542
206613,61542
192768,61542
211761,61542
214968,61542
208794,61542
207498,61542
204774,61542
203166,61542
224280,61542
227670,61542
203868,61542
229812,61542
244731,61542
242505,61542
217002,61542
222843,61542
190152,61542
68676,61542
216822,61542
67056,61542
219132,61542
69060,61542
154509,61542
154665,61542
203727,61542
198873,61542
154560,61542
228948,61542
232788,61542
219450,61542
207123,61542
226827,61542
243546,61542
203055,61542
166005,61542
219420,61542
208473,61542
227829,61542
208068,61542
194601,61542
154713,61542
206514,61542
206838,61542
206763,61542
223776,61542
203511,61542
208521,61542
221196,61542
210978,61542
157080,61542
207267,61542
63876,61542
206991,61542
220302,61542
195582,61542
154035,61542
205731,61542
149634,61542
203784,61542
242412,61542
210810,61542
195894,61542
203661,61542
203181,61542
157710,61542
205821,61542
154494,61542
213987,61542
192756,61542
155403,61542
212505,61542
65067,61542
148782,61542
153888,61542
198792,61542
162810,61542
222621,61542
206964,61542
210441,61542
178761,61542
197676,61542
66336,61542
233961,61542
175239,61542
243789,61542
206484,61542
205995,61542
71301,61542
216366,61542
238611,61542
215985,61542
61629,61542
244869,61542
217872,61542
208080,61542
206616,61542
164337,49888
172056,49888
188787,49888
217848,49888
232410,49888
236115,49888
171939,49888
188331,49888
207996,49888
222906,49888
232035,49888
234297,49888
205959,49888
212550,49888
234093,49888
61482,49888
183105,49888
203259,49888
225501,49888
203700,49888
72483,49888
198573,49888
206418,49888
210678,49888
154551,49888
201522,49888
206772,49888
237300,49888
128502,49888
210168,49888
193323,49888
203820,49888
207216,49888
187707,49888
234972,49888
211950,49888
203790,49888
66777,49888
232455,49888
242556,49888
203112,49888
165927,49888
216498,49888
221115,49888
72045,49888
129081,49888
203082,49888
61977,49888
176403,49888
202959,49888
206955,49888
71766,49888
201564,49888
212475,49888
235191,49888
207828,49888
203178,49888
208476,49888
223968,49888
221751,49888
231162,49888
235299,49888
188730,49888
194424,49888
203133,49888
208341,49888
158499,49888
206361,49888
206667,49888
226662,49888
208788,49888
211527,49888
186177,49888
224145,49888
210186,49888
231282,49888
239592,49888
208722,49888
210114,49888
211548,49888
212301,49888
60882,49888
128526,49888
223554,49888
234156,49888
224526,49888
211476,49888
128700,49888
192564,49888
206943,49888
206451,49888
232269,49888
223518,49888
182565,49888
203295,49888
229341,49888
242151,49888
210234,49888
225012,49888
208626,49888
207084,49888
209799,49888
221526,49888
165762,49888
208575,49888
129204,49888
25743,49888
212442,49888
220011,49888
238377,49888
208503,49888
157500,49888
208821,49888
236775,49888
225672,49888
212337,49888
206364,49888
252375,49888
248013,49888
203106,49888
206952,49888
242619,49888
229521,49888
162957,49888
203058,49888
249216,49888
206637,49888
222306,49888
250275,49888
227292,49888
247983,49888
200259,49888
203145,49888
203646,49888
231144,49888
237057,49888
249342,49888
244680,49888
171702,49888
203184,49888
162603,49888
206421,49888
163482,49888
203256,49888
195723,49888
208515,49888
203241,49888
193965,49888
199854,49888
238827,49888
212640,49888
186882,49888
188100,49888
210882,49888
63690,49888
153885,49888
237840,49888
200964,49888
223728,49888
123150,49888
208812,49888
206613,49888
204375,49888
198981,49888
207999,49888
203166,49888
224280,49888
250020,49888
250653,49888
251085,49888
248796,49888
212595,49888
251442,49888
204717,49888
167364,49888
224211,49888
203151,49888
243546,49888
208473,49888
206763,49888
223776,49888
195378,49888
228564,49888
220302,49888
212637,49888
246618,49888
195894,49888
251631,49888
249294,49888
246963,49888
246858,49888
162810,49888
210441,49888
178761,49888
205947,49888
66336,49888
222759,49888
243789,49888
206484,49888
238611,49888
215985,49888
61629,49888
236973,49888
240924,49888
165126,49888
61899,35846
183213,35846
206787,35846
71274,35846
188331,35846
203502,35846
207996,35846
217782,35846
220713,35846
60864,35846
175266,35846
205959,35846
183105,35846
191232,35846
197673,35846
203259,35846
212748,35846
61908,35846
186174,35846
205659,35846
206940,35846
207339,35846
225501,35846
194229,35846
197286,35846
220269,35846
196845,35846
203175,35846
206367,35846
206418,35846
25749,35846
206772,35846
128502,35846
188637,35846
62817,35846
203820,35846
222894,35846
71271,35846
234972,35846
203094,35846
204762,35846
211950,35846
225669,35846
203790,35846
59703,35846
232455,35846
242430,35846
207102,35846
206670,35846
210981,35846
194883,35846
129081,35846
203082,35846
210816,35846
176403,35846
203445,35846
206955,35846
213114,35846
228060,35846
61692,35846
207828,35846
203178,35846
72558,35846
208806,35846
172587,35846
211965,35846
206349,35846
198990,35846
208476,35846
206358,35846
206496,35846
204141,35846
195507,35846
198882,35846
212220,35846
220728,35846
153756,35846
206667,35846
211527,35846
186177,35846
232065,35846
65640,35846
203709,35846
211524,35846
66465,35846
61824,35846
206427,35846
225393,35846
212301,35846
194718,35846
208350,35846
200502,35846
66843,35846
203706,35846
128526,35846
239217,35846
206664,35846
206760,35846
61344,35846
211476,35846
157224,35846
204771,35846
184863,35846
204411,35846
203073,35846
208872,35846
212469,35846
166995,35846
182565,35846
206745,35846
208599,35846
229341,35846
186438,35846
206847,35846
208626,35846
221526,35846
186933,35846
153309,35846
207600,35846
210393,35846
165762,35846
208500,35846
208575,35846
25743,35846
212442,35846
129153,35846
203439,35846
230010,35846
208491,35846
211407,35846
206811,35846
129264,35846
192144,35846
203724,35846
208482,35846
207390,35846
194208,35846
203517,35846
246627,35846
242232,35846
251643,35846
162984,35846
203106,35846
206952,35846
206748,35846
162957,35846
203058,35846
207240,35846
250275,35846
59700,35846
206979,35846
206856,35846
247983,35846
247956,35846
210843,35846
194409,35846
206868,35846
206784,35846
208758,35846
208488,35846
249342,35846
206988,35846
244680,35846
229737,35846
232656,35846
203184,35846
184710,35846
77484,35846
246870,35846
207330,35846
203256,35846
207114,35846
208515,35846
203574,35846
199854,35846
206937,35846
206823,35846
238572,35846
227616,35846
156486,35846
184713,35846
187395,35846
215517,35846
153999,35846
210615,35846
192942,35846
209793,35846
204375,35846
208794,35846
245976,35846
244731,35846
250221,35846
68676,35846
212595,35846
219132,35846
251442,35846
228948,35846
203454,35846
219450,35846
226827,35846
207822,35846
206514,35846
206838,35846
221196,35846
157080,35846
206799,35846
207267,35846
220302,35846
195582,35846
246618,35846
251619,35846
203181,35846
155403,35846
162810,35846
206484,35846
216366,35846
252210,35846
252177,35846
208911,35846
253464,35846
253677,35846
254400,35846
61899,30500
154077,30500
183213,30500
187806,30500
188787,30500
194082,30500
207222,30500
217848,30500
229527,30500
230286,30500
232410,30500
236115,30500
236226,30500
70890,30500
71274,30500
88920,30500
183195,30500
188331,30500
203502,30500
206433,30500
207996,30500
217782,30500
220713,30500
222906,30500
232035,30500
234297,30500
244404,30500
173940,30500
189045,30500
205959,30500
234093,30500
60888,30500
61482,30500
154041,30500
172419,30500
178230,30500
178458,30500
178830,30500
183105,30500
191232,30500
197673,30500
201837,30500
203259,30500
211383,30500
212211,30500
212748,30500
59691,30500
61908,30500
186174,30500
205659,30500
206940,30500
207339,30500
225501,30500
194229,30500
197286,30500
203700,30500
220269,30500
239577,30500
72483,30500
163131,30500
186990,30500
196845,30500
198573,30500
203175,30500
206367,30500
206418,30500
210678,30500
25749,30500
154551,30500
206772,30500
237300,30500
128502,30500
183492,30500
188637,30500
207150,30500
210168,30500
62817,30500
192771,30500
193323,30500
222894,30500
71271,30500
160029,30500
207216,30500
187707,30500
204795,30500
207078,30500
219381,30500
241824,30500
128469,30500
204762,30500
211950,30500
216648,30500
242388,30500
186657,30500
203100,30500
203460,30500
203790,30500
66777,30500
232455,30500
232827,30500
242430,30500
242556,30500
187734,30500
203112,30500
207102,30500
165927,30500
206670,30500
187797,30500
210981,30500
183489,30500
194883,30500
209622,30500
221115,30500
65631,30500
155481,30500
229539,30500
72045,30500
129081,30500
158742,30500
211806,30500
239556,30500
89013,30500
210816,30500
61977,30500
66378,30500
201852,30500
239247,30500
176403,30500
212721,30500
234021,30500
202959,30500
203445,30500
244380,30500
206955,30500
211641,30500
213114,30500
71766,30500
154098,30500
187659,30500
201564,30500
212112,30500
212379,30500
187962,30500
172503,30500
212475,30500
228060,30500
235191,30500
207828,30500
72558,30500
192159,30500
208806,30500
211965,30500
206349,30500
225699,30500
208476,30500
206376,30500
223968,30500
207927,30500
207366,30500
154113,30500
206496,30500
221751,30500
208572,30500
231162,30500
211989,30500
227973,30500
235299,30500
195507,30500
201282,30500
243408,30500
188730,30500
198882,30500
206442,30500
212220,30500
220728,30500
153756,30500
203133,30500
203796,30500
206460,30500
207129,30500
156057,30500
167316,30500
208341,30500
206361,30500
206667,30500
61215,30500
154011,30500
203052,30500
204780,30500
208788,30500
211527,30500
234030,30500
72930,30500
186177,30500
203829,30500
224145,30500
172704,30500
210186,30500
232065,30500
65640,30500
161667,30500
198210,30500
211524,30500
231282,30500
66465,30500
96444,30500
155085,30500
239592,30500
196722,30500
203388,30500
220170,30500
196455,30500
228741,30500
61824,30500
194904,30500
197529,30500
203322,30500
208722,30500
206427,30500
225393,30500
210114,30500
211548,30500
232404,30500
212301,30500
194718,30500
238293,30500
200502,30500
227310,30500
60882,30500
66843,30500
212892,30500
128526,30500
203889,30500
208893,30500
223554,30500
234156,30500
160770,30500
206664,30500
206760,30500
61344,30500
238263,30500
206607,30500
224526,30500
208533,30500
192564,30500
194388,30500
63867,30500
208524,30500
157224,30500
205122,30500
208506,30500
206439,30500
234129,30500
206943,30500
184863,30500
206451,30500
232269,30500
72312,30500
204411,30500
223518,30500
208872,30500
215298,30500
197034,30500
212469,30500
216309,30500
182565,30500
203268,30500
153960,30500
206346,30500
203316,30500
205662,30500
206406,30500
172695,30500
205740,30500
2061063,30500
206745,30500
229341,30500
186438,30500
208740,30500
230028,30500
242151,30500
242571,30500
206847,30500
210234,30500
213513,30500
242856,30500
225012,30500
208626,30500
63582,30500
209799,30500
221526,30500
154068,30500
186933,30500
208536,30500
235932,30500
210393,30500
72900,30500
208500,30500
208575,30500
181860,30500
210690,30500
129204,30500
212442,30500
230091,30500
129153,30500
220011,30500
210846,30500
232068,30500
238377,30500
158685,30500
203310,30500
211533,30500
238218,30500
203439,30500
128901,30500
164661,30500
230010,30500
208491,30500
208761,30500
240939,30500
208503,30500
212448,30500
211407,30500
206811,30500
157500,30500
203724,30500
208482,30500
236775,30500
212571,30500
208485,30500
225672,30500
203301,30500
208545,30500
212337,30500
207390,30500
198522,30500
194208,30500
203517,30500
229620,30500
242442,30500
246627,30500
206364,30500
242232,30500
252375,30500
203142,30500
213885,30500
248013,30500
139272,30500
162984,30500
203106,30500
206952,30500
223530,30500
242619,30500
206748,30500
197802,30500
206412,30500
251106,30500
229521,30500
250947,30500
248373,30500
203058,30500
249216,30500
206637,30500
222306,30500
231057,30500
208899,30500
246099,30500
183387,30500
241305,30500
250275,30500
163101,30500
248178,30500
213102,30500
221331,30500
208479,30500
206673,30500
227292,30500
251829,30500
206979,30500
206856,30500
247983,30500
232029,30500
200259,30500
231876,30500
72117,30500
210843,30500
236766,30500
211638,30500
244041,30500
248301,30500
231144,30500
206868,30500
206784,30500
208758,30500
209154,30500
208488,30500
229263,30500
237057,30500
249342,30500
249486,30500
250668,30500
206988,30500
244680,30500
183468,30500
157767,30500
171702,30500
205191,30500
203184,30500
228687,30500
64959,30500
238032,30500
163044,30500
184710,30500
230073,30500
77484,30500
244287,30500
162603,30500
206421,30500
219456,30500
163482,30500
203256,30500
248202,30500
207114,30500
195723,30500
244878,30500
208515,30500
203241,30500
203736,30500
158274,30500
203532,30500
203574,30500
206448,30500
217752,30500
233814,30500
199860,30500
193965,30500
199854,30500
206937,30500
207096,30500
206823,30500
238572,30500
227616,30500
156486,30500
197799,30500
206625,30500
184713,30500
153402,30500
158766,30500
211413,30500
212640,30500
25734,30500
228024,30500
191229,30500
207156,30500
153348,30500
186882,30500
188100,30500
210882,30500
153204,30500
211236,30500
221151,30500
63690,30500
205905,30500
62811,30500
206076,30500
207582,30500
235335,30500
65637,30500
237840,30500
65058,30500
196302,30500
200964,30500
210615,30500
224787,30500
229536,30500
240990,30500
192942,30500
203127,30500
223728,30500
166002,30500
208692,30500
208812,30500
80925,30500
206646,30500
206613,30500
204375,30500
214968,30500
207498,30500
198981,30500
203166,30500
211542,30500
224280,30500
227670,30500
250020,30500
244731,30500
250653,30500
217002,30500
222843,30500
190152,30500
250221,30500
251085,30500
68676,30500
251625,30500
199242,30500
250629,30500
216822,30500
248796,30500
248871,30500
251442,30500
204717,30500
211344,30500
198534,30500
224211,30500
69060,30500
252774,30500
203727,30500
249222,30500
198873,30500
247134,30500
203454,30500
219450,30500
226827,30500
243546,30500
204189,30500
219420,30500
208068,30500
194601,30500
154713,30500
206514,30500
206838,30500
206763,30500
223776,30500
203511,30500
208521,30500
221196,30500
228564,30500
220302,30500
185817,30500
244065,30500
212637,30500
190113,30500
149634,30500
242412,30500
249981,30500
251967,30500
246618,30500
215247,30500
207147,30500
249081,30500
218121,30500
203661,30500
251631,30500
247002,30500
249294,30500
249687,30500
247962,30500
251619,30500
248706,30500
250362,30500
207345,30500
205821,30500
206343,30500
192756,30500
155403,30500
148782,30500
246963,30500
246858,30500
247986,30500
162810,30500
206964,30500
178761,30500
204054,30500
66336,30500
222759,30500
175239,30500
243789,30500
206484,30500
206457,30500
162960,30500
232503,30500
246216,30500
71301,30500
206481,30500
246987,30500
235380,30500
245046,30500
208881,30500
215985,30500
215112,30500
249159,30500
244869,30500
249411,30500
253098,30500
249795,30500
172008,30500
243081,30500
251202,30500
251493,30500
253557,30500
212574,30500
253053,30500
253866,30500
253935,30500
254436,30500
61899,50716
164337,50716
172056,50716
183213,50716
187806,50716
188787,50716
194082,50716
206787,50716
207222,50716
217848,50716
229527,50716
230286,50716
230331,50716
232410,50716
236115,50716
236226,50716
238068,50716
70890,50716
71274,50716
88920,50716
171939,50716
183195,50716
188331,50716
203502,50716
206433,50716
207996,50716
217782,50716
220713,50716
222906,50716
231663,50716
232035,50716
234018,50716
234297,50716
244404,50716
60864,50716
165717,50716
173940,50716
175266,50716
189045,50716
205959,50716
212397,50716
212550,50716
234093,50716
60888,50716
61482,50716
178230,50716
178458,50716
178830,50716
183105,50716
191232,50716
197673,50716
203259,50716
211383,50716
212211,50716
212748,50716
59691,50716
61908,50716
186174,50716
198867,50716
205659,50716
206940,50716
207339,50716
225501,50716
227115,50716
172161,50716
194229,50716
197286,50716
203700,50716
220269,50716
239577,50716
72483,50716
163131,50716
186990,50716
196845,50716
198573,50716
203175,50716
206367,50716
206418,50716
210678,50716
25749,50716
154551,50716
206772,50716
237300,50716
128502,50716
183492,50716
195063,50716
210168,50716
62817,50716
192771,50716
193323,50716
203820,50716
71271,50716
160029,50716
207216,50716
227988,50716
187707,50716
204795,50716
234972,50716
207078,50716
241824,50716
128469,50716
204762,50716
211950,50716
216648,50716
225669,50716
242388,50716
186657,50716
203100,50716
203460,50716
203790,50716
59703,50716
66777,50716
232455,50716
232827,50716
242556,50716
187734,50716
203112,50716
207102,50716
165927,50716
206670,50716
216498,50716
187797,50716
210981,50716
183489,50716
194883,50716
209622,50716
221115,50716
229539,50716
72045,50716
129081,50716
158742,50716
222669,50716
211806,50716
239556,50716
210816,50716
66378,50716
201852,50716
176403,50716
212721,50716
234021,50716
202959,50716
203445,50716
244380,50716
206955,50716
213114,50716
71766,50716
201564,50716
212112,50716
212379,50716
187962,50716
172503,50716
228060,50716
235191,50716
61692,50716
207828,50716
203178,50716
72558,50716
192159,50716
206850,50716
164064,50716
208806,50716
211965,50716
225699,50716
198990,50716
208476,50716
206376,50716
223968,50716
217293,50716
154113,50716
206358,50716
206496,50716
203088,50716
163377,50716
208572,50716
231162,50716
203232,50716
205728,50716
227973,50716
235299,50716
195507,50716
243408,50716
188730,50716
198882,50716
206442,50716
212220,50716
220728,50716
153756,50716
194424,50716
203133,50716
203796,50716
207129,50716
156057,50716
167316,50716
208341,50716
158499,50716
206361,50716
206667,50716
226662,50716
154011,50716
203052,50716
204780,50716
208788,50716
211527,50716
72930,50716
186177,50716
224145,50716
237195,50716
172704,50716
72108,50716
184950,50716
210186,50716
232065,50716
65640,50716
210834,50716
195372,50716
198210,50716
211524,50716
231282,50716
66465,50716
96444,50716
208797,50716
196722,50716
203388,50716
220170,50716
196455,50716
61824,50716
194904,50716
197529,50716
203322,50716
208722,50716
206427,50716
225393,50716
210114,50716
211548,50716
232404,50716
212301,50716
194718,50716
208350,50716
238293,50716
200502,50716
208590,50716
208209,50716
227310,50716
60882,50716
66843,50716
212892,50716
128526,50716
203889,50716
208893,50716
223554,50716
234156,50716
239217,50716
160770,50716
206664,50716
206760,50716
61344,50716
238263,50716
206607,50716
224526,50716
212232,50716
208533,50716
211476,50716
192564,50716
63867,50716
208524,50716
157224,50716
204771,50716
205122,50716
161283,50716
208506,50716
206439,50716
206943,50716
184863,50716
206451,50716
208539,50716
232269,50716
72312,50716
204411,50716
209520,50716
223518,50716
208872,50716
215298,50716
197034,50716
212469,50716
216309,50716
182565,50716
203268,50716
203295,50716
206346,50716
203316,50716
205662,50716
206406,50716
172695,50716
205740,50716
2061063,50716
206745,50716
229341,50716
186438,50716
208740,50716
230028,50716
242151,50716
242571,50716
190776,50716
206847,50716
210234,50716
213513,50716
242856,50716
225012,50716
203214,50716
208626,50716
63582,50716
209799,50716
221526,50716
154068,50716
186933,50716
158016,50716
208536,50716
235932,50716
210393,50716
165762,50716
72900,50716
208347,50716
208500,50716
208575,50716
181860,50716
210690,50716
129204,50716
25743,50716
212442,50716
230091,50716
129153,50716
220011,50716
208518,50716
210846,50716
232068,50716
238377,50716
158685,50716
203310,50716
211533,50716
238218,50716
203439,50716
128901,50716
164661,50716
223401,50716
208491,50716
208761,50716
240939,50716
208503,50716
212448,50716
206811,50716
157500,50716
192144,50716
203724,50716
208482,50716
208821,50716
236775,50716
212571,50716
183921,50716
212688,50716
208485,50716
225672,50716
203301,50716
208545,50716
212337,50716
207390,50716
194208,50716
229620,50716
242442,50716
246627,50716
206364,50716
211947,50716
242232,50716
251643,50716
203142,50716
213885,50716
248013,50716
139272,50716
162984,50716
191556,50716
203106,50716
206952,50716
241026,50716
242619,50716
206748,50716
197802,50716
251106,50716
229521,50716
250947,50716
162957,50716
248373,50716
203058,50716
249216,50716
206637,50716
222306,50716
231057,50716
241305,50716
163101,50716
248178,50716
249930,50716
213102,50716
221331,50716
206673,50716
227292,50716
251829,50716
206979,50716
249207,50716
206856,50716
247983,50716
200259,50716
167676,50716
206958,50716
247956,50716
231876,50716
72117,50716
203145,50716
210843,50716
236766,50716
244041,50716
194409,50716
248301,50716
231144,50716
206868,50716
208758,50716
208488,50716
237057,50716
249342,50716
249486,50716
206988,50716
244680,50716
183468,50716
157767,50716
171702,50716
205191,50716
203184,50716
221610,50716
203811,50716
228687,50716
64959,50716
218673,50716
238032,50716
203733,50716
205665,50716
230073,50716
77484,50716
244287,50716
162603,50716
206421,50716
207330,50716
245631,50716
163482,50716
226623,50716
72918,50716
203256,50716
248202,50716
248250,50716
195723,50716
244878,50716
208515,50716
203241,50716
158274,50716
246339,50716
203532,50716
203574,50716
206448,50716
217752,50716
199860,50716
199854,50716
238827,50716
206415,50716
207105,50716
158610,50716
196311,50716
206937,50716
207096,50716
206823,50716
238572,50716
206478,50716
227616,50716
68568,50716
156486,50716
197799,50716
206625,50716
184713,50716
158766,50716
211413,50716
212640,50716
228024,50716
222750,50716
207156,50716
187395,50716
186882,50716
188100,50716
202638,50716
210882,50716
221151,50716
63690,50716
205905,50716
153885,50716
62811,50716
181203,50716
206076,50716
210633,50716
235335,50716
237840,50716
65058,50716
196302,50716
200964,50716
210615,50716
224787,50716
240990,50716
192942,50716
203127,50716
223728,50716
166002,50716
208692,50716
209184,50716
166599,50716
208812,50716
80925,50716
209793,50716
206646,50716
206613,50716
204375,50716
214968,50716
245976,50716
198981,50716
95988,50716
171684,50716
207999,50716
203166,50716
224280,50716
227670,50716
208116,50716
250020,50716
244731,50716
250653,50716
217002,50716
190152,50716
247548,50716
250221,50716
251085,50716
68676,50716
199242,50716
216822,50716
248796,50716
212595,50716
219132,50716
248871,50716
251442,50716
248724,50716
204717,50716
167364,50716
198534,50716
224211,50716
252081,50716
252774,50716
203727,50716
198873,50716
203151,50716
247134,50716
232788,50716
203454,50716
219450,50716
226827,50716
243546,50716
204189,50716
166005,50716
219231,50716
207822,50716
219420,50716
208473,50716
227829,50716
194601,50716
154713,50716
206514,50716
206838,50716
206763,50716
200364,50716
223776,50716
203511,50716
195378,50716
208617,50716
208521,50716
212445,50716
220302,50716
195582,50716
185817,50716
212637,50716
212235,50716
190113,50716
149634,50716
242412,50716
249981,50716
246618,50716
215247,50716
249081,50716
195894,50716
218121,50716
203661,50716
251631,50716
226140,50716
247002,50716
249294,50716
249687,50716
247962,50716
251619,50716
248706,50716
250362,50716
207345,50716
235842,50716
205821,50716
206343,50716
192756,50716
155403,50716
148782,50716
246963,50716
246858,50716
247986,50716
162810,50716
178761,50716
204054,50716
66336,50716
233961,50716
222759,50716
251766,50716
175239,50716
243789,50716
153792,50716
206484,50716
162960,50716
232503,50716
246216,50716
71301,50716
206481,50716
216366,50716
246987,50716
235380,50716
238611,50716
249297,50716
208881,50716
208560,50716
215985,50716
215112,50716
61629,50716
212433,50716
244869,50716
236973,50716
207099,50716
249411,50716
240924,50716
165126,50716
250749,50716
249795,50716
172008,50716
249513,50716
243081,50716
252210,50716
252177,50716
251202,50716
61899,60522
183213,60522
187806,60522
217848,60522
229527,60522
236115,60522
183195,60522
188331,60522
217782,60522
61482,60522
178458,60522
178830,60522
183105,60522
186174,60522
206940,60522
194229,60522
197286,60522
220269,60522
196845,60522
25749,60522
201522,60522
62817,60522
187707,60522
242388,60522
194883,60522
201852,60522
176403,60522
213114,60522
206376,60522
188730,60522
212220,60522
156057,60522
211527,60522
210186,60522
210834,60522
225393,60522
210114,60522
206760,60522
212232,60522
206346,60522
230091,60522
208761,60522
203724,60522
229620,60522
242442,60522
206952,60522
206748,60522
207087,60522
183387,60522
231144,60522
244287,60522
199854,60522
200964,60522
244731,60522
211344,60522
194601,60522
162810,60522
206481,60522
163032,60522
61899,60978
154077,60978
172056,60978
183213,60978
187806,60978
188787,60978
194082,60978
207222,60978
217848,60978
229527,60978
230286,60978
230331,60978
232410,60978
236115,60978
236226,60978
56868,60978
71274,60978
88920,60978
171939,60978
183195,60978
188331,60978
203502,60978
206433,60978
207996,60978
217782,60978
220713,60978
222906,60978
231663,60978
232035,60978
234018,60978
60864,60978
165717,60978
175266,60978
189045,60978
234093,60978
60888,60978
61482,60978
178230,60978
178458,60978
178830,60978
183105,60978
191232,60978
197673,60978
203259,60978
211383,60978
212211,60978
212748,60978
59691,60978
61908,60978
186174,60978
198867,60978
205659,60978
206940,60978
207339,60978
225501,60978
227115,60978
172161,60978
194229,60978
197286,60978
203700,60978
220269,60978
72483,60978
163131,60978
196845,60978
198573,60978
203175,60978
206418,60978
210678,60978
25749,60978
154551,60978
206772,60978
237300,60978
128502,60978
183492,60978
195063,60978
210168,60978
62817,60978
192771,60978
193323,60978
71271,60978
160029,60978
207216,60978
227988,60978
187707,60978
204795,60978
234972,60978
204762,60978
211950,60978
216648,60978
186657,60978
203100,60978
203460,60978
203790,60978
59703,60978
66777,60978
191892,60978
232455,60978
232827,60978
203112,60978
207102,60978
165927,60978
216498,60978
238689,60978
187797,60978
210981,60978
183489,60978
209622,60978
221115,60978
65631,60978
72045,60978
129081,60978
222669,60978
211806,60978
210816,60978
66378,60978
201852,60978
176403,60978
212721,60978
234021,60978
206955,60978
213114,60978
71766,60978
201564,60978
212112,60978
212379,60978
187962,60978
172503,60978
228060,60978
235191,60978
61692,60978
207828,60978
203178,60978
72558,60978
192159,60978
206850,60978
164064,60978
208806,60978
211965,60978
206349,60978
225699,60978
208476,60978
206376,60978
206496,60978
208572,60978
231162,60978
203232,60978
211989,60978
227973,60978
195507,60978
188730,60978
198882,60978
220728,60978
153756,60978
194424,60978
203133,60978
203796,60978
207129,60978
156057,60978
167316,60978
208341,60978
158499,60978
206361,60978
206667,60978
226662,60978
154011,60978
203052,60978
204780,60978
208788,60978
211527,60978
211749,60978
72930,60978
186177,60978
224145,60978
237195,60978
172704,60978
184950,60978
210186,60978
232065,60978
65640,60978
210834,60978
195372,60978
211524,60978
231282,60978
66465,60978
96444,60978
239592,60978
220170,60978
196455,60978
61824,60978
194904,60978
197529,60978
203322,60978
208722,60978
206427,60978
225393,60978
206697,60978
210114,60978
211548,60978
232404,60978
212301,60978
238293,60978
200502,60978
208590,60978
227310,60978
60882,60978
66843,60978
128526,60978
203889,60978
208893,60978
234156,60978
239217,60978
160770,60978
206664,60978
206760,60978
61344,60978
238263,60978
206607,60978
224526,60978
212232,60978
211476,60978
192564,60978
63867,60978
208524,60978
204771,60978
205122,60978
206439,60978
206943,60978
184863,60978
206451,60978
232269,60978
72312,60978
223518,60978
208872,60978
215298,60978
197034,60978
212469,60978
216309,60978
182565,60978
203268,60978
203295,60978
206346,60978
203316,60978
205662,60978
206406,60978
172695,60978
2061063,60978
206745,60978
229341,60978
186438,60978
208740,60978
230028,60978
206847,60978
210234,60978
203214,60978
208626,60978
63582,60978
207084,60978
209799,60978
221526,60978
154068,60978
186933,60978
158016,60978
210393,60978
165762,60978
72900,60978
208347,60978
208500,60978
208575,60978
181860,60978
210690,60978
25743,60978
212442,60978
230091,60978
129153,60978
208518,60978
210846,60978
232068,60978
238377,60978
203310,60978
211533,60978
203439,60978
128901,60978
230010,60978
208491,60978
208761,60978
240939,60978
208503,60978
212448,60978
129264,60978
157500,60978
203724,60978
208482,60978
208821,60978
236775,60978
212571,60978
208485,60978
225672,60978
203301,60978
208545,60978
212337,60978
207390,60978
203517,60978
229620,60978
206364,60978
203142,60978
213885,60978
139272,60978
203106,60978
206952,60978
223530,60978
241026,60978
206748,60978
197802,60978
229521,60978
203058,60978
206637,60978
222306,60978
231057,60978
163101,60978
213102,60978
221331,60978
206673,60978
227292,60978
206979,60978
231876,60978
72117,60978
203145,60978
203646,60978
194409,60978
231144,60978
206868,60978
208758,60978
208488,60978
206988,60978
183468,60978
157767,60978
205191,60978
233163,60978
207588,60978
221610,60978
228687,60978
64959,60978
238032,60978
203733,60978
230073,60978
77484,60978
162603,60978
163482,60978
226623,60978
72918,60978
203256,60978
195723,60978
203241,60978
203532,60978
203574,60978
199860,60978
199854,60978
206415,60978
206937,60978
238572,60978
206478,60978
68568,60978
156486,60978
197799,60978
206625,60978
184713,60978
158766,60978
211413,60978
212640,60978
25734,60978
228024,60978
186882,60978
188100,60978
222225,60978
210882,60978
63690,60978
205905,60978
153885,60978
206076,60978
235335,60978
196302,60978
200964,60978
210615,60978
224787,60978
192942,60978
223728,60978
166002,60978
210585,60978
208692,60978
209184,60978
208812,60978
80925,60978
209793,60978
206646,60978
206613,60978
211761,60978
204375,60978
198981,60978
171684,60978
207999,60978
203166,60978
224280,60978
227670,60978
229812,60978
190152,60978
199242,60978
167364,60978
69060,60978
198873,60978
203454,60978
226827,60978
204189,60978
166005,60978
219231,60978
219420,60978
208473,60978
194601,60978
206514,60978
200364,60978
203511,60978
195378,60978
208617,60978
208521,60978
212445,60978
207267,60978
206991,60978
228564,60978
220302,60978
185817,60978
212235,60978
149634,60978
215247,60978
195894,60978
203661,60978
207345,60978
206343,60978
192756,60978
155403,60978
148782,60978
162810,60978
175239,60978
153792,60978
206484,60978
232503,60978
71301,60978
235380,60978
208560,60978
215112,60978
61629,60978
236973,60978
240924,60978
203118,60978
61899,39186
154077,39186
172056,39186
183213,39186
187806,39186
194082,39186
207222,39186
217848,39186
229527,39186
230286,39186
232410,39186
236115,39186
236226,39186
56868,39186
70890,39186
71274,39186
183195,39186
188331,39186
203502,39186
206433,39186
217782,39186
222906,39186
232035,39186
234297,39186
244404,39186
175266,39186
205107,39186
205959,39186
234093,39186
60888,39186
61482,39186
178458,39186
178830,39186
183105,39186
191232,39186
203259,39186
211383,39186
212211,39186
212748,39186
61908,39186
186174,39186
205659,39186
206940,39186
207339,39186
225501,39186
194229,39186
197286,39186
203700,39186
220269,39186
72483,39186
163131,39186
186990,39186
196845,39186
198573,39186
206367,39186
206418,39186
25749,39186
201522,39186
206772,39186
128502,39186
183492,39186
210168,39186
62817,39186
192771,39186
193323,39186
203820,39186
71271,39186
160029,39186
207216,39186
187707,39186
207078,39186
225669,39186
242388,39186
186657,39186
203460,39186
59703,39186
66777,39186
232455,39186
232827,39186
187734,39186
203112,39186
207102,39186
206670,39186
238689,39186
187797,39186
210981,39186
183489,39186
194883,39186
209622,39186
229539,39186
129081,39186
222669,39186
239556,39186
66378,39186
201852,39186
239247,39186
176403,39186
212721,39186
234021,39186
202959,39186
244380,39186
206955,39186
213114,39186
71766,39186
212112,39186
212379,39186
228060,39186
61692,39186
207828,39186
203178,39186
72558,39186
192159,39186
208806,39186
211965,39186
206349,39186
206376,39186
206358,39186
206496,39186
208572,39186
203232,39186
227973,39186
188730,39186
198882,39186
212220,39186
220728,39186
153756,39186
203133,39186
203796,39186
206460,39186
156057,39186
208341,39186
206361,39186
206667,39186
154011,39186
204780,39186
208788,39186
211527,39186
72930,39186
186177,39186
224145,39186
172704,39186
210186,39186
232065,39186
65640,39186
195372,39186
198210,39186
211524,39186
66465,39186
96444,39186
239592,39186
203388,39186
61824,39186
194904,39186
203322,39186
206427,39186
225393,39186
232404,39186
194718,39186
238293,39186
200502,39186
227310,39186
66843,39186
128526,39186
208893,39186
234156,39186
160770,39186
206664,39186
206760,39186
61344,39186
238263,39186
206607,39186
212232,39186
211476,39186
192564,39186
208524,39186
157224,39186
208506,39186
206943,39186
184863,39186
72312,39186
209520,39186
223518,39186
215298,39186
212469,39186
216309,39186
182565,39186
206346,39186
203316,39186
205662,39186
206406,39186
186438,39186
208740,39186
230028,39186
242151,39186
242571,39186
210234,39186
242856,39186
203214,39186
209799,39186
186933,39186
158016,39186
210393,39186
72900,39186
208575,39186
181860,39186
212442,39186
230091,39186
220011,39186
210846,39186
232068,39186
238377,39186
203310,39186
211533,39186
238218,39186
208491,39186
208761,39186
208503,39186
212448,39186
206811,39186
157500,39186
212688,39186
198522,39186
194208,39186
242442,39186
206952,39186
206748,39186
197802,39186
206412,39186
229521,39186
250947,39186
248373,39186
203058,39186
207144,39186
249216,39186
206637,39186
222306,39186
231057,39186
241305,39186
163101,39186
213102,39186
221331,39186
227292,39186
206979,39186
247983,39186
231876,39186
72117,39186
203145,39186
248301,39186
231144,39186
206868,39186
208758,39186
237057,39186
249342,39186
249486,39186
157767,39186
205191,39186
233163,39186
238032,39186
230073,39186
77484,39186
244287,39186
206421,39186
163482,39186
248202,39186
207114,39186
195723,39186
208515,39186
203574,39186
206448,39186
199860,39186
199854,39186
238827,39186
206415,39186
207105,39186
158610,39186
196311,39186
207096,39186
238572,39186
206478,39186
227616,39186
156486,39186
184713,39186
158766,39186
212640,39186
228024,39186
203670,39186
207156,39186
188100,39186
222225,39186
210882,39186
63690,39186
206076,39186
235335,39186
196302,39186
200964,39186
210615,39186
224787,39186
229536,39186
192942,39186
209184,39186
206646,39186
214968,39186
245976,39186
198981,39186
203166,39186
224280,39186
244731,39186
250653,39186
190152,39186
251085,39186
68676,39186
216822,39186
248796,39186
251442,39186
204717,39186
167364,39186
211344,39186
224211,39186
154665,39186
252774,39186
198873,39186
228948,39186
203454,39186
226827,39186
243546,39186
204189,39186
227829,39186
194601,39186
154713,39186
206514,39186
206763,39186
228564,39186
220302,39186
185817,39186
212235,39186
190113,39186
249981,39186
251967,39186
246618,39186
215247,39186
207147,39186
251631,39186
226140,39186
247002,39186
249294,39186
251619,39186
207345,39186
206343,39186
192756,39186
246963,39186
246858,39186
162810,39186
206964,39186
243789,39186
206484,39186
206457,39186
232503,39186
71301,39186
206481,39186
216366,39186
246987,39186
215985,39186
215112,39186
250749,39186
172008,39186
206616,39186
253053,39186
253866,39186
183213,54096
217848,54096
71274,54096
234297,54096
205959,54096
191232,54096
186174,54096
206940,54096
225501,54096
197286,54096
220269,54096
25749,54096
210168,54096
192771,54096
203820,54096
71271,54096
186657,54096
232455,54096
232827,54096
194883,54096
129081,54096
201852,54096
176403,54096
244380,54096
71766,54096
207828,54096
206376,54096
206358,54096
206496,54096
188730,54096
198882,54096
212220,54096
153756,54096
203796,54096
156057,54096
204780,54096
208788,54096
211527,54096
211524,54096
61824,54096
194904,54096
225393,54096
66843,54096
206760,54096
211476,54096
206943,54096
184863,54096
216309,54096
182565,54096
186933,54096
210393,54096
212442,54096
212448,54096
211407,54096
157500,54096
242442,54096
206952,54096
206748,54096
229521,54096
231057,54096
241305,54096
163101,54096
247983,54096
72117,54096
238032,54096
203277,54096
203733,54096
208515,54096
238827,54096
200964,54096
210615,54096
224787,54096
192942,54096
203868,54096
244731,54096
248796,54096
251442,54096
204717,54096
203454,54096
204189,54096
194601,54096
154713,54096
249294,54096
251619,54096
250362,54096
246858,54096
162810,54096
243789,54096
206481,54096
61899,44302
164337,44302
172056,44302
183213,44302
187806,44302
188787,44302
194082,44302
207222,44302
217848,44302
229527,44302
230286,44302
230331,44302
232410,44302
236115,44302
236226,44302
238068,44302
70890,44302
71274,44302
88920,44302
171939,44302
183195,44302
188331,44302
203502,44302
206433,44302
217782,44302
220713,44302
222906,44302
231663,44302
232035,44302
234018,44302
234297,44302
244404,44302
189045,44302
234093,44302
60888,44302
61482,44302
178230,44302
178458,44302
178830,44302
183105,44302
191232,44302
197673,44302
203259,44302
212211,44302
212748,44302
186174,44302
206940,44302
207339,44302
225501,44302
172161,44302
194229,44302
197286,44302
220269,44302
239577,44302
72483,44302
163131,44302
196845,44302
198573,44302
203175,44302
206367,44302
206418,44302
25749,44302
154551,44302
206772,44302
128502,44302
183492,44302
195063,44302
62817,44302
192771,44302
193323,44302
203820,44302
71271,44302
160029,44302
187707,44302
204795,44302
207078,44302
241824,44302
211950,44302
216648,44302
242388,44302
186657,44302
203460,44302
59703,44302
66777,44302
191892,44302
232455,44302
232827,44302
203112,44302
207102,44302
216498,44302
187797,44302
210981,44302
183489,44302
194883,44302
209622,44302
221115,44302
72045,44302
129081,44302
222669,44302
239556,44302
66378,44302
201852,44302
176403,44302
212721,44302
202959,44302
244380,44302
206955,44302
213114,44302
71766,44302
201564,44302
212112,44302
212379,44302
61692,44302
72558,44302
164064,44302
208806,44302
211965,44302
208476,44302
206376,44302
223968,44302
206358,44302
208572,44302
231162,44302
203232,44302
235299,44302
195507,44302
188730,44302
198882,44302
212220,44302
220728,44302
153756,44302
203133,44302
203796,44302
207129,44302
156057,44302
167316,44302
208341,44302
206361,44302
206667,44302
154011,44302
204780,44302
208788,44302
211527,44302
211749,44302
72930,44302
186177,44302
224145,44302
172704,44302
210186,44302
232065,44302
210834,44302
198210,44302
211524,44302
231282,44302
66465,44302
96444,44302
220170,44302
61824,44302
194904,44302
203322,44302
208722,44302
206427,44302
225393,44302
210114,44302
211548,44302
232404,44302
212301,44302
238293,44302
200502,44302
227310,44302
60882,44302
66843,44302
236520,44302
128526,44302
208893,44302
223554,44302
234156,44302
206664,44302
206760,44302
61344,44302
238263,44302
224526,44302
212232,44302
128700,44302
192564,44302
208524,44302
157224,44302
184863,44302
206451,44302
232269,44302
72312,44302
208872,44302
212469,44302
216309,44302
182565,44302
203268,44302
203295,44302
206346,44302
203316,44302
205662,44302
206406,44302
229341,44302
186438,44302
230028,44302
242151,44302
190776,44302
206847,44302
210234,44302
242856,44302
203214,44302
207084,44302
209799,44302
221526,44302
186933,44302
210393,44302
165762,44302
72900,44302
210690,44302
25743,44302
212442,44302
230091,44302
208518,44302
210846,44302
232068,44302
238377,44302
158685,44302
211533,44302
208491,44302
240939,44302
212448,44302
157500,44302
203724,44302
208482,44302
208821,44302
236775,44302
208485,44302
225672,44302
208545,44302
207390,44302
194208,44302
242442,44302
246627,44302
206364,44302
242232,44302
252375,44302
213885,44302
248013,44302
139272,44302
203106,44302
206952,44302
206748,44302
197802,44302
229521,44302
162957,44302
248373,44302
203058,44302
206637,44302
222306,44302
231057,44302
241305,44302
163101,44302
249930,44302
213102,44302
221331,44302
206673,44302
227292,44302
206979,44302
247983,44302
231876,44302
72117,44302
231144,44302
206868,44302
208758,44302
208488,44302
237057,44302
249342,44302
244680,44302
157767,44302
205191,44302
233163,44302
221610,44302
238032,44302
203733,44302
230073,44302
77484,44302
244287,44302
162603,44302
245631,44302
163482,44302
72918,44302
203256,44302
195723,44302
208515,44302
203532,44302
203574,44302
233814,44302
199860,44302
193965,44302
199854,44302
238827,44302
158610,44302
206937,44302
206478,44302
156486,44302
158766,44302
212640,44302
186882,44302
188100,44302
222225,44302
210882,44302
63690,44302
205905,44302
206076,44302
207582,44302
235335,44302
209880,44302
196302,44302
200964,44302
210615,44302
229536,44302
240990,44302
192942,44302
223728,44302
123150,44302
208692,44302
80925,44302
206646,44302
204375,44302
198981,44302
95988,44302
207999,44302
203166,44302
224280,44302
227670,44302
244731,44302
250653,44302
217002,44302
190152,44302
247548,44302
216822,44302
167364,44302
211344,44302
252081,44302
198873,44302
226827,44302
243546,44302
204189,44302
208473,44302
194601,44302
154713,44302
206514,44302
206763,44302
223776,44302
208617,44302
208521,44302
212445,44302
185817,44302
212235,44302
242412,44302
249981,44302
246618,44302
215247,44302
249081,44302
203661,44302
251631,44302
226140,44302
247002,44302
247962,44302
251619,44302
207345,44302
205821,44302
206343,44302
246963,44302
249855,44302
246858,44302
162810,44302
178761,44302
222759,44302
243789,44302
153792,44302
232503,44302
206481,44302
235380,44302
215112,44302
236973,44302
249411,44302
240924,44302
172008,44302
252210,44302
252177,44302
251202,44302
61899,3382
183213,3382
187806,3382
188787,3382
230286,3382
71274,3382
217782,3382
234297,3382
183105,3382
186174,3382
194229,3382
220269,3382
25749,3382
201522,3382
237300,3382
183492,3382
195063,3382
193323,3382
71271,3382
187707,3382
176403,3382
212721,3382
211641,3382
212112,3382
212220,3382
206460,3382
208788,3382
211527,3382
186177,3382
232065,3382
211524,3382
194904,3382
203322,3382
206760,3382
186933,3382
212442,3382
128901,3382
208545,3382
242442,3382
206952,3382
206748,3382
236766,3382
249342,3382
238032,3382
186882,3382
62811,3382
237840,3382
210615,3382
198981,3382
244731,3382
251625,3382
198534,3382
224211,3382
204189,3382
194601,3382
251619,3382
246963,3382
162810,3382
252210,3382
61899,48298
183213,48298
187806,48298
71274,48298
188331,48298
217782,48298
61482,48298
178458,48298
183105,48298
191232,48298
186174,48298
194229,48298
197286,48298
220269,48298
163131,48298
203175,48298
193323,48298
71271,48298
187707,48298
176403,48298
234021,48298
213114,48298
61692,48298
212220,48298
203796,48298
72930,48298
232065,48298
238293,48298
128526,48298
206760,48298
206943,48298
216309,48298
182565,48298
213885,48298
206952,48298
206868,48298
249342,48298
193965,48298
235335,48298
210615,48298
244731,48298
217002,48298
248796,48298
204189,48298
194601,48298
215247,48298
246963,48298
162810,48298
216366,48298
250749,48298
253557,48298
183213,42132
236115,42132
71274,42132
211383,42132
61908,42132
186174,42132
205659,42132
206940,42132
225501,42132
197286,42132
220269,42132
72483,42132
196845,42132
203175,42132
206418,42132
25749,42132
210168,42132
71271,42132
242388,42132
194883,42132
201852,42132
176403,42132
61692,42132
203178,42132
206496,42132
198882,42132
212220,42132
153756,42132
211527,42132
210186,42132
65640,42132
194904,42132
225393,42132
206760,42132
204771,42132
184863,42132
209520,42132
172695,42132
242151,42132
190776,42132
207600,42132
210393,42132
212442,42132
164661,42132
206952,42132
242619,42132
206748,42132
206412,42132
206979,42132
247983,42132
206868,42132
208758,42132
249486,42132
203184,42132
203277,42132
203733,42132
207114,42132
208515,42132
196311,42132
210615,42132
240990,42132
192942,42132
244731,42132
154665,42132
204189,42132
194601,42132
203661,42132
251619,42132
206343,42132
162810,42132
206481,42132
61899,34092
183213,34092
187806,34092
188787,34092
207222,34092
217848,34092
229527,34092
230286,34092
232410,34092
70890,34092
71274,34092
188331,34092
206433,34092
217782,34092
234093,34092
178230,34092
178830,34092
183105,34092
191232,34092
186174,34092
198867,34092
205659,34092
206940,34092
207339,34092
225501,34092
194229,34092
197286,34092
72483,34092
196845,34092
198573,34092
203175,34092
206367,34092
206418,34092
25749,34092
183573,34092
183492,34092
193323,34092
71271,34092
128469,34092
242388,34092
203100,34092
203460,34092
66777,34092
232455,34092
154698,34092
210981,34092
221115,34092
65631,34092
229539,34092
129081,34092
222669,34092
239247,34092
176403,34092
212721,34092
202959,34092
206955,34092
207828,34092
203178,34092
192159,34092
208806,34092
211965,34092
206376,34092
206496,34092
208572,34092
204141,34092
227973,34092
188730,34092
198882,34092
212220,34092
203133,34092
167316,34092
206667,34092
154011,34092
204780,34092
208788,34092
232065,34092
65640,34092
195372,34092
211524,34092
231282,34092
96444,34092
61824,34092
166128,34092
194904,34092
206427,34092
225393,34092
210114,34092
238293,34092
227310,34092
66843,34092
128526,34092
234156,34092
160770,34092
206664,34092
61344,34092
238263,34092
206439,34092
206943,34092
232269,34092
182565,34092
206346,34092
203316,34092
205662,34092
206406,34092
206745,34092
206847,34092
210234,34092
221526,34092
186933,34092
235932,34092
72900,34092
208347,34092
208575,34092
230091,34092
210846,34092
203310,34092
128901,34092
164661,34092
212448,34092
211407,34092
157500,34092
194208,34092
242442,34092
206364,34092
206952,34092
206748,34092
229521,34092
250947,34092
248373,34092
203058,34092
249216,34092
206637,34092
222306,34092
207087,34092
250434,34092
163101,34092
248178,34092
213102,34092
206979,34092
247983,34092
232029,34092
167676,34092
72117,34092
203145,34092
244041,34092
248301,34092
206868,34092
249342,34092
244680,34092
157767,34092
203811,34092
238032,34092
244287,34092
245631,34092
195723,34092
208515,34092
158274,34092
206448,34092
199854,34092
206415,34092
207105,34092
207096,34092
206625,34092
63690,34092
153885,34092
210615,34092
192942,34092
203166,34092
224280,34092
244731,34092
250653,34092
250221,34092
199242,34092
251442,34092
204717,34092
211344,34092
224211,34092
227829,34092
154713,34092
212445,34092
249981,34092
251967,34092
215247,34092
249081,34092
205821,34092
192756,34092
148782,34092
246963,34092
206481,34092
245046,34092
249513,34092
251493,34092
253416,34092
61899,59396
183213,59396
187806,59396
188787,59396
207222,59396
217848,59396
229527,59396
230286,59396
232410,59396
236115,59396
236226,59396
70890,59396
71274,59396
88920,59396
183195,59396
188331,59396
203502,59396
217782,59396
222906,59396
232035,59396
234297,59396
212397,59396
234093,59396
60888,59396
61482,59396
178458,59396
178830,59396
183105,59396
191232,59396
203259,59396
212748,59396
186174,59396
198867,59396
206940,59396
207339,59396
225501,59396
194229,59396
197286,59396
220269,59396
72483,59396
163131,59396
196845,59396
198573,59396
203175,59396
206418,59396
25749,59396
204144,59396
128502,59396
183492,59396
62817,59396
192771,59396
193323,59396
71271,59396
187707,59396
204795,59396
241824,59396
204762,59396
242388,59396
186657,59396
203460,59396
66777,59396
191892,59396
232455,59396
242556,59396
203112,59396
207102,59396
210981,59396
183489,59396
194883,59396
209622,59396
229539,59396
72045,59396
129081,59396
203082,59396
222669,59396
66378,59396
201852,59396
176403,59396
212721,59396
234021,59396
212112,59396
212379,59396
61692,59396
206376,59396
208572,59396
195507,59396
188730,59396
198882,59396
212220,59396
220728,59396
203133,59396
203796,59396
156057,59396
167316,59396
208341,59396
206361,59396
206667,59396
154011,59396
204780,59396
208788,59396
211527,59396
211749,59396
72930,59396
186177,59396
224145,59396
172704,59396
210186,59396
232065,59396
198210,59396
211524,59396
66465,59396
239592,59396
194904,59396
208722,59396
225393,59396
206697,59396
210114,59396
212301,59396
238293,59396
200502,59396
227310,59396
66843,59396
128526,59396
208893,59396
234156,59396
206760,59396
61344,59396
238263,59396
212232,59396
211476,59396
192564,59396
208524,59396
157224,59396
206451,59396
232269,59396
72312,59396
208872,59396
212469,59396
216309,59396
166995,59396
182565,59396
203268,59396
206346,59396
205662,59396
186438,59396
230028,59396
242151,59396
210234,59396
242856,59396
63582,59396
209799,59396
186933,59396
210393,59396
165762,59396
208575,59396
210690,59396
129204,59396
25743,59396
230091,59396
238377,59396
203310,59396
211533,59396
208761,59396
240939,59396
208503,59396
212448,59396
206811,59396
157500,59396
203724,59396
236775,59396
212688,59396
207390,59396
194208,59396
242442,59396
246627,59396
206364,59396
251253,59396
213885,59396
248013,59396
203106,59396
206952,59396
206748,59396
197802,59396
229521,59396
250947,59396
248373,59396
203058,59396
206637,59396
222306,59396
231057,59396
183387,59396
241305,59396
163101,59396
221331,59396
206979,59396
247983,59396
72117,59396
203646,59396
248301,59396
206868,59396
208758,59396
208488,59396
249342,59396
244680,59396
157767,59396
205191,59396
177672,59396
238032,59396
209073,59396
77484,59396
244287,59396
162603,59396
245631,59396
203256,59396
244878,59396
208515,59396
158274,59396
199860,59396
193965,59396
199854,59396
196311,59396
156486,59396
211413,59396
186882,59396
62811,59396
206076,59396
200964,59396
210615,59396
229536,59396
192942,59396
223728,59396
208692,59396
227670,59396
244731,59396
250653,59396
190152,59396
251085,59396
244005,59396
251625,59396
248796,59396
251442,59396
204717,59396
167364,59396
211344,59396
252081,59396
252774,59396
198873,59396
243546,59396
204189,59396
194601,59396
154713,59396
206514,59396
223776,59396
208521,59396
212445,59396
207267,59396
195582,59396
242412,59396
249981,59396
251967,59396
246618,59396
215247,59396
251631,59396
226140,59396
247002,59396
247962,59396
251619,59396
205821,59396
246963,59396
249855,59396
247986,59396
162810,59396
243789,59396
153792,59396
206484,59396
232503,59396
206481,59396
215112,59396
250749,59396
172008,59396
251202,59396
253866,59396
253416,59396
253935,59396
61899,61028
172056,61028
187806,61028
194082,61028
207222,61028
217848,61028
229527,61028
230286,61028
236115,61028
236226,61028
71274,61028
183195,61028
188331,61028
206433,61028
217782,61028
222906,61028
232035,61028
234297,61028
60888,61028
61482,61028
178458,61028
178830,61028
183105,61028
191232,61028
203259,61028
211383,61028
212211,61028
212748,61028
186174,61028
206940,61028
207339,61028
194229,61028
197286,61028
203700,61028
220269,61028
72483,61028
163131,61028
186990,61028
196845,61028
198573,61028
206418,61028
25749,61028
128502,61028
183492,61028
210168,61028
192771,61028
193323,61028
71271,61028
207216,61028
187707,61028
225669,61028
186657,61028
203460,61028
232455,61028
207102,61028
187797,61028
183489,61028
194883,61028
209622,61028
229539,61028
129081,61028
222669,61028
66378,61028
176403,61028
212721,61028
206955,61028
213114,61028
71766,61028
212379,61028
187962,61028
228060,61028
207828,61028
203178,61028
192159,61028
208806,61028
206376,61028
208572,61028
195507,61028
188730,61028
198882,61028
212220,61028
220728,61028
153756,61028
203796,61028
156057,61028
208341,61028
204780,61028
208788,61028
211527,61028
72930,61028
186177,61028
224145,61028
172704,61028
210186,61028
232065,61028
195372,61028
198210,61028
211524,61028
96444,61028
194904,61028
225393,61028
238293,61028
200502,61028
227310,61028
66843,61028
128526,61028
206760,61028
238263,61028
192564,61028
208524,61028
206943,61028
184863,61028
232269,61028
209520,61028
212469,61028
216309,61028
182565,61028
206346,61028
205662,61028
206406,61028
186438,61028
230028,61028
242151,61028
210234,61028
203214,61028
209799,61028
186933,61028
230091,61028
238377,61028
211533,61028
208491,61028
212448,61028
157500,61028
212688,61028
242442,61028
206952,61028
206748,61028
197802,61028
229521,61028
231057,61028
163101,61028
213102,61028
221331,61028
227292,61028
206979,61028
231876,61028
72117,61028
236766,61028
231144,61028
206868,61028
208758,61028
157767,61028
205191,61028
238032,61028
230073,61028
77484,61028
163482,61028
199854,61028
238827,61028
158610,61028
238572,61028
206478,61028
184713,61028
186882,61028
196302,61028
210615,61028
224787,61028
192942,61028
198981,61028
203166,61028
199242,61028
216822,61028
211344,61028
224211,61028
198873,61028
194601,61028
154713,61028
206763,61028
212235,61028
215247,61028
207345,61028
206343,61028
162810,61028
206484,61028
232503,61028
61899,57804
183213,57804
187806,57804
217848,57804
71274,57804
188331,57804
217782,57804
206940,57804
220269,57804
71271,57804
176403,57804
61692,57804
207828,57804
212220,57804
156057,57804
210186,57804
211524,57804
225393,57804
236520,57804
206760,57804
184863,57804
206346,57804
190776,57804
186933,57804
242442,57804
206952,57804
206748,57804
229521,57804
247983,57804
72117,57804
208758,57804
238032,57804
63690,57804
244731,57804
251442,57804
211344,57804
204189,57804
251619,57804
246963,57804
162810,57804
206481,57804
250749,57804
183213,55638
211527,55638
211344,55638
183213,54864
71274,54864
197286,54864
196845,54864
71271,54864
206376,54864
208341,54864
211527,54864
249342,54864
238032,54864
251625,54864
211344,54864
219231,54864
249981,54864
61899,50274
183213,50274
187806,50274
207222,50274
217848,50274
230286,50274
236226,50274
71274,50274
183195,50274
234297,50274
212397,50274
234093,50274
178830,50274
183105,50274
191232,50274
186174,50274
206940,50274
207339,50274
225501,50274
172161,50274
197286,50274
220269,50274
72483,50274
163131,50274
196845,50274
203175,50274
206418,50274
25749,50274
183492,50274
210168,50274
62817,50274
193323,50274
71271,50274
186657,50274
59703,50274
207102,50274
154698,50274
210981,50274
194883,50274
221115,50274
229539,50274
129081,50274
201852,50274
176403,50274
212721,50274
212112,50274
61692,50274
207828,50274
208806,50274
206376,50274
195507,50274
188730,50274
198882,50274
212220,50274
203133,50274
203796,50274
156057,50274
208341,50274
206361,50274
154011,50274
208788,50274
211527,50274
210834,50274
211524,50274
225393,50274
206697,50274
238293,50274
227310,50274
66843,50274
236520,50274
128526,50274
234156,50274
160770,50274
206760,50274
61344,50274
212232,50274
208524,50274
157224,50274
184863,50274
204411,50274
212469,50274
216309,50274
182565,50274
206346,50274
190776,50274
210234,50274
186933,50274
230091,50274
208491,50274
157500,50274
203724,50274
242442,50274
206364,50274
242232,50274
206952,50274
206748,50274
229521,50274
203058,50274
231057,50274
207087,50274
241305,50274
247983,50274
208758,50274
249342,50274
221610,50274
228687,50274
238032,50274
77484,50274
245631,50274
163482,50274
211413,50274
206076,50274
210615,50274
192942,50274
206613,50274
203166,50274
227670,50274
244731,50274
190152,50274
251625,50274
216822,50274
251442,50274
204717,50274
211344,50274
252774,50274
198873,50274
204189,50274
194601,50274
154713,50274
212445,50274
215247,50274
226140,50274
251619,50274
207345,50274
246963,50274
162810,50274
206481,50274
215112,50274
163032,50274
217536,50274
253866,50274
61899,53160
154077,53160
183213,53160
187806,53160
194082,53160
207222,53160
217848,53160
230286,53160
232410,53160
236115,53160
236226,53160
70890,53160
71274,53160
183195,53160
207996,53160
217782,53160
231663,53160
232035,53160
234297,53160
60864,53160
173940,53160
205107,53160
205959,53160
61482,53160
154041,53160
178458,53160
178830,53160
183105,53160
191232,53160
203259,53160
212748,53160
186174,53160
205659,53160
206940,53160
207339,53160
225501,53160
194229,53160
194790,53160
197286,53160
220269,53160
72483,53160
163131,53160
196845,53160
206418,53160
25749,53160
206772,53160
183492,53160
203673,53160
210168,53160
62817,53160
192771,53160
193323,53160
203820,53160
71271,53160
207078,53160
241824,53160
216648,53160
225669,53160
242388,53160
186657,53160
203460,53160
59703,53160
232455,53160
242430,53160
187734,53160
206670,53160
210981,53160
194883,53160
221115,53160
129081,53160
222669,53160
239556,53160
66378,53160
201852,53160
239247,53160
176403,53160
212721,53160
234021,53160
244380,53160
211641,53160
213114,53160
71766,53160
228060,53160
61692,53160
207828,53160
203178,53160
192159,53160
211965,53160
206349,53160
206376,53160
208572,53160
204141,53160
235299,53160
243408,53160
188730,53160
198882,53160
212220,53160
220728,53160
194424,53160
203133,53160
203796,53160
207129,53160
156057,53160
167316,53160
208341,53160
206361,53160
206667,53160
154011,53160
208788,53160
211527,53160
186177,53160
203829,53160
210186,53160
232065,53160
65640,53160
195372,53160
211524,53160
66465,53160
96444,53160
61824,53160
206427,53160
238293,53160
200502,53160
66843,53160
212892,53160
128526,53160
223554,53160
234156,53160
160770,53160
206664,53160
206760,53160
211476,53160
194388,53160
208524,53160
157224,53160
232269,53160
223518,53160
212469,53160
216309,53160
182565,53160
203268,53160
206346,53160
205662,53160
206406,53160
229341,53160
242151,53160
242571,53160
206847,53160
210234,53160
207084,53160
221526,53160
186933,53160
207600,53160
210393,53160
208575,53160
212442,53160
230091,53160
203439,53160
128901,53160
164661,53160
240939,53160
212448,53160
157500,53160
203724,53160
229620,53160
206364,53160
242232,53160
248013,53160
203106,53160
206952,53160
206748,53160
206412,53160
229521,53160
250947,53160
248373,53160
203058,53160
249216,53160
206637,53160
222306,53160
231057,53160
207087,53160
249579,53160
163101,53160
213102,53160
206673,53160
206979,53160
247983,53160
231876,53160
206868,53160
208758,53160
249342,53160
250668,53160
157767,53160
205191,53160
203811,53160
238032,53160
77484,53160
244287,53160
219456,53160
245631,53160
203256,53160
200508,53160
203241,53160
203574,53160
158610,53160
207096,53160
186882,53160
206076,53160
210633,53160
210615,53160
223728,53160
206646,53160
245976,53160
203166,53160
227670,53160
250020,53160
244731,53160
250653,53160
250221,53160
250629,53160
216822,53160
248796,53160
251442,53160
204717,53160
211344,53160
252081,53160
219450,53160
194601,53160
223776,53160
203511,53160
212445,53160
251967,53160
215247,53160
251631,53160
249294,53160
251619,53160
250362,53160
213987,53160
246963,53160
246858,53160
247986,53160
162810,53160
66336,53160
206481,53160
215112,53160
249411,53160
250749,53160
61899,33886
154077,33886
172056,33886
183213,33886
188787,33886
207222,33886
217848,33886
229527,33886
230286,33886
230331,33886
232410,33886
70890,33886
71274,33886
88920,33886
183195,33886
188331,33886
203502,33886
206433,33886
222906,33886
232035,33886
234018,33886
234297,33886
244404,33886
175266,33886
205107,33886
212550,33886
234093,33886
60888,33886
178458,33886
183105,33886
191232,33886
197673,33886
203259,33886
211383,33886
212211,33886
212748,33886
61908,33886
186174,33886
198867,33886
205659,33886
206940,33886
225501,33886
227115,33886
194229,33886
197286,33886
203700,33886
220269,33886
239577,33886
72483,33886
163131,33886
186990,33886
196845,33886
203175,33886
206367,33886
206418,33886
210678,33886
25749,33886
154551,33886
206772,33886
237300,33886
128502,33886
183492,33886
188637,33886
207150,33886
210168,33886
62817,33886
159831,33886
192771,33886
193323,33886
203820,33886
71271,33886
160029,33886
207216,33886
207219,33886
227988,33886
187707,33886
234972,33886
207078,33886
219381,33886
241824,33886
204762,33886
225669,33886
242388,33886
186657,33886
203100,33886
203460,33886
59703,33886
66777,33886
232455,33886
232827,33886
242556,33886
203112,33886
207102,33886
238689,33886
194883,33886
221115,33886
64734,33886
65631,33886
155481,33886
229539,33886
129081,33886
222669,33886
211806,33886
210816,33886
61977,33886
66378,33886
239247,33886
176403,33886
212721,33886
234021,33886
202959,33886
206955,33886
211641,33886
213114,33886
187659,33886
201564,33886
212112,33886
203775,33886
172503,33886
212475,33886
228060,33886
235191,33886
61692,33886
207828,33886
203178,33886
192159,33886
206850,33886
208806,33886
211965,33886
206349,33886
225699,33886
206376,33886
206358,33886
206496,33886
221751,33886
231162,33886
203232,33886
205728,33886
227973,33886
195507,33886
243408,33886
188730,33886
198882,33886
206442,33886
212220,33886
220728,33886
194424,33886
203133,33886
203796,33886
206460,33886
207129,33886
208341,33886
158499,33886
206361,33886
206667,33886
154011,33886
203052,33886
204780,33886
208788,33886
211527,33886
234030,33886
72930,33886
203829,33886
224145,33886
237195,33886
172704,33886
72108,33886
184950,33886
210186,33886
65640,33886
161667,33886
210834,33886
195372,33886
198210,33886
211524,33886
96444,33886
196722,33886
203388,33886
61824,33886
194904,33886
203322,33886
208722,33886
206427,33886
225393,33886
206697,33886
210114,33886
211548,33886
212301,33886
194718,33886
208350,33886
238293,33886
200502,33886
227310,33886
66843,33886
203706,33886
212892,33886
128526,33886
203889,33886
208893,33886
223554,33886
234156,33886
239217,33886
206664,33886
206760,33886
61344,33886
238263,33886
224526,33886
212232,33886
208533,33886
192564,33886
63867,33886
208524,33886
157224,33886
204771,33886
161283,33886
208506,33886
206439,33886
206943,33886
184863,33886
206451,33886
232269,33886
72312,33886
204411,33886
223518,33886
166995,33886
182565,33886
203295,33886
206346,33886
203316,33886
205662,33886
206406,33886
206745,33886
229341,33886
186438,33886
208740,33886
230028,33886
242151,33886
242571,33886
190776,33886
206847,33886
210234,33886
211815,33886
213513,33886
242856,33886
208626,33886
63582,33886
203328,33886
209799,33886
221526,33886
154068,33886
186933,33886
158016,33886
235932,33886
210393,33886
72900,33886
208500,33886
208575,33886
210690,33886
129204,33886
25743,33886
212442,33886
220011,33886
232068,33886
238377,33886
158685,33886
203310,33886
211533,33886
203439,33886
208491,33886
208761,33886
240939,33886
208503,33886
212448,33886
211407,33886
157500,33886
192144,33886
203724,33886
208482,33886
208821,33886
208485,33886
225672,33886
203301,33886
212337,33886
207390,33886
198522,33886
194208,33886
203517,33886
229620,33886
242442,33886
246627,33886
206364,33886
211947,33886
242232,33886
251253,33886
252375,33886
213885,33886
248013,33886
139272,33886
162984,33886
203106,33886
206952,33886
241026,33886
242619,33886
206748,33886
197802,33886
206412,33886
162957,33886
210813,33886
203058,33886
207144,33886
249216,33886
206637,33886
231057,33886
207087,33886
246099,33886
241305,33886
250275,33886
246804,33886
163101,33886
213102,33886
208479,33886
206673,33886
227292,33886
206979,33886
249207,33886
206856,33886
167676,33886
206958,33886
206928,33886
231876,33886
203145,33886
194409,33886
248301,33886
206868,33886
206784,33886
208758,33886
208488,33886
237057,33886
249342,33886
249486,33886
250668,33886
244680,33886
183468,33886
208206,33886
157767,33886
203184,33886
233163,33886
203280,33886
203811,33886
193911,33886
221409,33886
228687,33886
238032,33886
203277,33886
203733,33886
205665,33886
230073,33886
77484,33886
244287,33886
206421,33886
219456,33886
163482,33886
226623,33886
72918,33886
203256,33886
248202,33886
207114,33886
248250,33886
195723,33886
244878,33886
208515,33886
203736,33886
246339,33886
203532,33886
203574,33886
206448,33886
199860,33886
193965,33886
199854,33886
238827,33886
206415,33886
207105,33886
158610,33886
196311,33886
206937,33886
207096,33886
206823,33886
238572,33886
227616,33886
156486,33886
197799,33886
158766,33886
212640,33886
25734,33886
228024,33886
207156,33886
187395,33886
186882,33886
210897,33886
222225,33886
210882,33886
211236,33886
63690,33886
205905,33886
153885,33886
181203,33886
206076,33886
235335,33886
209880,33886
237840,33886
65058,33886
200964,33886
210615,33886
240990,33886
192942,33886
203127,33886
223728,33886
166002,33886
123150,33886
210585,33886
208692,33886
209184,33886
208812,33886
209793,33886
204375,33886
214968,33886
208794,33886
245976,33886
171684,33886
203166,33886
211542,33886
224280,33886
208116,33886
250020,33886
244731,33886
250653,33886
222843,33886
190152,33886
250221,33886
246711,33886
68676,33886
251625,33886
199242,33886
248796,33886
212595,33886
248871,33886
251442,33886
204717,33886
252405,33886
167364,33886
211344,33886
198534,33886
224211,33886
252081,33886
252774,33886
198873,33886
195447,33886
203454,33886
207123,33886
226827,33886
243546,33886
204189,33886
219231,33886
208473,33886
227829,33886
194601,33886
206514,33886
195378,33886
212445,33886
220302,33886
185817,33886
244065,33886
212637,33886
212235,33886
190113,33886
242412,33886
249981,33886
251967,33886
246618,33886
215247,33886
249081,33886
195894,33886
218121,33886
251631,33886
226140,33886
247002,33886
249294,33886
249687,33886
251619,33886
207345,33886
205821,33886
206343,33886
192756,33886
155403,33886
212505,33886
148782,33886
246963,33886
249855,33886
246858,33886
247986,33886
153888,33886
162810,33886
210441,33886
222759,33886
175239,33886
153792,33886
206484,33886
232503,33886
248682,33886
71301,33886
206481,33886
245046,33886
208881,33886
215985,33886
249843,33886
249159,33886
249411,33886
250749,33886
249795,33886
172008,33886
249513,33886
252177,33886
251202,33886
251493,33886
253557,33886
212574,33886
252396,33886
253683,33886
253866,33886
253416,33886
253578,33886
253464,33886
253935,33886
61899,50270
183213,50270
187806,50270
188787,50270
207222,50270
217848,50270
229527,50270
230286,50270
232410,50270
236115,50270
236226,50270
56868,50270
70890,50270
71274,50270
88920,50270
183195,50270
188331,50270
203502,50270
206433,50270
217782,50270
222906,50270
231663,50270
234297,50270
205959,50270
212397,50270
234093,50270
60888,50270
61482,50270
178230,50270
178458,50270
178830,50270
183105,50270
191232,50270
203259,50270
212748,50270
61908,50270
186174,50270
198867,50270
206940,50270
207339,50270
225501,50270
194229,50270
197286,50270
220269,50270
239577,50270
72483,50270
163131,50270
196845,50270
203175,50270
206418,50270
25749,50270
206772,50270
128502,50270
183492,50270
62817,50270
192771,50270
193323,50270
71271,50270
187707,50270
204795,50270
207078,50270
242388,50270
186657,50270
203460,50270
191892,50270
232455,50270
203112,50270
207102,50270
210981,50270
183489,50270
194883,50270
229539,50270
72045,50270
129081,50270
222669,50270
66378,50270
201852,50270
176403,50270
212721,50270
202959,50270
206955,50270
213114,50270
212112,50270
212379,50270
61692,50270
208476,50270
206376,50270
206358,50270
208572,50270
195507,50270
188730,50270
198882,50270
212220,50270
220728,50270
153756,50270
203796,50270
156057,50270
167316,50270
158499,50270
206361,50270
154011,50270
208788,50270
211527,50270
211749,50270
72930,50270
186177,50270
224145,50270
172704,50270
210186,50270
232065,50270
198210,50270
211524,50270
239592,50270
194904,50270
208722,50270
225393,50270
206697,50270
210114,50270
211548,50270
238293,50270
200502,50270
227310,50270
60882,50270
66843,50270
236520,50270
128526,50270
206760,50270
61344,50270
212232,50270
211476,50270
128700,50270
192564,50270
208524,50270
206439,50270
184863,50270
232269,50270
204411,50270
208872,50270
212469,50270
216309,50270
182565,50270
203268,50270
203295,50270
206346,50270
203316,50270
205662,50270
230028,50270
242151,50270
190776,50270
210234,50270
209799,50270
186933,50270
210393,50270
165762,50270
210690,50270
230091,50270
238377,50270
211533,50270
208761,50270
240939,50270
212448,50270
157500,50270
203724,50270
208485,50270
225672,50270
207390,50270
242442,50270
246627,50270
206364,50270
213885,50270
203106,50270
206952,50270
206748,50270
197802,50270
229521,50270
248373,50270
203058,50270
206637,50270
222306,50270
231057,50270
207087,50270
183387,50270
241305,50270
163101,50270
221331,50270
206979,50270
247983,50270
206958,50270
72117,50270
203145,50270
208758,50270
157767,50270
205191,50270
233163,50270
238032,50270
209073,50270
230073,50270
77484,50270
244287,50270
203256,50270
244878,50270
208515,50270
203532,50270
199854,50270
238827,50270
207105,50270
196311,50270
156486,50270
158766,50270
211413,50270
222225,50270
63690,50270
206076,50270
200964,50270
210615,50270
229536,50270
223728,50270
210585,50270
204375,50270
227670,50270
244731,50270
250653,50270
190152,50270
248796,50270
167364,50270
211344,50270
198873,50270
247134,50270
243546,50270
204189,50270
194601,50270
154713,50270
208617,50270
208521,50270
212445,50270
190113,50270
246618,50270
215247,50270
226140,50270
247002,50270
247962,50270
207345,50270
205821,50270
206343,50270
246963,50270
246858,50270
247986,50270
162810,50270
243789,50270
153792,50270
206484,50270
206481,50270
215112,50270
172008,50270
217536,50270
61899,53406
183213,53406
187806,53406
194082,53406
207222,53406
217848,53406
230331,53406
71274,53406
183195,53406
217782,53406
232035,53406
234297,53406
178458,53406
178830,53406
183105,53406
191232,53406
186174,53406
205659,53406
194229,53406
197286,53406
220269,53406
163131,53406
196845,53406
25749,53406
183492,53406
62817,53406
192771,53406
193323,53406
71271,53406
232455,53406
221115,53406
176403,53406
61692,53406
206376,53406
198882,53406
212220,53406
203796,53406
156057,53406
167316,53406
208788,53406
211527,53406
232065,53406
211524,53406
225393,53406
238293,53406
236520,53406
206760,53406
232269,53406
182565,53406
206346,53406
210234,53406
186933,53406
210393,53406
157500,53406
242442,53406
206364,53406
206952,53406
206748,53406
229521,53406
231057,53406
249342,53406
238032,53406
77484,53406
244731,53406
250653,53406
249981,53406
215247,53406
246963,53406
249855,53406
61899,61672
172056,61672
183213,61672
187806,61672
194082,61672
207222,61672
217848,61672
229527,61672
230286,61672
230331,61672
236115,61672
70890,61672
88920,61672
183195,61672
188331,61672
206433,61672
217782,61672
220713,61672
222906,61672
231663,61672
232035,61672
234297,61672
244404,61672
175266,61672
205959,61672
234093,61672
60888,61672
61482,61672
178230,61672
178458,61672
178830,61672
183105,61672
191232,61672
203259,61672
211383,61672
212211,61672
212748,61672
186174,61672
198867,61672
205659,61672
207339,61672
225501,61672
63873,61672
194229,61672
197286,61672
203700,61672
220269,61672
72483,61672
163131,61672
196845,61672
198573,61672
206367,61672
210678,61672
25749,61672
206772,61672
237300,61672
183492,61672
207150,61672
210168,61672
62817,61672
192771,61672
193323,61672
203820,61672
207216,61672
227988,61672
187707,61672
204762,61672
211950,61672
216648,61672
225669,61672
242388,61672
186657,61672
203460,61672
203790,61672
59703,61672
232455,61672
165927,61672
187797,61672
210981,61672
183489,61672
194883,61672
209622,61672
221115,61672
72045,61672
129081,61672
158742,61672
239556,61672
66378,61672
201852,61672
176403,61672
212721,61672
234021,61672
203445,61672
206955,61672
213114,61672
71766,61672
154098,61672
203775,61672
212379,61672
172503,61672
212475,61672
228060,61672
61692,61672
207828,61672
203178,61672
72558,61672
192159,61672
208806,61672
225699,61672
206376,61672
203232,61672
227973,61672
235299,61672
188730,61672
198882,61672
212220,61672
220728,61672
153756,61672
203133,61672
203796,61672
156057,61672
208341,61672
154011,61672
204780,61672
208788,61672
211527,61672
72930,61672
172704,61672
232065,61672
65640,61672
210834,61672
198210,61672
211524,61672
66465,61672
96444,61672
61824,61672
194904,61672
197529,61672
225393,61672
210114,61672
232404,61672
238293,61672
227310,61672
60882,61672
66843,61672
128526,61672
239217,61672
206760,61672
224526,61672
212232,61672
192564,61672
63867,61672
208524,61672
157224,61672
206943,61672
232269,61672
72312,61672
204411,61672
223518,61672
182565,61672
203268,61672
206346,61672
206745,61672
242151,61672
206847,61672
210234,61672
242856,61672
209799,61672
210690,61672
212442,61672
230091,61672
208518,61672
232068,61672
158685,61672
211533,61672
238218,61672
203439,61672
223401,61672
212448,61672
157500,61672
225672,61672
242442,61672
242232,61672
206952,61672
206748,61672
197802,61672
229521,61672
162957,61672
203058,61672
206637,61672
231057,61672
241305,61672
163101,61672
213102,61672
221331,61672
227292,61672
206979,61672
72117,61672
203145,61672
231144,61672
206868,61672
205191,61672
229737,61672
233163,61672
203280,61672
230073,61672
77484,61672
244287,61672
206421,61672
226623,61672
72918,61672
203256,61672
207114,61672
158274,61672
203247,61672
203574,61672
199854,61672
206415,61672
206937,61672
207096,61672
206823,61672
206478,61672
156486,61672
184713,61672
25734,61672
203670,61672
207156,61672
186882,61672
210882,61672
63690,61672
206076,61672
235335,61672
237840,61672
196302,61672
240990,61672
192942,61672
209184,61672
214968,61672
198981,61672
207999,61672
227670,61672
244731,61672
219132,61672
198873,61672
226827,61672
243546,61672
219420,61672
208473,61672
208068,61672
206763,61672
149634,61672
235842,61672
154494,61672
192756,61672
178761,61672
66336,61672
238611,61672
183213,59816
71274,59816
211383,59816
61908,59816
186174,59816
206940,59816
225501,59816
197286,59816
220269,59816
196845,59816
203175,59816
206418,59816
25749,59816
210168,59816
203820,59816
71271,59816
242388,59816
203460,59816
176403,59816
203178,59816
206496,59816
188730,59816
198882,59816
212220,59816
153756,59816
204780,59816
211527,59816
211524,59816
61824,59816
194904,59816
206427,59816
225393,59816
206760,59816
184863,59816
172695,59816
242151,59816
190776,59816
207600,59816
242442,59816
206952,59816
206748,59816
206979,59816
206868,59816
203277,59816
208515,59816
196311,59816
244731,59816
154665,59816
204189,59816
206481,59816
183213,51974
71274,51974
188331,51974
217782,51974
186174,51974
225501,51974
25749,51974
71271,51974
176403,51974
206376,51974
212220,51974
156057,51974
208788,51974
210186,51974
225393,51974
206760,51974
206439,51974
232269,51974
206952,51974
206748,51974
229521,51974
210615,51974
244731,51974
211344,51974
204189,51974
246963,51974
162810,51974
206481,51974
61899,62170
194082,62170
230286,62170
236226,62170
183195,62170
175266,62170
205959,62170
234093,62170
191232,62170
206940,62170
220269,62170
196845,62170
206367,62170
183492,62170
154245,62170
225669,62170
203790,62170
66777,62170
187797,62170
201852,62170
239247,62170
176403,62170
244380,62170
71766,62170
207828,62170
192159,62170
204141,62170
154011,62170
211527,62170
211524,62170
61824,62170
166128,62170
194904,62170
197529,62170
225393,62170
128526,62170
206760,62170
232269,62170
216309,62170
182565,62170
206346,62170
225012,62170
186933,62170
220011,62170
198522,62170
203106,62170
249216,62170
163101,62170
213102,62170
208758,62170
206421,62170
195723,62170
238827,62170
158610,62170
208692,62170
208812,62170
203166,62170
227829,62170
192756,62170
247986,62170
245826,62170
249159,62170
217872,62170
61899,50718
183213,50718
194082,50718
207222,50718
230286,50718
232410,50718
236115,50718
183195,50718
188331,50718
203502,50718
206433,50718
220713,50718
222906,50718
232035,50718
205959,50718
172419,50718
178458,50718
183105,50718
191232,50718
201837,50718
203259,50718
61908,50718
186174,50718
205659,50718
206940,50718
225501,50718
194229,50718
72483,50718
163131,50718
206367,50718
210678,50718
25749,50718
154551,50718
206772,50718
237300,50718
128502,50718
183492,50718
62817,50718
192771,50718
193323,50718
160029,50718
207216,50718
187707,50718
241824,50718
128469,50718
204762,50718
211950,50718
216648,50718
225669,50718
186657,50718
203790,50718
232455,50718
232827,50718
242430,50718
242556,50718
203112,50718
207102,50718
206670,50718
187797,50718
194883,50718
209622,50718
229539,50718
72045,50718
129081,50718
211806,50718
239556,50718
61977,50718
66378,50718
201852,50718
176403,50718
212721,50718
244380,50718
206955,50718
213114,50718
154098,50718
212112,50718
187962,50718
228060,50718
235191,50718
207828,50718
208476,50718
206376,50718
223968,50718
163377,50718
201282,50718
243408,50718
198882,50718
206442,50718
212220,50718
220728,50718
194424,50718
203133,50718
203796,50718
156057,50718
167316,50718
204780,50718
208788,50718
211527,50718
72930,50718
186177,50718
237195,50718
65640,50718
198210,50718
211524,50718
96444,50718
203388,50718
194904,50718
197529,50718
203322,50718
208722,50718
225393,50718
210114,50718
212301,50718
238293,50718
208590,50718
60882,50718
66843,50718
128526,50718
239217,50718
206760,50718
238263,50718
224526,50718
208524,50718
206439,50718
206943,50718
223518,50718
215298,50718
212469,50718
182565,50718
206346,50718
206406,50718
172695,50718
2061063,50718
206745,50718
229341,50718
186438,50718
208740,50718
242151,50718
242856,50718
207084,50718
208536,50718
235932,50718
210393,50718
208575,50718
212442,50718
230091,50718
232068,50718
158685,50718
203310,50718
211533,50718
238218,50718
128901,50718
208491,50718
208761,50718
208503,50718
211407,50718
206811,50718
208821,50718
183921,50718
208485,50718
208545,50718
212337,50718
198522,50718
242442,50718
246627,50718
242232,50718
252375,50718
213885,50718
248013,50718
206952,50718
197802,50718
206412,50718
229521,50718
203058,50718
206637,50718
246099,50718
221331,50718
206928,50718
210843,50718
236766,50718
244041,50718
206868,50718
206784,50718
208488,50718
249342,50718
249486,50718
250668,50718
244680,50718
183468,50718
203184,50718
221610,50718
203811,50718
228687,50718
238032,50718
163044,50718
230073,50718
163482,50718
203256,50718
248202,50718
195723,50718
208515,50718
246339,50718
203532,50718
203574,50718
199854,50718
238572,50718
156486,50718
211413,50718
228024,50718
186882,50718
210882,50718
153204,50718
221151,50718
63690,50718
205905,50718
62811,50718
210633,50718
235335,50718
196302,50718
200964,50718
240990,50718
223728,50718
208812,50718
211542,50718
227670,50718
217002,50718
250221,50718
251085,50718
68676,50718
224211,50718
252774,50718
249222,50718
198873,50718
227829,50718
208068,50718
194601,50718
190113,50718
149634,50718
242412,50718
249981,50718
246618,50718
215247,50718
207147,50718
218121,50718
247002,50718
249294,50718
192756,50718
246963,50718
206964,50718
243789,50718
206484,50718
235380,50718
249297,50718
208881,50718
249159,50718
244869,50718
250749,50718
249795,50718
251493,50718
198057,50718
61899,63188
183213,63188
187101,63188
194082,63188
217848,63188
230286,63188
236226,63188
71274,63188
183195,63188
206433,63188
234297,63188
175266,63188
205959,63188
234093,63188
178830,63188
191232,63188
212748,63188
61908,63188
186174,63188
198867,63188
206940,63188
225501,63188
153303,63188
172161,63188
220269,63188
196845,63188
203175,63188
206367,63188
25749,63188
154551,63188
183573,63188
183492,63188
210168,63188
62817,63188
203820,63188
71271,63188
154245,63188
186657,63188
203460,63188
203790,63188
66777,63188
232455,63188
232827,63188
207102,63188
187797,63188
194883,63188
129081,63188
201852,63188
176403,63188
244380,63188
71766,63188
172503,63188
61692,63188
207828,63188
203178,63188
192159,63188
164064,63188
206376,63188
206358,63188
203232,63188
188730,63188
198882,63188
212220,63188
220728,63188
153756,63188
203796,63188
156057,63188
208341,63188
154011,63188
204780,63188
211527,63188
210186,63188
65640,63188
154275,63188
224169,63188
211524,63188
61824,63188
166128,63188
194904,63188
197529,63188
206427,63188
225393,63188
128526,63188
160770,63188
206760,63188
61344,63188
63867,63188
157224,63188
206439,63188
232269,63188
223518,63188
215298,63188
212469,63188
182565,63188
206346,63188
172695,63188
205740,63188
190776,63188
225012,63188
186933,63188
181860,63188
212442,63188
230091,63188
220011,63188
128901,63188
164661,63188
212448,63188
242442,63188
206952,63188
206748,63188
229521,63188
249216,63188
250434,63188
241305,63188
163101,63188
213102,63188
221331,63188
206979,63188
206856,63188
247983,63188
72117,63188
206868,63188
208758,63188
249486,63188
157767,63188
228687,63188
230073,63188
195723,63188
238827,63188
206415,63188
238572,63188
211413,63188
63690,63188
210615,63188
192942,63188
208692,63188
203166,63188
244731,63188
198855,63188
216822,63188
251442,63188
154665,63188
228948,63188
204189,63188
227829,63188
194601,63188
154713,63188
206763,63188
251619,63188
247986,63188
162810,63188
205995,63188
206481,63188
61899,35732
154077,35732
164337,35732
172056,35732
176643,35732
183213,35732
187806,35732
188787,35732
194082,35732
206787,35732
207222,35732
217848,35732
229527,35732
230286,35732
230331,35732
232410,35732
236115,35732
236226,35732
238068,35732
56868,35732
70890,35732
71274,35732
88920,35732
171939,35732
183195,35732
203502,35732
206433,35732
207996,35732
217782,35732
220713,35732
222906,35732
232035,35732
234018,35732
234297,35732
244404,35732
165717,35732
173940,35732
175266,35732
189045,35732
205107,35732
205959,35732
212550,35732
220047,35732
234093,35732
60888,35732
61482,35732
154041,35732
172419,35732
178230,35732
178458,35732
178830,35732
183105,35732
191232,35732
197673,35732
201837,35732
203259,35732
212211,35732
212748,35732
216981,35732
59691,35732
61908,35732
186174,35732
205659,35732
206940,35732
207339,35732
216123,35732
225501,35732
227115,35732
194229,35732
194790,35732
197286,35732
203700,35732
220269,35732
239577,35732
72483,35732
163131,35732
186990,35732
196845,35732
198573,35732
203175,35732
206367,35732
210678,35732
25749,35732
154551,35732
204144,35732
206772,35732
237300,35732
128502,35732
183492,35732
188637,35732
195063,35732
207150,35732
210168,35732
62817,35732
159831,35732
192771,35732
193323,35732
203820,35732
222894,35732
71271,35732
160029,35732
207216,35732
227988,35732
187707,35732
204795,35732
234972,35732
207078,35732
219381,35732
128469,35732
203094,35732
204762,35732
211950,35732
216648,35732
225669,35732
71409,35732
186657,35732
203100,35732
203790,35732
219021,35732
59703,35732
66777,35732
232455,35732
232827,35732
187734,35732
203112,35732
207102,35732
165927,35732
206670,35732
238689,35732
187797,35732
210981,35732
183489,35732
194883,35732
209622,35732
221115,35732
64734,35732
65631,35732
155481,35732
72045,35732
129081,35732
180495,35732
203082,35732
158742,35732
222669,35732
211806,35732
89013,35732
209637,35732
210816,35732
66378,35732
201852,35732
176403,35732
212721,35732
234021,35732
202959,35732
203445,35732
244380,35732
206955,35732
213114,35732
71766,35732
187659,35732
201564,35732
212112,35732
203775,35732
212379,35732
187962,35732
172503,35732
212475,35732
228060,35732
235191,35732
61692,35732
207828,35732
203178,35732
72558,35732
192159,35732
164064,35732
172587,35732
211965,35732
206349,35732
225351,35732
198990,35732
208476,35732
206376,35732
223968,35732
207927,35732
221751,35732
244446,35732
203088,35732
163377,35732
208572,35732
204141,35732
203232,35732
227973,35732
195507,35732
243408,35732
188730,35732
198882,35732
206442,35732
212220,35732
220728,35732
153756,35732
194424,35732
203133,35732
203796,35732
206460,35732
207129,35732
156057,35732
167316,35732
208341,35732
158499,35732
206361,35732
206667,35732
226662,35732
154011,35732
204780,35732
208788,35732
211527,35732
234030,35732
72930,35732
186177,35732
203829,35732
224145,35732
237195,35732
172704,35732
72108,35732
184950,35732
232065,35732
65640,35732
203709,35732
210834,35732
195372,35732
198210,35732
211524,35732
231282,35732
66465,35732
96444,35732
239592,35732
196722,35732
203388,35732
61824,35732
194904,35732
197529,35732
203322,35732
208722,35732
225393,35732
210114,35732
211548,35732
232404,35732
212301,35732
208350,35732
238293,35732
157938,35732
200502,35732
227310,35732
60882,35732
66843,35732
203706,35732
212892,35732
128526,35732
208893,35732
234156,35732
160770,35732
61344,35732
238263,35732
224526,35732
212232,35732
211476,35732
192564,35732
63867,35732
208524,35732
157224,35732
205122,35732
161283,35732
208506,35732
206439,35732
234129,35732
184863,35732
192714,35732
206451,35732
203871,35732
232269,35732
204411,35732
223104,35732
208872,35732
215298,35732
212469,35732
216309,35732
166995,35732
182565,35732
203268,35732
203295,35732
206346,35732
203316,35732
205662,35732
206406,35732
2061063,35732
206745,35732
229341,35732
186438,35732
208740,35732
230028,35732
242151,35732
190776,35732
206847,35732
210234,35732
242856,35732
225012,35732
203214,35732
208626,35732
63582,35732
207084,35732
209799,35732
221526,35732
186933,35732
158016,35732
224841,35732
235932,35732
207600,35732
210393,35732
165762,35732
72900,35732
208347,35732
208500,35732
208575,35732
181860,35732
210690,35732
129204,35732
198279,35732
25743,35732
212442,35732
230091,35732
208518,35732
232068,35732
238377,35732
203310,35732
211533,35732
238218,35732
203439,35732
128901,35732
164661,35732
230010,35732
223401,35732
208491,35732
208761,35732
208503,35732
212448,35732
206811,35732
129264,35732
157500,35732
203724,35732
208482,35732
225987,35732
208821,35732
212571,35732
183921,35732
212688,35732
208485,35732
225672,35732
203301,35732
208545,35732
212337,35732
203517,35732
229620,35732
242442,35732
246627,35732
206364,35732
211947,35732
242232,35732
251643,35732
252375,35732
211473,35732
213885,35732
139272,35732
191556,35732
203106,35732
206304,35732
206952,35732
206748,35732
197802,35732
206412,35732
229521,35732
245706,35732
250947,35732
162957,35732
210813,35732
248373,35732
203058,35732
249216,35732
206637,35732
222306,35732
231057,35732
207087,35732
207240,35732
249579,35732
183387,35732
241305,35732
157185,35732
163101,35732
249930,35732
213102,35732
221331,35732
187263,35732
208479,35732
227292,35732
206979,35732
249207,35732
232029,35732
200259,35732
247956,35732
206928,35732
165183,35732
206355,35732
231876,35732
72117,35732
203145,35732
210843,35732
236766,35732
244041,35732
248301,35732
231144,35732
208758,35732
208488,35732
72561,35732
66918,35732
237057,35732
249342,35732
242415,35732
206988,35732
244680,35732
183468,35732
208206,35732
157767,35732
171702,35732
205191,35732
229737,35732
232656,35732
203184,35732
233163,35732
203280,35732
207588,35732
221610,35732
231708,35732
193911,35732
221409,35732
64959,35732
218673,35732
238032,35732
163044,35732
209073,35732
203733,35732
205665,35732
230073,35732
77484,35732
244287,35732
246870,35732
162603,35732
206421,35732
207330,35732
233040,35732
245631,35732
226623,35732
72918,35732
203256,35732
248202,35732
200508,35732
210825,35732
195723,35732
244878,35732
225480,35732
208515,35732
203736,35732
158274,35732
203247,35732
218061,35732
203274,35732
203532,35732
203574,35732
191238,35732
199860,35732
193965,35732
199854,35732
238827,35732
206415,35732
207105,35732
158610,35732
206937,35732
207096,35732
206823,35732
238572,35732
227616,35732
68568,35732
156486,35732
164970,35732
206625,35732
184713,35732
211413,35732
212640,35732
25734,35732
228024,35732
222750,35732
191229,35732
207156,35732
153348,35732
186882,35732
210897,35732
188100,35732
202638,35732
222225,35732
210882,35732
211236,35732
221151,35732
63690,35732
205905,35732
153885,35732
181203,35732
206076,35732
210633,35732
209880,35732
65637,35732
237840,35732
179436,35732
196302,35732
200964,35732
210615,35732
224787,35732
240990,35732
192942,35732
203127,35732
223728,35732
166002,35732
123150,35732
210585,35732
208692,35732
209184,35732
166599,35732
208812,35732
209793,35732
206646,35732
206613,35732
211761,35732
204375,35732
207498,35732
245976,35732
198981,35732
95988,35732
171684,35732
203166,35732
224280,35732
227670,35732
208116,35732
250020,35732
205332,35732
229812,35732
244731,35732
250653,35732
167136,35732
242505,35732
217002,35732
222843,35732
190152,35732
250221,35732
244005,35732
68676,35732
199242,35732
216822,35732
248796,35732
212595,35732
219132,35732
251442,35732
204717,35732
167364,35732
211344,35732
224211,35732
69060,35732
198873,35732
246915,35732
232788,35732
219450,35732
204189,35732
208473,35732
227829,35732
194601,35732
154713,35732
206514,35732
206838,35732
206763,35732
223776,35732
203511,35732
208617,35732
212445,35732
206991,35732
228564,35732
220302,35732
185817,35732
128685,35732
233427,35732
205731,35732
190113,35732
149634,35732
242412,35732
249981,35732
246618,35732
249081,35732
195894,35732
218121,35732
203661,35732
251631,35732
247002,35732
249294,35732
251619,35732
207345,35732
205821,35732
154494,35732
192756,35732
212505,35732
65067,35732
246963,35732
246858,35732
247986,35732
198792,35732
162810,35732
206964,35732
197676,35732
204054,35732
205947,35732
66336,35732
233961,35732
243789,35732
153792,35732
206484,35732
247239,35732
162960,35732
232503,35732
246216,35732
71301,35732
246150,35732
216366,35732
249297,35732
215985,35732
215112,35732
61629,35732
249159,35732
222852,35732
207099,35732
249411,35732
240924,35732
172008,35732
206616,35732
209970,35732
212574,35732
188481,35732
253866,35732
253416,35732
253578,35732
253671,35732
253647,35732
61899,50272
183213,50272
187806,50272
207222,50272
217848,50272
236115,50272
236226,50272
71274,50272
183195,50272
188331,50272
217782,50272
61482,50272
178458,50272
178830,50272
183105,50272
191232,50272
186174,50272
206940,50272
194229,50272
197286,50272
220269,50272
163131,50272
196845,50272
25749,50272
201522,50272
62817,50272
71271,50272
187707,50272
242388,50272
183489,50272
194883,50272
201852,50272
176403,50272
212112,50272
61692,50272
208572,50272
195507,50272
198882,50272
206442,50272
212220,50272
203796,50272
156057,50272
154011,50272
208788,50272
211527,50272
210186,50272
232065,50272
210834,50272
211524,50272
208722,50272
206427,50272
225393,50272
206697,50272
210114,50272
238293,50272
236520,50272
128526,50272
206760,50272
238263,50272
212232,50272
208524,50272
157224,50272
184863,50272
72312,50272
182565,50272
206346,50272
206847,50272
210234,50272
186933,50272
230091,50272
211533,50272
208761,50272
203724,50272
229620,50272
242442,50272
206364,50272
206952,50272
206748,50272
229521,50272
207087,50272
241305,50272
208758,50272
238032,50272
203277,50272
230073,50272
244287,50272
203256,50272
233814,50272
211413,50272
200964,50272
210615,50272
192942,50272
203166,50272
244731,50272
211344,50272
252774,50272
204189,50272
208473,50272
194601,50272
223776,50272
215247,50272
247002,50272
247962,50272
251619,50272
207345,50272
206343,50272
246963,50272
162810,50272
215112,50272
163032,50272
61899,61280
183213,61280
187806,61280
194082,61280
207222,61280
217848,61280
230286,61280
232410,61280
236115,61280
236226,61280
70890,61280
71274,61280
183195,61280
188331,61280
203502,61280
217782,61280
232035,61280
234297,61280
205959,61280
212550,61280
61482,61280
178458,61280
178830,61280
183105,61280
191232,61280
212748,61280
186174,61280
205659,61280
206940,61280
225501,61280
194229,61280
194790,61280
197286,61280
220269,61280
239577,61280
72483,61280
163131,61280
196845,61280
198573,61280
25749,61280
201522,61280
206772,61280
183492,61280
210168,61280
62817,61280
192771,61280
193323,61280
203820,61280
71271,61280
160029,61280
187707,61280
216648,61280
242388,61280
66777,61280
191892,61280
232455,61280
232827,61280
207102,61280
183489,61280
194883,61280
129081,61280
222669,61280
61977,61280
66378,61280
201852,61280
176403,61280
212721,61280
234021,61280
206955,61280
71766,61280
187962,61280
61692,61280
192159,61280
208476,61280
206376,61280
195507,61280
188730,61280
198882,61280
212220,61280
194424,61280
203796,61280
156057,61280
208341,61280
206667,61280
208788,61280
211527,61280
186177,61280
203829,61280
232065,61280
210834,61280
211524,61280
208797,61280
225393,61280
206697,61280
238293,61280
200502,61280
66843,61280
128526,61280
234156,61280
206760,61280
61344,61280
238263,61280
208524,61280
157224,61280
206943,61280
223518,61280
212469,61280
216309,61280
182565,61280
206346,61280
203316,61280
229341,61280
242151,61280
190776,61280
206847,61280
63582,61280
210393,61280
212442,61280
230091,61280
238377,61280
211533,61280
128901,61280
164457,61280
157500,61280
203724,61280
212688,61280
212337,61280
194208,61280
242442,61280
206364,61280
206952,61280
206748,61280
229521,61280
250947,61280
248373,61280
203058,61280
249216,61280
222306,61280
231057,61280
207087,61280
183387,61280
213102,61280
247983,61280
244041,61280
248301,61280
231144,61280
208758,61280
249342,61280
244680,61280
157767,61280
205191,61280
238032,61280
230073,61280
77484,61280
244287,61280
206421,61280
163482,61280
72918,61280
203256,61280
208515,61280
199854,61280
211413,61280
186882,61280
153885,61280
200964,61280
210615,61280
224787,61280
229536,61280
206613,61280
203166,61280
227670,61280
250020,61280
244731,61280
217002,61280
251625,61280
248796,61280
251442,61280
211344,61280
247134,61280
204189,61280
219231,61280
194601,61280
223776,61280
212445,61280
249981,61280
251967,61280
246618,61280
215247,61280
249081,61280
251631,61280
247002,61280
251619,61280
246963,61280
247986,61280
162810,61280
66336,61280
235380,61280
215985,61280
215112,61280
250749,61280
172008,61280
252210,61280
61899,62614
187806,62614
71274,62614
188331,62614
217782,62614
178830,62614
183105,62614
71271,62614
176403,62614
61692,62614
212220,62614
206952,62614
244731,62614
61899,50720
183213,50720
194082,50720
217848,50720
71274,50720
205959,50720
234093,50720
191232,50720
186174,50720
206940,50720
206367,50720
25749,50720
183492,50720
193323,50720
203820,50720
71271,50720
186657,50720
66777,50720
176403,50720
228060,50720
61692,50720
192159,50720
206376,50720
167316,50720
208341,50720
206667,50720
211524,50720
238293,50720
61344,50720
232269,50720
223518,50720
182565,50720
210234,50720
194208,50720
206748,50720
206412,50720
231057,50720
238032,50720
195723,50720
238827,50720
25734,50720
186882,50720
244731,50720
180195,50720
190113,50720
61899,61540
217848,61540
183195,61540
244404,61540
194229,61540
220269,61540
183492,61540
62817,61540
193323,61540
216498,61540
176403,61540
206955,61540
206376,61540
243408,61540
198882,61540
211527,61540
206760,61540
206346,61540
206406,61540
211533,61540
242442,61540
206952,61540
242619,61540
206748,61540
250947,61540
231057,61540
206979,61540
247983,61540
249342,61540
203256,61540
250020,61540
203868,61540
250221,61540
243546,61540
246618,61540
215247,61540
218121,61540
251619,61540
217872,61540
61899,62944
164337,62944
183213,62944
187806,62944
188787,62944
194082,62944
207222,62944
217848,62944
229527,62944
230286,62944
236115,62944
236226,62944
238068,62944
71274,62944
88920,62944
183195,62944
188331,62944
203502,62944
217782,62944
222906,62944
232035,62944
234297,62944
244404,62944
189045,62944
212550,62944
234093,62944
60888,62944
61482,62944
178458,62944
178830,62944
183105,62944
191232,62944
203259,62944
186174,62944
206940,62944
207339,62944
225501,62944
172161,62944
194229,62944
197286,62944
220269,62944
72483,62944
163131,62944
196845,62944
203175,62944
25749,62944
154551,62944
128502,62944
183492,62944
195063,62944
62817,62944
192771,62944
193323,62944
71271,62944
207216,62944
187707,62944
204795,62944
241824,62944
204762,62944
211950,62944
216648,62944
242388,62944
186657,62944
203460,62944
191892,62944
232455,62944
232827,62944
203112,62944
207102,62944
216498,62944
187797,62944
210981,62944
183489,62944
194883,62944
209622,62944
72045,62944
129081,62944
61977,62944
66378,62944
201852,62944
176403,62944
212721,62944
234021,62944
203445,62944
244380,62944
213114,62944
201564,62944
187962,62944
61692,62944
72558,62944
208806,62944
206376,62944
223968,62944
206358,62944
221751,62944
208572,62944
227973,62944
235299,62944
195507,62944
188730,62944
198882,62944
212220,62944
220728,62944
203133,62944
203796,62944
207129,62944
156057,62944
167316,62944
208341,62944
206361,62944
206667,62944
226662,62944
203052,62944
208788,62944
211527,62944
211749,62944
72930,62944
186177,62944
224145,62944
210186,62944
232065,62944
198210,62944
211524,62944
231282,62944
66465,62944
96444,62944
61824,62944
194904,62944
208722,62944
206427,62944
225393,62944
210114,62944
211548,62944
232404,62944
212301,62944
238293,62944
200502,62944
227310,62944
66843,62944
128526,62944
208893,62944
234156,62944
206664,62944
61344,62944
238263,62944
212232,62944
192564,62944
208524,62944
157224,62944
161283,62944
232269,62944
208872,62944
182565,62944
203268,62944
206346,62944
205662,62944
230028,62944
242151,62944
190776,62944
210234,62944
225012,62944
221526,62944
186933,62944
210393,62944
72900,62944
208575,62944
230091,62944
220011,62944
232068,62944
238377,62944
158685,62944
211533,62944
212448,62944
206811,62944
157500,62944
203724,62944
183921,62944
225672,62944
242442,62944
246627,62944
206364,62944
242232,62944
213885,62944
248013,62944
139272,62944
206952,62944
223530,62944
206748,62944
197802,62944
251106,62944
229521,62944
248373,62944
203058,62944
206637,62944
222306,62944
231057,62944
207087,62944
241305,62944
250275,62944
163101,62944
249930,62944
213102,62944
221331,62944
206673,62944
227292,62944
251829,62944
206979,62944
206856,62944
247983,62944
210843,62944
231144,62944
208758,62944
208488,62944
249342,62944
244680,62944
157767,62944
205191,62944
203280,62944
238032,62944
230073,62944
77484,62944
244287,62944
162603,62944
203256,62944
195723,62944
208515,62944
203532,62944
203574,62944
233814,62944
199860,62944
193965,62944
199854,62944
158610,62944
206478,62944
156486,62944
205905,62944
235335,62944
200964,62944
210615,62944
192942,62944
223728,62944
123150,62944
208692,62944
80925,62944
203166,62944
224280,62944
227670,62944
250020,62944
244731,62944
250653,62944
217002,62944
190152,62944
251085,62944
251625,62944
216822,62944
248796,62944
251442,62944
204717,62944
167364,62944
211344,62944
224211,62944
252081,62944
198873,62944
204189,62944
194601,62944
154713,62944
206514,62944
223776,62944
212445,62944
220302,62944
242412,62944
249981,62944
249081,62944
203661,62944
251631,62944
226140,62944
247002,62944
249687,62944
247962,62944
251619,62944
246963,62944
247986,62944
222759,62944
243789,62944
153792,62944
206481,62944
215112,62944
244869,62944
250749,62944
172008,62944
252210,62944
252177,62944
251202,62944
253557,62944
252396,62944
253191,62944
253866,62944
253416,62944
61899,56696
164337,56696
176643,56696
183213,56696
188787,56696
207222,56696
217848,56696
229527,56696
230331,56696
232410,56696
183195,56696
203502,56696
206433,56696
217782,56696
232035,56696
234018,56696
244404,56696
175266,56696
205107,56696
205959,56696
234093,56696
61482,56696
178458,56696
191232,56696
197673,56696
203259,56696
212748,56696
59691,56696
198867,56696
205659,56696
206940,56696
225501,56696
63873,56696
194790,56696
197286,56696
239577,56696
72483,56696
163131,56696
186990,56696
196845,56696
206367,56696
206418,56696
210678,56696
237300,56696
128502,56696
183492,56696
207150,56696
210168,56696
192771,56696
193323,56696
203820,56696
227988,56696
234972,56696
241824,56696
210840,56696
216648,56696
186657,56696
203790,56696
219021,56696
66777,56696
232827,56696
187734,56696
165927,56696
187797,56696
183489,56696
194883,56696
209622,56696
221115,56696
65631,56696
180495,56696
61977,56696
239247,56696
176403,56696
212721,56696
202959,56696
203445,56696
206955,56696
187659,56696
212112,56696
203775,56696
228060,56696
235191,56696
61692,56696
207828,56696
203178,56696
72558,56696
192159,56696
206376,56696
223968,56696
206358,56696
203088,56696
217380,56696
204141,56696
205728,56696
235299,56696
243408,56696
198882,56696
206442,56696
220728,56696
153756,56696
203133,56696
203796,56696
206460,56696
207129,56696
156057,56696
167316,56696
208341,56696
158499,56696
206667,56696
226662,56696
61215,56696
203052,56696
208788,56696
186177,56696
203829,56696
211524,56696
208797,56696
196722,56696
203388,56696
194904,56696
203322,56696
206427,56696
225393,56696
212301,56696
208350,56696
212892,56696
128526,56696
223554,56696
239217,56696
206664,56696
238263,56696
192564,56696
204771,56696
192714,56696
215298,56696
212469,56696
216309,56696
203268,56696
206346,56696
205662,56696
229341,56696
230028,56696
242571,56696
190776,56696
206847,56696
213513,56696
225012,56696
63582,56696
207084,56696
154068,56696
235932,56696
207600,56696
210393,56696
212442,56696
208518,56696
211533,56696
212448,56696
206811,56696
129264,56696
208482,56696
212688,56696
225672,56696
206364,56696
251643,56696
203142,56696
139272,56696
162984,56696
203106,56696
206304,56696
242619,56696
206412,56696
251106,56696
248373,56696
249216,56696
206637,56696
249579,56696
241305,56696
250275,56696
157185,56696
249930,56696
221331,56696
206856,56696
247983,56696
232029,56696
247956,56696
206928,56696
203145,56696
203646,56696
211638,56696
244041,56696
206784,56696
208488,56696
72561,56696
66918,56696
249486,56696
250668,56696
206988,56696
244680,56696
183468,56696
171702,56696
229737,56696
207588,56696
203811,56696
193911,56696
203733,56696
77484,56696
244287,56696
162603,56696
207330,56696
245631,56696
203256,56696
207114,56696
210825,56696
195723,56696
203736,56696
203247,56696
203274,56696
203574,56696
191238,56696
199860,56696
206415,56696
196311,56696
206937,56696
206823,56696
238572,56696
227616,56696
197799,56696
206625,56696
184713,56696
203670,56696
186882,56696
202638,56696
153204,56696
205905,56696
240918,56696
200964,56696
240990,56696
192942,56696
203127,56696
166002,56696
209793,56696
206646,56696
192768,56696
203166,56696
224280,56696
247548,56696
250221,56696
251085,56696
199242,56696
248871,56696
251442,56696
224211,56696
69060,56696
203727,56696
198873,56696
219450,56696
243546,56696
219231,56696
219420,56696
227829,56696
206514,56696
223776,56696
63876,56696
242412,56696
246618,56696
215247,56696
155403,56696
246858,56696
247986,56696
162960,56696
238611,56696
245046,56696
249297,56696
208560,56696
215985,56696
249411,56696
172008,56696
209970,56696
252177,56696
61899,63510
164337,63510
172056,63510
183213,63510
187806,63510
188787,63510
207222,63510
217848,63510
229527,63510
230286,63510
230331,63510
232410,63510
236115,63510
236226,63510
71274,63510
88920,63510
188331,63510
203502,63510
206433,63510
207996,63510
217782,63510
220713,63510
222906,63510
231663,63510
232035,63510
234018,63510
234297,63510
244404,63510
60864,63510
165717,63510
175266,63510
189045,63510
205959,63510
212550,63510
234093,63510
60888,63510
61482,63510
178230,63510
178458,63510
178830,63510
183105,63510
191232,63510
197673,63510
201837,63510
203259,63510
211383,63510
212211,63510
212748,63510
59691,63510
61908,63510
186174,63510
198867,63510
205659,63510
206940,63510
207339,63510
225501,63510
227115,63510
63873,63510
172161,63510
194229,63510
197286,63510
203700,63510
220269,63510
72483,63510
163131,63510
198573,63510
203175,63510
206367,63510
206418,63510
25749,63510
154551,63510
206772,63510
237300,63510
128502,63510
183492,63510
195063,63510
210168,63510
62817,63510
192771,63510
193323,63510
203820,63510
71271,63510
160029,63510
207216,63510
227988,63510
187707,63510
204795,63510
234972,63510
241824,63510
128469,63510
204762,63510
211950,63510
216648,63510
225669,63510
242388,63510
186657,63510
203460,63510
203790,63510
59703,63510
66777,63510
232455,63510
232827,63510
242556,63510
207102,63510
206670,63510
216498,63510
187797,63510
210981,63510
183489,63510
194883,63510
209622,63510
221115,63510
72045,63510
222669,63510
239556,63510
210816,63510
66378,63510
201852,63510
176403,63510
212721,63510
234021,63510
202959,63510
203445,63510
244380,63510
206955,63510
213114,63510
71766,63510
201564,63510
212112,63510
187962,63510
172503,63510
228060,63510
207828,63510
72558,63510
192159,63510
164064,63510
208806,63510
225699,63510
208476,63510
206376,63510
223968,63510
206358,63510
221751,63510
208572,63510
231162,63510
203232,63510
227973,63510
195507,63510
198882,63510
212220,63510
220728,63510
153756,63510
194424,63510
203133,63510
203796,63510
207129,63510
156057,63510
167316,63510
208341,63510
158499,63510
206361,63510
206667,63510
226662,63510
154011,63510
203052,63510
204780,63510
208788,63510
211527,63510
72930,63510
186177,63510
224145,63510
184950,63510
210186,63510
232065,63510
65640,63510
210834,63510
198210,63510
211524,63510
231282,63510
66465,63510
96444,63510
196722,63510
203388,63510
220170,63510
196455,63510
61824,63510
194904,63510
197529,63510
203322,63510
208722,63510
206427,63510
225393,63510
210114,63510
211548,63510
232404,63510
212301,63510
238293,63510
200502,63510
208590,63510
227310,63510
66843,63510
128526,63510
203889,63510
208893,63510
223554,63510
234156,63510
160770,63510
206664,63510
61344,63510
238263,63510
224526,63510
192564,63510
63867,63510
208524,63510
157224,63510
204771,63510
205122,63510
161283,63510
208506,63510
206439,63510
206451,63510
232269,63510
204411,63510
223518,63510
208872,63510
182565,63510
203268,63510
203295,63510
206346,63510
203316,63510
205662,63510
206406,63510
2061063,63510
206745,63510
186438,63510
208740,63510
230028,63510
242151,63510
242571,63510
210234,63510
213513,63510
242856,63510
203214,63510
63582,63510
209799,63510
221526,63510
154068,63510
186933,63510
158016,63510
210393,63510
72900,63510
208347,63510
208500,63510
210690,63510
25743,63510
212442,63510
230091,63510
129153,63510
220011,63510
208518,63510
210846,63510
232068,63510
238377,63510
203310,63510
211533,63510
203439,63510
164661,63510
223401,63510
208491,63510
208761,63510
240939,63510
208503,63510
212448,63510
206811,63510
157500,63510
203724,63510
208482,63510
208821,63510
236775,63510
183921,63510
208485,63510
203301,63510
229620,63510
242442,63510
246627,63510
206364,63510
211947,63510
242232,63510
251253,63510
251643,63510
252375,63510
203142,63510
213885,63510
248013,63510
139272,63510
191556,63510
203106,63510
206952,63510
223530,63510
241026,63510
242619,63510
206748,63510
197802,63510
251106,63510
229521,63510
250947,63510
248373,63510
203058,63510
249216,63510
206637,63510
222306,63510
231057,63510
241305,63510
163101,63510
248178,63510
249930,63510
213102,63510
221331,63510
208479,63510
206673,63510
227292,63510
251829,63510
206979,63510
247983,63510
206958,63510
247956,63510
231876,63510
72117,63510
203145,63510
203646,63510
194409,63510
248301,63510
231144,63510
206868,63510
208758,63510
208488,63510
249342,63510
249486,63510
242415,63510
206988,63510
244680,63510
183468,63510
157767,63510
205191,63510
233163,63510
203280,63510
228687,63510
64959,63510
238032,63510
203733,63510
205665,63510
230073,63510
77484,63510
244287,63510
162603,63510
245631,63510
163482,63510
72918,63510
203256,63510
248202,63510
248250,63510
195723,63510
208515,63510
203241,63510
158274,63510
203274,63510
203532,63510
203574,63510
217752,63510
199860,63510
199854,63510
206937,63510
238572,63510
206478,63510
227616,63510
68568,63510
156486,63510
197799,63510
158766,63510
211413,63510
222750,63510
187395,63510
186882,63510
188100,63510
202638,63510
63690,63510
205905,63510
153885,63510
206076,63510
210633,63510
235335,63510
209880,63510
237840,63510
65058,63510
196302,63510
200964,63510
210615,63510
229536,63510
240990,63510
192942,63510
203127,63510
223728,63510
166002,63510
208692,63510
208812,63510
209793,63510
192768,63510
204375,63510
198981,63510
171684,63510
207999,63510
203166,63510
227670,63510
250020,63510
244731,63510
250653,63510
217002,63510
190152,63510
247548,63510
250221,63510
251085,63510
68676,63510
251625,63510
199242,63510
250629,63510
216822,63510
248796,63510
212595,63510
219132,63510
251442,63510
248724,63510
204717,63510
167364,63510
198534,63510
224211,63510
252081,63510
252774,63510
203727,63510
203151,63510
203454,63510
204189,63510
166005,63510
219231,63510
207822,63510
208473,63510
194601,63510
206514,63510
206763,63510
200364,63510
223776,63510
203511,63510
195378,63510
208521,63510
212445,63510
228564,63510
220302,63510
195582,63510
185817,63510
212637,63510
205731,63510
190113,63510
149634,63510
242412,63510
249081,63510
251631,63510
226140,63510
247002,63510
249294,63510
249687,63510
247962,63510
251619,63510
248706,63510
250362,63510
205821,63510
192756,63510
155403,63510
148782,63510
246963,63510
246858,63510
247986,63510
162810,63510
204054,63510
222759,63510
175239,63510
243789,63510
153792,63510
206484,63510
246216,63510
71301,63510
206481,63510
246987,63510
208881,63510
215985,63510
215112,63510
212433,63510
244869,63510
253098,63510
249795,63510
172008,63510
249513,63510
252210,63510
252177,63510
251202,63510
251721,63510
253557,63510
253053,63510
253683,63510
253191,63510
253866,63510
253416,63510
253578,63510
253464,63510
253935,63510
253647,63510
254196,63510
183213,54290
187806,54290
71274,54290
188331,54290
217782,54290
183105,54290
220269,54290
71271,54290
176403,54290
206376,54290
212220,54290
156057,54290
211527,54290
232065,54290
211524,54290
225393,54290
238293,54290
206760,54290
212469,54290
206346,54290
206952,54290
206748,54290
229521,54290
210615,54290
244731,54290
211344,54290
204189,54290
251619,54290
246963,54290
162810,54290
61899,59394
183213,59394
187806,59394
217848,59394
229527,59394
236115,59394
183195,59394
188331,59394
217782,59394
232035,59394
61482,59394
178458,59394
178830,59394
183105,59394
191232,59394
186174,59394
206940,59394
225501,59394
194229,59394
197286,59394
220269,59394
163131,59394
196845,59394
25749,59394
201522,59394
62817,59394
71271,59394
187707,59394
242388,59394
203460,59394
66777,59394
194883,59394
201852,59394
176403,59394
213114,59394
61692,59394
206376,59394
208572,59394
188730,59394
198882,59394
212220,59394
203796,59394
156057,59394
208341,59394
154011,59394
208788,59394
211527,59394
210186,59394
232065,59394
66465,59394
225393,59394
210114,59394
236520,59394
128526,59394
61344,59394
211476,59394
157224,59394
206943,59394
182565,59394
206346,59394
190776,59394
210234,59394
186933,59394
230091,59394
203724,59394
229620,59394
242442,59394
246627,59394
206364,59394
206952,59394
206748,59394
248373,59394
203058,59394
222306,59394
207087,59394
206979,59394
249342,59394
249486,59394
238032,59394
244287,59394
207330,59394
158274,59394
203532,59394
199854,59394
156486,59394
211413,59394
200964,59394
192942,59394
203166,59394
244731,59394
251442,59394
211344,59394
252774,59394
204189,59394
223776,59394
208521,59394
215247,59394
251631,59394
251619,59394
246963,59394
162810,59394
206484,59394
206481,59394
215112,59394
163032,59394
250749,59394
252210,59394
251202,59394
253557,59394
253866,59394
61899,52918
183213,52918
187806,52918
217848,52918
230286,52918
71274,52918
183195,52918
203502,52918
217782,52918
183105,52918
186174,52918
197286,52918
220269,52918
72483,52918
25749,52918
183492,52918
62817,52918
203820,52918
71271,52918
187707,52918
194883,52918
176403,52918
244380,52918
203178,52918
206376,52918
203232,52918
212220,52918
194424,52918
156057,52918
208341,52918
206667,52918
232065,52918
211524,52918
194904,52918
206427,52918
225393,52918
238293,52918
66843,52918
128526,52918
238263,52918
206943,52918
72312,52918
223518,52918
206346,52918
210234,52918
186933,52918
242442,52918
252375,52918
213885,52918
206748,52918
231057,52918
249342,52918
238032,52918
248202,52918
199854,52918
186882,52918
210882,52918
200964,52918
244731,52918
250221,52918
251442,52918
211344,52918
198534,52918
204189,52918
246618,52918
215247,52918
246963,52918
215112,52918
183213,63186
236115,63186
71274,63186
191232,63186
211383,63186
61908,63186
186174,63186
206940,63186
225501,63186
220269,63186
203175,63186
206418,63186
25749,63186
210168,63186
71271,63186
242388,63186
201852,63186
176403,63186
61692,63186
203178,63186
206358,63186
212220,63186
153756,63186
211527,63186
210186,63186
61824,63186
206427,63186
225393,63186
206760,63186
204771,63186
172695,63186
186933,63186
207600,63186
164661,63186
242442,63186
206952,63186
206748,63186
206412,63186
206979,63186
247983,63186
206868,63186
249486,63186
203184,63186
203277,63186
196311,63186
210615,63186
244731,63186
248796,63186
251442,63186
154665,63186
203454,63186
204189,63186
194601,63186
251619,63186
250362,63186
162810,63186
206481,63186
208560,63186
253464,63186
61899,55798
172056,55798
188787,55798
206433,55798
212550,55798
178830,55798
225501,55798
194790,55798
210678,55798
206772,55798
187707,55798
239247,55798
202959,55798
228060,55798
188730,55798
198882,55798
207129,55798
208341,55798
224145,55798
61824,55798
238293,55798
206943,55798
204411,55798
229341,55798
186438,55798
209799,55798
238377,55798
206364,55798
242232,55798
213885,55798
248013,55798
206952,55798
203058,55798
247983,55798
203145,55798
232656,55798
209073,55798
203733,55798
203256,55798
244878,55798
199860,55798
238827,55798
158766,55798
62811,55798
204375,55798
244005,55798
248796,55798
167364,55798
166362,55798
246618,55798
162810,55798
246150,55798
61899,61552
183213,61552
206787,61552
229527,61552
71274,61552
220713,61552
232035,61552
60864,61552
175266,61552
183105,61552
191232,61552
203259,61552
186174,61552
198867,61552
205659,61552
206940,61552
225501,61552
194229,61552
197286,61552
220269,61552
196845,61552
206367,61552
206418,61552
210678,61552
25749,61552
188637,61552
62817,61552
193323,61552
203820,61552
71271,61552
234972,61552
211950,61552
203790,61552
232455,61552
242430,61552
242556,61552
207102,61552
206670,61552
210981,61552
194883,61552
129081,61552
176403,61552
203445,61552
206955,61552
213114,61552
212112,61552
228060,61552
207828,61552
203178,61552
72558,61552
208806,61552
172587,61552
211965,61552
206349,61552
208476,61552
163377,61552
198882,61552
212220,61552
220728,61552
153756,61552
206667,61552
211527,61552
186177,61552
65640,61552
66465,61552
206427,61552
225393,61552
212301,61552
194718,61552
208350,61552
238293,61552
200502,61552
203706,61552
206664,61552
206760,61552
157224,61552
204771,61552
204411,61552
208872,61552
212469,61552
166995,61552
206745,61552
208599,61552
206847,61552
213513,61552
221526,61552
153309,61552
207600,61552
165762,61552
208500,61552
208575,61552
25743,61552
203439,61552
211407,61552
129264,61552
208482,61552
194208,61552
203517,61552
242442,61552
242232,61552
162984,61552
203106,61552
206952,61552
206748,61552
206412,61552
162957,61552
203058,61552
213102,61552
206979,61552
206856,61552
206928,61552
206868,61552
206784,61552
208488,61552
206988,61552
229737,61552
184710,61552
77484,61552
246870,61552
207330,61552
203256,61552
207114,61552
208515,61552
199854,61552
206937,61552
206823,61552
238572,61552
227616,61552
156486,61552
184713,61552
65058,61552
210615,61552
192942,61552
209793,61552
204375,61552
208794,61552
244731,61552
68676,61552
199242,61552
219132,61552
228948,61552
206514,61552
206763,61552
206799,61552
207267,61552
220302,61552
195582,61552
155403,61552
162810,61552
206484,61552
61899,16358
183213,16358
183912,16358
187806,16358
206787,16358
217848,16358
229527,16358
71274,16358
188331,16358
203502,16358
207996,16358
217782,16358
220713,16358
60864,16358
72645,16358
205107,16358
205959,16358
234120,16358
154041,16358
178830,16358
183105,16358
191232,16358
203259,16358
212211,16358
61908,16358
186174,16358
205659,16358
225501,16358
194229,16358
197286,16358
220269,16358
239577,16358
72483,16358
196845,16358
203175,16358
206418,16358
210678,16358
25749,16358
204144,16358
188637,16358
195063,16358
210168,16358
62817,16358
203820,16358
71271,16358
227988,16358
187707,16358
204762,16358
211950,16358
225669,16358
71409,16358
186657,16358
203460,16358
203790,16358
232455,16358
187734,16358
210981,16358
183489,16358
194883,16358
209622,16358
72045,16358
129081,16358
203082,16358
176403,16358
203445,16358
206955,16358
213114,16358
154098,16358
212112,16358
228060,16358
61692,16358
207828,16358
203178,16358
172587,16358
211965,16358
208476,16358
223968,16358
211767,16358
212220,16358
203133,16358
167316,16358
204780,16358
72930,16358
186177,16358
232065,16358
66465,16358
196722,16358
194904,16358
210114,16358
238293,16358
212892,16358
128526,16358
208893,16358
61344,16358
194388,16358
157224,16358
204771,16358
192714,16358
206451,16358
203073,16358
212469,16358
182565,16358
172695,16358
206847,16358
221526,16358
207600,16358
208347,16358
212442,16358
211533,16358
203439,16358
230010,16358
129264,16358
140277,16358
236775,16358
212571,16358
251643,16358
242619,16358
162957,16358
207240,16358
213102,16358
221331,16358
251829,16358
206979,16358
231876,16358
236766,16358
208758,16358
209154,16358
225972,16358
249342,16358
244680,16358
203451,16358
229737,16358
177672,16358
221610,16358
203271,16358
162603,16358
207330,16358
203256,16358
207114,16358
248250,16358
225480,16358
199854,16358
61935,16358
184713,16358
191229,16358
187395,16358
186882,16358
209880,16358
65058,16358
210615,16358
240990,16358
223728,16358
204375,16358
95988,16358
250020,16358
244731,16358
167136,16358
250221,16358
199242,16358
251442,16358
248724,16358
204717,16358
247134,16358
203454,16358
219450,16358
204189,16358
207822,16358
194601,16358
206838,16358
166362,16358
128685,16358
233427,16358
218121,16358
248706,16358
203181,16358
213987,16358
246963,16358
211740,16358
66336,16358
206484,16358
206457,16358
236973,16358
252177,16358
253866,16358
61899,63136
183213,63136
187806,63136
217848,63136
236115,63136
71274,63136
183195,63136
217782,63136
232035,63136
234297,63136
61482,63136
183105,63136
191232,63136
186174,63136
205659,63136
207339,63136
213978,63136
225501,63136
194229,63136
197286,63136
220269,63136
72483,63136
163131,63136
196845,63136
25749,63136
62817,63136
193323,63136
71271,63136
242388,63136
232455,63136
129081,63136
222669,63136
176403,63136
244380,63136
206376,63136
198882,63136
212220,63136
203133,63136
203796,63136
156057,63136
208788,63136
211527,63136
186177,63136
232065,63136
211524,63136
225393,63136
238293,63136
128526,63136
211476,63136
208524,63136
182565,63136
206346,63136
190776,63136
225012,63136
221526,63136
186933,63136
212448,63136
203724,63136
242442,63136
206364,63136
206952,63136
206748,63136
203058,63136
231057,63136
163101,63136
213102,63136
206979,63136
249342,63136
203811,63136
77484,63136
244287,63136
158766,63136
244731,63136
250653,63136
249981,63136
251967,63136
249081,63136
251631,63136
251619,63136
246963,63136
249855,63136
246858,63136
250749,63136
253866,63136
61899,61348
187806,61348
207222,61348
71274,61348
188331,61348
217782,61348
178830,61348
183105,61348
206940,61348
183492,61348
71271,61348
242388,61348
183489,61348
176403,61348
61692,61348
212220,61348
156057,61348
238293,61348
216309,61348
186933,61348
206952,61348
206748,61348
208758,61348
238032,61348
244287,61348
210615,61348
244731,61348
211344,61348
61899,10808
71274,10808
186174,10808
153303,10808
220269,10808
206418,10808
71271,10808
242388,10808
207102,10808
176403,10808
156057,10808
236520,10808
212232,10808
186933,10808
229521,10808
206979,10808
206868,10808
238032,10808
210615,10808
192942,10808
210585,10808
244731,10808
250749,10808
61899,63508
183213,63508
229527,63508
238068,63508
71274,63508
188331,63508
217782,63508
222906,63508
232035,63508
234297,63508
189045,63508
60888,63508
178458,63508
183105,63508
212748,63508
186174,63508
206940,63508
207339,63508
172161,63508
197286,63508
128502,63508
183492,63508
187707,63508
204795,63508
186657,63508
191892,63508
216498,63508
129081,63508
66378,63508
203178,63508
208806,63508
223968,63508
207129,63508
156057,63508
167316,63508
72930,63508
194904,63508
208722,63508
210114,63508
211548,63508
200502,63508
227310,63508
66843,63508
206664,63508
192564,63508
208524,63508
157224,63508
208872,63508
216309,63508
206346,63508
212448,63508
157500,63508
206952,63508
206748,63508
163101,63508
221331,63508
206979,63508
206928,63508
231876,63508
72117,63508
248301,63508
231144,63508
208488,63508
249342,63508
203733,63508
244287,63508
203256,63508
199860,63508
206478,63508
65058,63508
200964,63508
207999,63508
244731,63508
250653,63508
251085,63508
251625,63508
248796,63508
251442,63508
211344,63508
224211,63508
242412,63508
251631,63508
247962,63508
251619,63508
222759,63508
153792,63508
172008,63508
251202,63508
253866,63508
154077,62400
172056,62400
183213,62400
187806,62400
194082,62400
207222,62400
217848,62400
229527,62400
236115,62400
236226,62400
70890,62400
71274,62400
183195,62400
188331,62400
206433,62400
222906,62400
232035,62400
234297,62400
205107,62400
178458,62400
183105,62400
191232,62400
211383,62400
186174,62400
206940,62400
194229,62400
197286,62400
203700,62400
72483,62400
163131,62400
196845,62400
198573,62400
206367,62400
206418,62400
25749,62400
206772,62400
183492,62400
207150,62400
193323,62400
71271,62400
207216,62400
187707,62400
207078,62400
242388,62400
186657,62400
203460,62400
232455,62400
232827,62400
187734,62400
187797,62400
229539,62400
209637,62400
66378,62400
201852,62400
239247,62400
176403,62400
212721,62400
244380,62400
154098,62400
212112,62400
212379,62400
203178,62400
192159,62400
206376,62400
206358,62400
206496,62400
204141,62400
188730,62400
198882,62400
156057,62400
208341,62400
154011,62400
204780,62400
208788,62400
211527,62400
72930,62400
186177,62400
224145,62400
172704,62400
210186,62400
232065,62400
211524,62400
66465,62400
194904,62400
206427,62400
225393,62400
232404,62400
238293,62400
200502,62400
66843,62400
128526,62400
206760,62400
206607,62400
208524,62400
157224,62400
215298,62400
212469,62400
182565,62400
206346,62400
186438,62400
242151,62400
210234,62400
242856,62400
235932,62400
210393,62400
181860,62400
212442,62400
230091,62400
238377,62400
211533,62400
208491,62400
157500,62400
242442,62400
206952,62400
229521,62400
231057,62400
163101,62400
213102,62400
221331,62400
206979,62400
206958,62400
72117,62400
205191,62400
238032,62400
244287,62400
207114,62400
203574,62400
206448,62400
199854,62400
206478,62400
212640,62400
207156,62400
205905,62400
196302,62400
200964,62400
206646,62400
198981,62400
211344,62400
195447,62400
243546,62400
219420,62400
194601,62400
206514,62400
246858,62400
233961,62400
243789,62400
206484,62400
232503,62400
154077,59822
176643,59822
183213,59822
194082,59822
207222,59822
217848,59822
230331,59822
236226,59822
88920,59822
171939,59822
183195,59822
203502,59822
206433,59822
207996,59822
217782,59822
232035,59822
244404,59822
175266,59822
189045,59822
205107,59822
234093,59822
154041,59822
178830,59822
183105,59822
191232,59822
203259,59822
61908,59822
186174,59822
225501,59822
227115,59822
194229,59822
194790,59822
197286,59822
220269,59822
239577,59822
72483,59822
163131,59822
196845,59822
206418,59822
206772,59822
237300,59822
183492,59822
188637,59822
207150,59822
62817,59822
193323,59822
203820,59822
154245,59822
227988,59822
204795,59822
234972,59822
207078,59822
241824,59822
128469,59822
204762,59822
210840,59822
211950,59822
216648,59822
225669,59822
186657,59822
203100,59822
203790,59822
219021,59822
66777,59822
232827,59822
242556,59822
167652,59822
203112,59822
207102,59822
165927,59822
204657,59822
206670,59822
187797,59822
210981,59822
64734,59822
72045,59822
129081,59822
204228,59822
61977,59822
66378,59822
201852,59822
239247,59822
176403,59822
212721,59822
234021,59822
202959,59822
244380,59822
206955,59822
183576,59822
213114,59822
71766,59822
201564,59822
228060,59822
207828,59822
203178,59822
192159,59822
208806,59822
172587,59822
206349,59822
208476,59822
217293,59822
206358,59822
206496,59822
208572,59822
205728,59822
195507,59822
243408,59822
174513,59822
188730,59822
198882,59822
212430,59822
220728,59822
203133,59822
203796,59822
207129,59822
167316,59822
206667,59822
154011,59822
208788,59822
211527,59822
234030,59822
203829,59822
237195,59822
184950,59822
232065,59822
195372,59822
198210,59822
211524,59822
96444,59822
203388,59822
196455,59822
194904,59822
197529,59822
154743,59822
206427,59822
210114,59822
238293,59822
157938,59822
201798,59822
128526,59822
206664,59822
206760,59822
238263,59822
224526,59822
63867,59822
205122,59822
161283,59822
206943,59822
192714,59822
212469,59822
239115,59822
216309,59822
208566,59822
182565,59822
203295,59822
206346,59822
206406,59822
172695,59822
229341,59822
242151,59822
242571,59822
190776,59822
181149,59822
225012,59822
208626,59822
63582,59822
221526,59822
158016,59822
165762,59822
208575,59822
210690,59822
129204,59822
25743,59822
212442,59822
220011,59822
210846,59822
232068,59822
238377,59822
203310,59822
211533,59822
128901,59822
208491,59822
208761,59822
208503,59822
206811,59822
241203,59822
203724,59822
203301,59822
208545,59822
203517,59822
229620,59822
242442,59822
246627,59822
242232,59822
251643,59822
191556,59822
233091,59822
229521,59822
243927,59822
203058,59822
249216,59822
231057,59822
222516,59822
223782,59822
163101,59822
249930,59822
213102,59822
208479,59822
206673,59822
206856,59822
232029,59822
206355,59822
244041,59822
248301,59822
155271,59822
208488,59822
72561,59822
66918,59822
229263,59822
237057,59822
206988,59822
183468,59822
208206,59822
157767,59822
205191,59822
203184,59822
203811,59822
208554,59822
228687,59822
195249,59822
209073,59822
77484,59822
206421,59822
72918,59822
200508,59822
195723,59822
158274,59822
246339,59822
203532,59822
199854,59822
238827,59822
158610,59822
187743,59822
206823,59822
227616,59822
68568,59822
206625,59822
184713,59822
153150,59822
211413,59822
186882,59822
153885,59822
223389,59822
178257,59822
210633,59822
209880,59822
196302,59822
192942,59822
223728,59822
123150,59822
68496,59822
208812,59822
80925,59822
207498,59822
203166,59822
250020,59822
203868,59822
242505,59822
247548,59822
244005,59822
199242,59822
248796,59822
67056,59822
212595,59822
198534,59822
154509,59822
203727,59822
198873,59822
154560,59822
228948,59822
243546,59822
166005,59822
206514,59822
206838,59822
208521,59822
157080,59822
220302,59822
246618,59822
235842,59822
154494,59822
148782,59822
198792,59822
204054,59822
233961,59822
245826,59822
246150,59822
245046,59822
236973,59822
172056,63418
217848,63418
236226,63418
183195,63418
206433,63418
60888,63418
183105,63418
186174,63418
205659,63418
225501,63418
194229,63418
220269,63418
72483,63418
196845,63418
206772,63418
183492,63418
207150,63418
210168,63418
193323,63418
203820,63418
242556,63418
206670,63418
229539,63418
129081,63418
61977,63418
234021,63418
206955,63418
172503,63418
228060,63418
61692,63418
207828,63418
203178,63418
192159,63418
198990,63418
206358,63418
201282,63418
198882,63418
220728,63418
156057,63418
208341,63418
206667,63418
154011,63418
208788,63418
72930,63418
66465,63418
96444,63418
206427,63418
225393,63418
128526,63418
234156,63418
206664,63418
192564,63418
232269,63418
204411,63418
212469,63418
205662,63418
206406,63418
210234,63418
242856,63418
225012,63418
210846,63418
240939,63418
242442,63418
206952,63418
242619,63418
206748,63418
203058,63418
249216,63418
213102,63418
227292,63418
247983,63418
203145,63418
208758,63418
249342,63418
249486,63418
157767,63418
205191,63418
238032,63418
244287,63418
195723,63418
206415,63418
198981,63418
244731,63418
198855,63418
248796,63418
251442,63418
249981,63418
207147,63418
251619,63418
247986,63418
253098,63418
250749,63418
251493,63418
172056,61558
183213,61558
187806,61558
188787,61558
194082,61558
207222,61558
232410,61558
236226,61558
56868,61558
70890,61558
88920,61558
183195,61558
203502,61558
206433,61558
217782,61558
220713,61558
222906,61558
232035,61558
234018,61558
234297,61558
165717,61558
189045,61558
212550,61558
60888,61558
61482,61558
154041,61558
178230,61558
178458,61558
183105,61558
191232,61558
203259,61558
216981,61558
61908,61558
186174,61558
206940,61558
225501,61558
194229,61558
194790,61558
197286,61558
203700,61558
72483,61558
163131,61558
196845,61558
206367,61558
206418,61558
210678,61558
154551,61558
204144,61558
237300,61558
183492,61558
188637,61558
192771,61558
193323,61558
203820,61558
222894,61558
71271,61558
227988,61558
187707,61558
204795,61558
234972,61558
207078,61558
211950,61558
225669,61558
186657,61558
203790,61558
219021,61558
66777,61558
232455,61558
232827,61558
242556,61558
207399,61558
165927,61558
210981,61558
194883,61558
209622,61558
64734,61558
65631,61558
229539,61558
72045,61558
180495,61558
239556,61558
201852,61558
176403,61558
212721,61558
234021,61558
203445,61558
206955,61558
213114,61558
71766,61558
228060,61558
61692,61558
207828,61558
72558,61558
192159,61558
164064,61558
206349,61558
225351,61558
198990,61558
208476,61558
206376,61558
223968,61558
207366,61558
206358,61558
217380,61558
208572,61558
211767,61558
203232,61558
205728,61558
243408,61558
198882,61558
212220,61558
220728,61558
153756,61558
206460,61558
207129,61558
226662,61558
154011,61558
204780,61558
208788,61558
211527,61558
72930,61558
237195,61558
172704,61558
65640,61558
198210,61558
196722,61558
61824,61558
194904,61558
197529,61558
208722,61558
225393,61558
232404,61558
212301,61558
238293,61558
227310,61558
203706,61558
128526,61558
234156,61558
160770,61558
206664,61558
206607,61558
224526,61558
212232,61558
192564,61558
208524,61558
161283,61558
234129,61558
206943,61558
223104,61558
208872,61558
166995,61558
182565,61558
203295,61558
206346,61558
205662,61558
206745,61558
229341,61558
242151,61558
242571,61558
206847,61558
210234,61558
208626,61558
207084,61558
186933,61558
158016,61558
224841,61558
207600,61558
165762,61558
72900,61558
208575,61558
129204,61558
198279,61558
25743,61558
230091,61558
129153,61558
208518,61558
232068,61558
203310,61558
211533,61558
203439,61558
208491,61558
240939,61558
212448,61558
206811,61558
129264,61558
212571,61558
194208,61558
203517,61558
242232,61558
211473,61558
139272,61558
191556,61558
203106,61558
229521,61558
203058,61558
207144,61558
231057,61558
183387,61558
163101,61558
206673,61558
232029,61558
200259,61558
206928,61558
203145,61558
210843,61558
244041,61558
231144,61558
208488,61558
72561,61558
242415,61558
206988,61558
244680,61558
208206,61558
171702,61558
229737,61558
203184,61558
203280,61558
231708,61558
193911,61558
230073,61558
77484,61558
207330,61558
226623,61558
72918,61558
203256,61558
195723,61558
244878,61558
208515,61558
203736,61558
158274,61558
203274,61558
199860,61558
207105,61558
196311,61558
206937,61558
207096,61558
206823,61558
227616,61558
197799,61558
206625,61558
184713,61558
211413,61558
25734,61558
228024,61558
222750,61558
186882,61558
210882,61558
215517,61558
205905,61558
181203,61558
210633,61558
200964,61558
203064,61558
240990,61558
192942,61558
208692,61558
166599,61558
208812,61558
80925,61558
209793,61558
206613,61558
204375,61558
95988,61558
208116,61558
229812,61558
217002,61558
68676,61558
199242,61558
219132,61558
211344,61558
224211,61558
198873,61558
232788,61558
243546,61558
227829,61558
194601,61558
206838,61558
195378,61558
208617,61558
208521,61558
63876,61558
206991,61558
220302,61558
185817,61558
149634,61558
242412,61558
246618,61558
154494,61558
213987,61558
192756,61558
212505,61558
65067,61558
162810,61558
178761,61558
205947,61558
233961,61558
243789,61558
162960,61558
164871,61558
245826,61558
216366,61558
215112,61558
217872,61558
207099,61558
206616,61558
209970,61558
183213,59776
187806,59776
197286,59776
163131,59776
206760,59776
216309,59776
206346,59776
194082,53394
207996,53394
232035,53394
175266,53394
205959,53394
203259,53394
186174,53394
72483,53394
186990,53394
206418,53394
25749,53394
203673,53394
210168,53394
193323,53394
128469,53394
191892,53394
232455,53394
210981,53394
71766,53394
211965,53394
206349,53394
220728,53394
203133,53394
203796,53394
208341,53394
211527,53394
232065,53394
238293,53394
232269,53394
242571,53394
206847,53394
210234,53394
225012,53394
208491,53394
157500,53394
206952,53394
229521,53394
248373,53394
203058,53394
213102,53394
206979,53394
247983,53394
238032,53394
203733,53394
77484,53394
207330,53394
195723,53394
158610,53394
240990,53394
203166,53394
250629,53394
248796,53394
69060,53394
223776,53394
246963,53394
246858,53394
183213,33534
187806,33534
206787,33534
71274,33534
203502,33534
207996,33534
60864,33534
203259,33534
186174,33534
206940,33534
225501,33534
194229,33534
220269,33534
206418,33534
210678,33534
203673,33534
192771,33534
193323,33534
71271,33534
234972,33534
204762,33534
242388,33534
59703,33534
232455,33534
216498,33534
194883,33534
203445,33534
206955,33534
213114,33534
212112,33534
207828,33534
203178,33534
211965,33534
206349,33534
207366,33534
206358,33534
163377,33534
211767,33534
204141,33534
206361,33534
186177,33534
65640,33534
211524,33534
196722,33534
225393,33534
212301,33534
128526,33534
206664,33534
206760,33534
204771,33534
203295,33534
63582,33534
186933,33534
207600,33534
208347,33534
155097,33534
238377,33534
230010,33534
211407,33534
206811,33534
129264,33534
212688,33534
212337,33534
194208,33534
211947,33534
206412,33534
231057,33534
207240,33534
250275,33534
206979,33534
210843,33534
211638,33534
225972,33534
249342,33534
221610,33534
203811,33534
203271,33534
209073,33534
207330,33534
203256,33534
208515,33534
176577,33534
199860,33534
199854,33534
206625,33534
184713,33534
207156,33534
210585,33534
220632,33534
198981,33534
244731,33534
222843,33534
250221,33534
218958,33534
251442,33534
204717,33534
252081,33534
219450,33534
206838,33534
248706,33534
206343,33534
220179,33534
233961,33534
162960,33534
253464,33534
187806,46632
188787,46632
207222,46632
217848,46632
229527,46632
70890,46632
217782,46632
222906,46632
234297,46632
178830,46632
191232,46632
212748,46632
186174,46632
207339,46632
225501,46632
194229,46632
197286,46632
220269,46632
72483,46632
196845,46632
25749,46632
183492,46632
62817,46632
192771,46632
160029,46632
59703,46632
66777,46632
183489,46632
176403,46632
212721,46632
71766,46632
212112,46632
206376,46632
208572,46632
195507,46632
188730,46632
198882,46632
212220,46632
220728,46632
203133,46632
206667,46632
211527,46632
210186,46632
232065,46632
211524,46632
66465,46632
194904,46632
206427,46632
225393,46632
210114,46632
60882,46632
128526,46632
223554,46632
206760,46632
194388,46632
212469,46632
206346,46632
210234,46632
194208,46632
206364,46632
206748,46632
229521,46632
206637,46632
206979,46632
167676,46632
203145,46632
208758,46632
157767,46632
230073,46632
203574,46632
25734,46632
153885,46632
192942,46632
211344,46632
226827,46632
206343,46632
162810,46632
206964,46632
172056,124
183213,124
187806,124
188787,124
229527,124
230331,124
71274,124
88920,124
183195,124
217782,124
231663,124
234297,124
244404,124
165717,124
205959,124
60888,124
183105,124
191232,124
203259,124
186174,124
206940,124
207339,124
225501,124
194229,124
220269,124
72483,124
163131,124
206367,124
210678,124
25749,124
237300,124
210168,124
62817,124
203820,124
71271,124
187707,124
207078,124
219381,124
128469,124
225669,124
242388,124
232455,124
242556,124
210981,124
183489,124
194883,124
209622,124
203082,124
201852,124
176403,124
203445,124
187659,124
212112,124
187962,124
207828,124
192159,124
208806,124
206349,124
238536,124
203232,124
195507,124
188730,124
198882,124
212220,124
203796,124
156057,124
208341,124
208788,124
211527,124
72930,124
172704,124
232065,124
211524,124
220170,124
194904,124
197529,124
225393,124
211548,124
208350,124
238293,124
66843,124
128526,124
206760,124
224526,124
167082,124
206943,124
216309,124
182565,124
2061063,124
242151,124
210234,124
225012,124
221526,124
154068,124
186933,124
210393,124
211533,124
223401,124
208491,124
208761,124
129264,124
242442,124
206952,124
206748,124
248373,124
203058,124
222306,124
221331,124
186327,124
236766,124
231144,124
249342,124
244680,124
183468,124
238032,124
226623,124
210825,124
158274,124
203274,124
25734,124
228024,124
222750,124
209880,124
200964,124
210615,124
192942,124
245976,124
244731,124
167136,124
251442,124
204717,124
211344,124
198534,124
224211,124
180195,124
203151,124
219450,124
204189,124
219420,124
194601,124
223776,124
195894,124
249294,124
247962,124
251619,124
207345,124
206343,124
246963,124
246858,124
162810,124
206481,124
249297,124
240924,124
209970,124
252210,124
253557,124
253866,124
183213,36720
217848,36720
71274,36720
183195,36720
234093,36720
186174,36720
206940,36720
220269,36720
193323,36720
71271,36720
154698,36720
176403,36720
212220,36720
156057,36720
225393,36720
206760,36720
182565,36720
206346,36720
186933,36720
128901,36720
242442,36720
206952,36720
206748,36720
231057,36720
163101,36720
206868,36720
210615,36720
244731,36720
250221,36720
211344,36720
215247,36720
251619,36720
246963,36720
162810,36720
206481,36720
250749,36720
217782,63540
205959,63540
25749,63540
203673,63540
222669,63540
212220,63540
156057,63540
211524,63540
182565,63540
203724,63540
206364,63540
203058,63540
249342,63540
252081,63540
249981,63540
183213,50724
187806,50724
217848,50724
71274,50724
183195,50724
188331,50724
217782,50724
220713,50724
183105,50724
186174,50724
207339,50724
225501,50724
197286,50724
72483,50724
71271,50724
187707,50724
176403,50724
206376,50724
198882,50724
212220,50724
156057,50724
128526,50724
206943,50724
216309,50724
206346,50724
186933,50724
206748,50724
231057,50724
230073,50724
199854,50724
200964,50724
210615,50724
211344,50724
204189,50724
207345,50724
206484,50724
215112,50724
183213,63218
187806,63218
217848,63218
229527,63218
236115,63218
236226,63218
183195,63218
188331,63218
203502,63218
206433,63218
217782,63218
234297,63218
234093,63218
178830,63218
183105,63218
191232,63218
212748,63218
186174,63218
206940,63218
225501,63218
194229,63218
197286,63218
220269,63218
62817,63218
192771,63218
193323,63218
207219,63218
187707,63218
242388,63218
194883,63218
176403,63218
187962,63218
206376,63218
212220,63218
203796,63218
211527,63218
72930,63218
186177,63218
210186,63218
232065,63218
211524,63218
96444,63218
194904,63218
208722,63218
206427,63218
225393,63218
200502,63218
128526,63218
182565,63218
203295,63218
206346,63218
203316,63218
206406,63218
229341,63218
206847,63218
211533,63218
242442,63218
246627,63218
213885,63218
206748,63218
231057,63218
221331,63218
231144,63218
203811,63218
195723,63218
203574,63218
199854,63218
211413,63218
155043,63218
196302,63218
244731,63218
217002,63218
248796,63218
251442,63218
223776,63218
249081,63218
218121,63218
251619,63218
246963,63218
247986,63218
153792,63218
206481,63218
183213,63360
187806,63360
188787,63360
207222,63360
217848,63360
229527,63360
232410,63360
236226,63360
71274,63360
183195,63360
188331,63360
203502,63360
206433,63360
217782,63360
222906,63360
234297,63360
244404,63360
60864,63360
205107,63360
234093,63360
60888,63360
61482,63360
178458,63360
178830,63360
183105,63360
191232,63360
203259,63360
212211,63360
186174,63360
205659,63360
206940,63360
225501,63360
194229,63360
197286,63360
220269,63360
72483,63360
163131,63360
196845,63360
206367,63360
25749,63360
183492,63360
203673,63360
62817,63360
192771,63360
193323,63360
71271,63360
160029,63360
187707,63360
204795,63360
241824,63360
216648,63360
242388,63360
186657,63360
66777,63360
232827,63360
242430,63360
203112,63360
187797,63360
183489,63360
194883,63360
221115,63360
72045,63360
129081,63360
222669,63360
239556,63360
66378,63360
201852,63360
239247,63360
176403,63360
212721,63360
234021,63360
244380,63360
211641,63360
228060,63360
61692,63360
207828,63360
203178,63360
192159,63360
206376,63360
207366,63360
235299,63360
188730,63360
198882,63360
212220,63360
207129,63360
156057,63360
167316,63360
208341,63360
154011,63360
208788,63360
211527,63360
72930,63360
186177,63360
210186,63360
232065,63360
195372,63360
211524,63360
66465,63360
194904,63360
208722,63360
225393,63360
212301,63360
238293,63360
212892,63360
128526,63360
238263,63360
208524,63360
157224,63360
232269,63360
204411,63360
212469,63360
216309,63360
182565,63360
203295,63360
206346,63360
190776,63360
206847,63360
210234,63360
225012,63360
63582,63360
209799,63360
210393,63360
72900,63360
208347,63360
230091,63360
211533,63360
238218,63360
128901,63360
212448,63360
157500,63360
203724,63360
194208,63360
229620,63360
242442,63360
206364,63360
252375,63360
213885,63360
248013,63360
206952,63360
206748,63360
229521,63360
231057,63360
163101,63360
213102,63360
221331,63360
247983,63360
244041,63360
231144,63360
208758,63360
249342,63360
183468,63360
77484,63360
244287,63360
203256,63360
195723,63360
199860,63360
193965,63360
199854,63360
158610,63360
207096,63360
227616,63360
158766,63360
211413,63360
62811,63360
235335,63360
209880,63360
200964,63360
210615,63360
240990,63360
192942,63360
204375,63360
245976,63360
95988,63360
224280,63360
244731,63360
250653,63360
190152,63360
199242,63360
250629,63360
216822,63360
248796,63360
251442,63360
211344,63360
198873,63360
247134,63360
219450,63360
204189,63360
219231,63360
194601,63360
223776,63360
208521,63360
251967,63360
249081,63360
218121,63360
251631,63360
226140,63360
249687,63360
251619,63360
246963,63360
162810,63360
162960,63360
206481,63360
215112,63360
165126,63360
251202,63360
253557,63360
253866,63360
253464,63360
183213,53046
197286,53046
193323,53046
176403,53046
234021,53046
211965,53046
206376,53046
208341,53046
203829,53046
196455,53046
228741,53046
66843,53046
204411,53046
242442,53046
251643,53046
231876,53046
183468,53046
238572,53046
63690,53046
198873,53046
228948,53046
216366,53046
183213,50968
203259,50968
186174,50968
237300,50968
193323,50968
194883,50968
66378,50968
234021,50968
211965,50968
206376,50968
203829,50968
208347,50968
128901,50968
158610,50968
212445,50968
63876,50968
183213,48980
207222,48980
71274,48980
183195,48980
188331,48980
217782,48980
178830,48980
183105,48980
212748,48980
186174,48980
225501,48980
194229,48980
197286,48980
220269,48980
210678,48980
25749,48980
183492,48980
62817,48980
71271,48980
187707,48980
241824,48980
66777,48980
183489,48980
176403,48980
212721,48980
71766,48980
207828,48980
206376,48980
208572,48980
198882,48980
212220,48980
203796,48980
208341,48980
211527,48980
232065,48980
211524,48980
194904,48980
225393,48980
238293,48980
66843,48980
128526,48980
206760,48980
61344,48980
157224,48980
206346,48980
210234,48980
186933,48980
129153,48980
212448,48980
157500,48980
242442,48980
206952,48980
206748,48980
248373,48980
206637,48980
167676,48980
238032,48980
163044,48980
208515,48980
153885,48980
210615,48980
208812,48980
224280,48980
244731,48980
251442,48980
211344,48980
252081,48980
204189,48980
194601,48980
212637,48980
251631,48980
251619,48980
246963,48980
162810,48980
244869,48980
253557,48980
183213,32496
187806,32496
217848,32496
236226,32496
71274,32496
171939,32496
183195,32496
203502,32496
217782,32496
222906,32496
234297,32496
178458,32496
183105,32496
183450,32496
191232,32496
212748,32496
186174,32496
198867,32496
206940,32496
207339,32496
225501,32496
194229,32496
197286,32496
220269,32496
25749,32496
237300,32496
183492,32496
193323,32496
203820,32496
71271,32496
187707,32496
66777,32496
207102,32496
72045,32496
129081,32496
201852,32496
176403,32496
234021,32496
187962,32496
207828,32496
188730,32496
198882,32496
212220,32496
156057,32496
208341,32496
72930,32496
224145,32496
232065,32496
211524,32496
194904,32496
225393,32496
238293,32496
236520,32496
128526,32496
206943,32496
206346,32496
190776,32496
242856,32496
157500,32496
242442,32496
246627,32496
213885,32496
206952,32496
206748,32496
231057,32496
163101,32496
221331,32496
194409,32496
249342,32496
205191,32496
233163,32496
238032,32496
77484,32496
244287,32496
193965,32496
61935,32496
200964,32496
210615,32496
166002,32496
244731,32496
217002,32496
246711,32496
199242,32496
248796,32496
251442,32496
211344,32496
224211,32496
250974,32496
198873,32496
203151,32496
204189,32496
194601,32496
212445,32496
244065,32496
249981,32496
246618,32496
215247,32496
207345,32496
246963,32496
162810,32496
153792,32496
208881,32496
201030,32496
253557,32496
253647,32496
183213,62618
187806,62618
207222,62618
229527,62618
70890,62618
88920,62618
188331,62618
217782,62618
222906,62618
244404,62618
60888,62618
178458,62618
191232,62618
212748,62618
186174,62618
206940,62618
207339,62618
194229,62618
197286,62618
220269,62618
72483,62618
163131,62618
196845,62618
206418,62618
25749,62618
128502,62618
183492,62618
193323,62618
187707,62618
242388,62618
186657,62618
191892,62618
232455,62618
183489,62618
194883,62618
229539,62618
222669,62618
66378,62618
176403,62618
212721,62618
61692,62618
207828,62618
206376,62618
198882,62618
212220,62618
203796,62618
154011,62618
211527,62618
211749,62618
72930,62618
210186,62618
211524,62618
208722,62618
225393,62618
238293,62618
200502,62618
206760,62618
61344,62618
192564,62618
208524,62618
212469,62618
216309,62618
206346,62618
205662,62618
230028,62618
210234,62618
186933,62618
210393,62618
208347,62618
230091,62618
211533,62618
157500,62618
207390,62618
242442,62618
246627,62618
206364,62618
213885,62618
206952,62618
229521,62618
206637,62618
183387,62618
163101,62618
221331,62618
206979,62618
208758,62618
233163,62618
244287,62618
203256,62618
195723,62618
206076,62618
210615,62618
244731,62618
244005,62618
167364,62618
247002,62618
246963,62618
162810,62618
178761,62618
243789,62618
206481,62618
215112,62618
183213,51316
236520,51316
206364,51316
207096,51316
183213,50970
212748,50970
186174,50970
237300,50970
193323,50970
66378,50970
176403,50970
206376,50970
203829,50970
66843,50970
210234,50970
128901,50970
208821,50970
158610,50970
200364,50970
63876,50970
216366,50970
183213,36762
71274,36762
183195,36762
186174,36762
206940,36762
71271,36762
176403,36762
156057,36762
225393,36762
242442,36762
206952,36762
163101,36762
210615,36762
244731,36762
215247,36762
246963,36762
162810,36762
183213,36722
71274,36722
186174,36722
220269,36722
71271,36722
156057,36722
186933,36722
206952,36722
206748,36722
231057,36722
210615,36722
244731,36722
246963,36722
162810,36722
183213,53386
187806,53386
71274,53386
188331,53386
217782,53386
183105,53386
206940,53386
220269,53386
71271,53386
66777,53386
176403,53386
234021,53386
203796,53386
232065,53386
238293,53386
216309,53386
128901,53386
242442,53386
206952,53386
203058,53386
244731,53386
250221,53386
251442,53386
211344,53386
246963,53386
183213,61560
187806,61560
188787,61560
207222,61560
217848,61560
232410,61560
236226,61560
70890,61560
88920,61560
203502,61560
206433,61560
207996,61560
217782,61560
220713,61560
222906,61560
232035,61560
234018,61560
165717,61560
173940,61560
205959,61560
234093,61560
60888,61560
178230,61560
178458,61560
178830,61560
183105,61560
191232,61560
212211,61560
59691,61560
186174,61560
206940,61560
225501,61560
194790,61560
197286,61560
203700,61560
220269,61560
163131,61560
196845,61560
210678,61560
25749,61560
154551,61560
204144,61560
237300,61560
128502,61560
183492,61560
188637,61560
159831,61560
193323,61560
222894,61560
227988,61560
187707,61560
234972,61560
128469,61560
204762,61560
211950,61560
225669,61560
219021,61560
59703,61560
165927,61560
187797,61560
210981,61560
194883,61560
64734,61560
72045,61560
129081,61560
180495,61560
158742,61560
211806,61560
66378,61560
176403,61560
212721,61560
206955,61560
211641,61560
213114,61560
71766,61560
228060,61560
235191,61560
207828,61560
72558,61560
192159,61560
164064,61560
204768,61560
223968,61560
217293,61560
208572,61560
235299,61560
243408,61560
188730,61560
198882,61560
212220,61560
220728,61560
153756,61560
167316,61560
206667,61560
204780,61560
208788,61560
211527,61560
72930,61560
72108,61560
65640,61560
195372,61560
211524,61560
231282,61560
196722,61560
61824,61560
194904,61560
197529,61560
208722,61560
232404,61560
238293,61560
157938,61560
200502,61560
203706,61560
128526,61560
224526,61560
212232,61560
63867,61560
157224,61560
205122,61560
161283,61560
192714,61560
223104,61560
208872,61560
166995,61560
182565,61560
203268,61560
203295,61560
206346,61560
205662,61560
206406,61560
206745,61560
229341,61560
186438,61560
242151,61560
206847,61560
210234,61560
242856,61560
203214,61560
63582,61560
186933,61560
224841,61560
207600,61560
165762,61560
210690,61560
198279,61560
212442,61560
230091,61560
208518,61560
211533,61560
128901,61560
208491,61560
211407,61560
203724,61560
183921,61560
212688,61560
225672,61560
242442,61560
203142,61560
211473,61560
206304,61560
206748,61560
162957,61560
203058,61560
231057,61560
207240,61560
183387,61560
163101,61560
213102,61560
221331,61560
227292,61560
206355,61560
231876,61560
210843,61560
208488,61560
72561,61560
208206,61560
157767,61560
205191,61560
229737,61560
233163,61560
195249,61560
203733,61560
77484,61560
207330,61560
72918,61560
203256,61560
158274,61560
203274,61560
193965,61560
199854,61560
207096,61560
68568,61560
197799,61560
206625,61560
184713,61560
228024,61560
222750,61560
187395,61560
186882,61560
202638,61560
215517,61560
205905,61560
181203,61560
200964,61560
206613,61560
204375,61560
242505,61560
222843,61560
211344,61560
198873,61560
194601,61560
206838,61560
206763,61560
223776,61560
208617,61560
208521,61560
206991,61560
228564,61560
128685,61560
212637,61560
154494,61560
192756,61560
65067,61560
162810,61560
197676,61560
205947,61560
206484,61560
217872,61560
206616,61560
183213,53048
193323,53048
210186,53048
242442,53048
207087,53048
204189,53048
183213,62616
187806,62616
217848,62616
71274,62616
188331,62616
203502,62616
207996,62616
217782,62616
178830,62616
183105,62616
191232,62616
186174,62616
205659,62616
72483,62616
196845,62616
210168,62616
62817,62616
193323,62616
71271,62616
207216,62616
187707,62616
232827,62616
176403,62616
212721,62616
206376,62616
212220,62616
208341,62616
211527,62616
232065,62616
206760,62616
157224,62616
206943,62616
182565,62616
206346,62616
128901,62616
164457,62616
157500,62616
212337,62616
206364,62616
206952,62616
229521,62616
163101,62616
213102,62616
72918,62616
153885,62616
200964,62616
244731,62616
217002,62616
183213,57522
71274,57522
232035,57522
197286,57522
196845,57522
25749,57522
71271,57522
206376,57522
211527,57522
249342,57522
183213,44644
212748,44644
186174,44644
183492,44644
128901,44644
231876,44644
203241,44644
183213,44664
186174,44664
194883,44664
206346,44664
183912,62376
184698,62376
194082,62376
205353,62376
230331,62376
236115,62376
186384,62376
220713,62376
231900,62376
232035,62376
60864,62376
165717,62376
175266,62376
234093,62376
64299,62376
183450,62376
203259,62376
59691,62376
188937,62376
206940,62376
225501,62376
153303,62376
154578,62376
194790,62376
197286,62376
220269,62376
72483,62376
163131,62376
196845,62376
203175,62376
206367,62376
206418,62376
210678,62376
206772,62376
237300,62376
155055,62376
183492,62376
188961,62376
238887,62376
62817,62376
193323,62376
203820,62376
160029,62376
207216,62376
162843,62376
187707,62376
234972,62376
185067,62376
241824,62376
192300,62376
204222,62376
204762,62376
211950,62376
225669,62376
203460,62376
203790,62376
219021,62376
66777,62376
232827,62376
242556,62376
204657,62376
241329,62376
187797,62376
210981,62376
129135,62376
217494,62376
129081,62376
239556,62376
197595,62376
201852,62376
176403,62376
202959,62376
71766,62376
228060,62376
207828,62376
203178,62376
192159,62376
225276,62376
225351,62376
225699,62376
208476,62376
206376,62376
207366,62376
217293,62376
163377,62376
235299,62376
243408,62376
188730,62376
198882,62376
220728,62376
203133,62376
203796,62376
167316,62376
208341,62376
208788,62376
72930,62376
203829,62376
166437,62376
184950,62376
232065,62376
154275,62376
188844,62376
96444,62376
61824,62376
166128,62376
197529,62376
154743,62376
206427,62376
157938,62376
201798,62376
212892,62376
128526,62376
206664,62376
157224,62376
161283,62376
192714,62376
203073,62376
212469,62376
182565,62376
206346,62376
154485,62376
206406,62376
172695,62376
205740,62376
242151,62376
190776,62376
154068,62376
165762,62376
230091,62376
220011,62376
232068,62376
211533,62376
203439,62376
128901,62376
206811,62376
238608,62376
212571,62376
242442,62376
246627,62376
251643,62376
246054,62376
237804,62376
162957,62376
243927,62376
203058,62376
222306,62376
207240,62376
208899,62376
246804,62376
157185,62376
163101,62376
213102,62376
221331,62376
187263,62376
206979,62376
236766,62376
244041,62376
206868,62376
66918,62376
229263,62376
157767,62376
195771,62376
203811,62376
231225,62376
231708,62376
208554,62376
77484,62376
234555,62376
206421,62376
207330,62376
72918,62376
200508,62376
195723,62376
225480,62376
158274,62376
158610,62376
209094,62376
184713,62376
158658,62376
222750,62376
186882,62376
178068,62376
205905,62376
153885,62376
56871,62376
220218,62376
64893,62376
209880,62376
65058,62376
240918,62376
223728,62376
166029,62376
209184,62376
208812,62376
198981,62376
224280,62376
203868,62376
229812,62376
244005,62376
246711,62376
188106,62376
198534,62376
154509,62376
198873,62376
246915,62376
243546,62376
203055,62376
181371,62376
210810,62376
218121,62376
184113,62376
184674,62376
204054,62376
205947,62376
66336,62376
243477,62376
246150,62376
214194,62376
253146,62376
187806,11490
236115,11490
71274,11490
217782,11490
212397,11490
183105,11490
191232,11490
61908,11490
186174,11490
225501,11490
194229,11490
220269,11490
72483,11490
183492,11490
210168,11490
193323,11490
203820,11490
71271,11490
242430,11490
72045,11490
201852,11490
176403,11490
187962,11490
208476,11490
163377,11490
198882,11490
212220,11490
232065,11490
198210,11490
194904,11490
225393,11490
236520,11490
206607,11490
211533,11490
249342,11490
205191,11490
203256,11490
166002,11490
95988,11490
244731,11490
199242,11490
216822,11490
248796,11490
211344,11490
203454,11490
204189,11490
249981,11490
64764,11490
253866,11490
217782,37644
71271,37644
176403,37644
206760,37644
206748,37644
215247,37644
187806,50268
188787,50268
203502,50268
234093,50268
60888,50268
191232,50268
186174,50268
205659,50268
203700,50268
210678,50268
237300,50268
183492,50268
62817,50268
193323,50268
187707,50268
234972,50268
59703,50268
66777,50268
232827,50268
194883,50268
89013,50268
176403,50268
213114,50268
212112,50268
235191,50268
198990,50268
198882,50268
212220,50268
208341,50268
206667,50268
208788,50268
72930,50268
203829,50268
232065,50268
228741,50268
223518,50268
216309,50268
166995,50268
182565,50268
206346,50268
2061063,50268
210234,50268
25743,50268
128901,50268
233163,50268
206421,50268
199854,50268
212640,50268
222225,50268
206076,50268
211761,50268
214968,50268
229812,50268
219132,50268
195894,50268
207345,50268
153792,50268
176403,52620
206952,52620
188787,62274
207222,62274
217848,62274
229527,62274
232410,62274
220713,62274
232035,62274
175266,62274
205959,62274
212550,62274
234093,62274
60888,62274
178230,62274
191232,62274
212211,62274
186174,62274
205659,62274
225501,62274
194790,62274
203700,62274
196845,62274
198573,62274
206418,62274
210678,62274
206772,62274
237300,62274
128502,62274
210168,62274
193323,62274
203820,62274
227988,62274
187707,62274
66777,62274
232455,62274
242556,62274
216498,62274
187797,62274
183489,62274
209622,62274
72045,62274
66378,62274
201852,62274
234021,62274
206955,62274
71766,62274
201564,62274
228060,62274
61692,62274
203178,62274
192159,62274
211965,62274
208476,62274
227973,62274
188730,62274
198882,62274
220728,62274
167316,62274
154011,62274
204780,62274
211527,62274
224145,62274
210834,62274
239592,62274
196722,62274
61824,62274
225393,62274
212301,62274
238293,62274
66843,62274
128526,62274
203889,62274
208893,62274
223554,62274
61344,62274
208524,62274
72312,62274
204411,62274
223518,62274
166995,62274
182565,62274
203268,62274
206346,62274
186438,62274
242151,62274
210234,62274
213513,62274
242856,62274
63582,62274
165762,62274
128901,62274
208491,62274
208503,62274
206364,62274
242232,62274
251253,62274
251643,62274
203142,62274
248013,62274
197802,62274
229521,62274
250947,62274
248373,62274
203058,62274
249216,62274
207087,62274
206979,62274
247983,62274
72117,62274
203145,62274
210843,62274
231144,62274
208758,62274
208488,62274
244680,62274
157767,62274
232656,62274
238032,62274
209073,62274
245631,62274
163482,62274
203256,62274
244878,62274
158274,62274
199854,62274
206823,62274
68568,62274
186882,62274
153885,62274
62811,62274
237840,62274
210615,62274
240990,62274
204375,62274
203166,62274
250020,62274
244731,62274
190152,62274
244005,62274
216822,62274
248796,62274
251442,62274
204717,62274
224211,62274
203454,62274
194601,62274
207267,62274
154035,62274
212637,62274
249981,62274
251967,62274
246618,62274
215247,62274
249081,62274
251631,62274
247002,62274
246858,62274
162810,62274
206484,62274
246150,62274
249411,62274
250749,62274
252396,62274
253683,62274
188787,63220
232410,63220
222906,63220
194229,63220
193323,63220
187797,63220
234021,63220
201564,63220
188730,63220
203796,63220
72930,63220
224145,63220
184950,63220
198210,63220
206427,63220
206346,63220
203316,63220
206406,63220
210234,63220
232068,63220
157500,63220
206952,63220
206748,63220
250947,63220
222306,63220
210843,63220
231144,63220
158274,63220
249981,63220
251967,63220
246858,63220
188787,62860
234018,62860
186174,62860
225501,62860
194229,62860
221115,62860
72045,62860
234021,62860
201564,62860
208476,62860
198210,62860
211524,62860
192564,62860
203295,62860
242151,62860
186933,62860
206364,62860
206637,62860
227292,62860
247983,62860
206928,62860
203145,62860
244680,62860
204375,62860
251625,62860
248796,62860
203151,62860
208473,62860
220302,62860
242412,62860
162810,62860
205947,62860
253683,62860
253647,62860
194082,62378
230286,62378
175266,62378
234093,62378
153303,62378
197286,62378
220269,62378
203175,62378
159831,62378
193323,62378
225669,62378
129081,62378
66378,62378
176403,62378
71766,62378
187962,62378
198882,62378
203796,62378
174468,62378
198210,62378
220170,62378
208209,62378
206760,62378
157224,62378
216309,62378
182565,62378
203295,62378
206346,62378
206406,62378
221526,62378
208500,62378
242442,62378
246627,62378
163101,62378
248178,62378
77484,62378
72918,62378
200508,62378
195723,62378
199854,62378
184713,62378
210897,62378
229812,62378
244731,62378
217002,62378
180195,62378
203454,62378
243789,62378
176403,53256
211965,53256
251643,53256
249216,53256
238572,53256
204189,53256
212445,53256
230286,63538
234093,63538
183105,63538
61908,63538
186174,63538
206940,63538
194229,63538
163131,63538
196845,63538
210678,63538
25749,63538
242388,63538
222669,63538
220728,63538
208788,63538
211527,63538
72930,63538
203829,63538
211524,63538
239217,63538
224526,63538
206943,63538
223518,63538
182565,63538
206346,63538
205662,63538
208491,63538
208485,63538
206364,63538
242232,63538
206952,63538
206928,63538
244680,63538
77484,63538
210882,63538
194601,63538
249981,63538
251619,63538
153792,63538
71274,45912
71271,45912
204189,45912
183195,44660
186174,44660
249342,44660
206607,50962
197286,55632
196845,55632
234021,55632
194424,55632
208341,55632
206361,55632
211527,55632
249342,55632
211344,55632
191232,56484
225501,56484
65631,56484
235191,56484
207828,56484
206376,56484
208788,56484
211524,56484
208506,56484
203316,56484
208536,56484
221331,56484
192942,56484
227670,56484
186174,44662
186174,44914
206607,44914
222669,53258
204189,53258
232455,10790
228948,10790
210393,48694
203733,48694
